2026-09-22 09:29:28 [INFO    ] sdr_monitor (logger.py:65): Logger initialized  ->  logs\sdr_monitor_20260922.log
2026-09-22 09:29:28 [DEBUG   ] sdr_monitor.signal_processor (signal_processor.py:85): SignalProcessor  fft=1024  window=hann  avg=3
2026-09-22 09:29:29 [INFO    ] sdr_monitor.db_manager (db_manager.py:29): Database initialized at: data/sdr_monitor.db
2026-09-22 09:29:29 [INFO    ] sdr_monitor.schedule_manager (schedule_manager.py:103): Successfully loaded 9442 schedule records from database/sked-a26.csv
2026-09-22 09:29:29 [INFO    ] sdr_monitor.audio_demodulator (audio_demodulator.py:56): AudioDemodulator init: [Native C++ DLL (AVX2/FMA)], target=48000 Hz, baseband=200000 Hz, chunk=50 ms
2026-09-22 09:29:30 [INFO    ] sdr_monitor.db_manager (db_manager.py:132): Session created: 0A8B8A05 [simulation]
2026-09-22 09:29:30 [INFO    ] sdr_monitor.web_backend (main.py:260): Web-SDR Application Started. Session: 0A8B8A05
2026-09-22 09:29:30 [INFO    ] sdr_monitor.web_backend (main.py:261): SDR++ audio bridge started on UDP 127.0.0.1:7355
2026-09-22 09:29:32 [INFO    ] sdr_monitor.sdr_engine (sdr_engine.py:224): HackRF One detected and configured.
2026-09-22 09:29:32 [INFO    ] sdr_monitor.sdr_engine (sdr_engine.py:465): SDREngine initialized in hardware mode.
2026-09-22 09:29:32 [INFO    ] sdr_monitor.db_manager (db_manager.py:132): Session created: FBAEE22C [hardware]
2026-09-22 09:29:32 [INFO    ] sdr_monitor.web_backend (main.py:234): SDR started in [HARDWARE] mode. Session: FBAEE22C
2026-09-22 09:29:32 [INFO    ] sdr_monitor.web_backend (main.py:265): Web-SDR Application Started. Session: FBAEE22C
2026-09-22 09:29:32 [ERROR   ] sdr_monitor.web_backend (main.py:216): Detection flush error: Detection.__init__() missing 1 required positional argument: 'id'
2026-09-22 09:29:33 [ERROR   ] sdr_monitor.web_backend (main.py:216): Detection flush error: Detection.__init__() missing 1 required positional argument: 'id'
2026-09-22 09:29:33 [ERROR   ] sdr_monitor.web_backend (main.py:216): Detection flush error: Detection.__init__() missing 1 required positional argument: 'id'
2026-09-22 09:29:34 [ERROR   ] sdr_monitor.web_backend (main.py:216): Detection flush error: Detection.__init__() missing 1 required positional argument: 'id'
2026-09-22 09:29:35 [ERROR   ] sdr_monitor.web_backend (main.py:216): Detection flush error: Detection.__init__() missing 1 required positional argument: 'id'
2026-09-22 09:29:35 [ERROR   ] sdr_monitor.web_backend (main.py:216): Detection flush error: Detection.__init__() missing 1 required positional argument: 'id'
2026-09-22 09:29:36 [ERROR   ] sdr_monitor.web_backend (main.py:216): Detection flush error: Detection.__init__() missing 1 required positional argument: 'id'
2026-09-22 09:29:36 [ERROR   ] sdr_monitor.web_backend (main.py:216): Detection flush error: Detection.__init__() missing 1 required positional argument: 'id'
2026-09-22 09:29:37 [ERROR   ] sdr_monitor.web_backend (main.py:216): Detection flush error: Detection.__init__() missing 1 required positional argument: 'id'
2026-09-22 09:29:37 [ERROR   ] sdr_monitor.web_backend (main.py:216): Detection flush error: Detection.__init__() missing 1 required positional argument: 'id'
2026-09-22 09:29:38 [ERROR   ] sdr_monitor.web_backend (main.py:216): Detection flush error: Detection.__init__() missing 1 required positional argument: 'id'
2026-09-22 09:29:38 [ERROR   ] sdr_monitor.web_backend (main.py:216): Detection flush error: Detection.__init__() missing 1 required positional argument: 'id'
2026-09-22 09:29:39 [ERROR   ] sdr_monitor.web_backend (main.py:216): Detection flush error: Detection.__init__() missing 1 required positional argument: 'id'
2026-09-22 09:29:39 [ERROR   ] sdr_monitor.web_backend (main.py:216): Detection flush error: Detection.__init__() missing 1 required positional argument: 'id'
2026-09-22 09:29:40 [ERROR   ] sdr_monitor.web_backend (main.py:216): Detection flush error: Detection.__init__() missing 1 required positional argument: 'id'
2026-09-22 09:29:40 [ERROR   ] sdr_monitor.web_backend (main.py:216): Detection flush error: Detection.__init__() missing 1 required positional argument: 'id'
2026-09-22 09:29:41 [ERROR   ] sdr_monitor.web_backend (main.py:216): Detection flush error: Detection.__init__() missing 1 required positional argument: 'id'
2026-09-22 09:29:41 [ERROR   ] sdr_monitor.web_backend (main.py:216): Detection flush error: Detection.__init__() missing 1 required positional argument: 'id'
2026-09-22 09:29:42 [ERROR   ] sdr_monitor.web_backend (main.py:216): Detection flush error: Detection.__init__() missing 1 required positional argument: 'id'
2026-09-22 09:29:42 [ERROR   ] sdr_monitor.web_backend (main.py:216): Detection flush error: Detection.__init__() missing 1 required positional argument: 'id'
2026-09-22 09:29:43 [ERROR   ] sdr_monitor.web_backend (main.py:216): Detection flush error: Detection.__init__() missing 1 required positional argument: 'id'
2026-09-22 09:29:43 [ERROR   ] sdr_monitor.web_backend (main.py:216): Detection flush error: Detection.__init__() missing 1 required positional argument: 'id'
2026-09-22 09:29:44 [ERROR   ] sdr_monitor.web_backend (main.py:216): Detection flush error: Detection.__init__() missing 1 required positional argument: 'id'
2026-09-22 09:29:44 [ERROR   ] sdr_monitor.web_backend (main.py:216): Detection flush error: Detection.__init__() missing 1 required positional argument: 'id'
2026-09-22 09:29:45 [ERROR   ] sdr_monitor.web_backend (main.py:216): Detection flush error: Detection.__init__() missing 1 required positional argument: 'id'
2026-09-22 09:29:45 [ERROR   ] sdr_monitor.web_backend (main.py:216): Detection flush error: Detection.__init__() missing 1 required positional argument: 'id'
2026-09-22 09:29:46 [ERROR   ] sdr_monitor.web_backend (main.py:216): Detection flush error: Detection.__init__() missing 1 required positional argument: 'id'
2026-09-22 09:29:46 [ERROR   ] sdr_monitor.web_backend (main.py:216): Detection flush error: Detection.__init__() missing 1 required positional argument: 'id'
2026-09-22 09:29:47 [ERROR   ] sdr_monitor.web_backend (main.py:216): Detection flush error: Detection.__init__() missing 1 required positional argument: 'id'
2026-09-22 09:29:47 [ERROR   ] sdr_monitor.web_backend (main.py:216): Detection flush error: Detection.__init__() missing 1 required positional argument: 'id'
2026-09-22 09:29:48 [ERROR   ] sdr_monitor.web_backend (main.py:216): Detection flush error: Detection.__init__() missing 1 required positional argument: 'id'
2026-09-22 09:29:48 [ERROR   ] sdr_monitor.web_backend (main.py:216): Detection flush error: Detection.__init__() missing 1 required positional argument: 'id'
2026-09-22 09:29:49 [ERROR   ] sdr_monitor.web_backend (main.py:216): Detection flush error: Detection.__init__() missing 1 required positional argument: 'id'
2026-09-22 09:29:49 [ERROR   ] sdr_monitor.web_backend (main.py:216): Detection flush error: Detection.__init__() missing 1 required positional argument: 'id'
2026-09-22 09:29:50 [ERROR   ] sdr_monitor.web_backend (main.py:216): Detection flush error: Detection.__init__() missing 1 required positional argument: 'id'
2026-09-22 09:29:51 [ERROR   ] sdr_monitor.web_backend (main.py:216): Detection flush error: Detection.__init__() missing 1 required positional argument: 'id'
2026-09-22 09:29:51 [ERROR   ] sdr_monitor.web_backend (main.py:216): Detection flush error: Detection.__init__() missing 1 required positional argument: 'id'
2026-09-22 09:29:52 [ERROR   ] sdr_monitor.web_backend (main.py:216): Detection flush error: Detection.__init__() missing 1 required positional argument: 'id'
2026-09-22 09:29:53 [ERROR   ] sdr_monitor.web_backend (main.py:216): Detection flush error: Detection.__init__() missing 1 required positional argument: 'id'
2026-09-22 09:29:53 [ERROR   ] sdr_monitor.web_backend (main.py:216): Detection flush error: Detection.__init__() missing 1 required positional argument: 'id'
2026-09-22 09:29:54 [ERROR   ] sdr_monitor.web_backend (main.py:216): Detection flush error: Detection.__init__() missing 1 required positional argument: 'id'
2026-09-22 09:29:54 [ERROR   ] sdr_monitor.web_backend (main.py:216): Detection flush error: Detection.__init__() missing 1 required positional argument: 'id'
2026-09-22 09:29:55 [ERROR   ] sdr_monitor.web_backend (main.py:216): Detection flush error: Detection.__init__() missing 1 required positional argument: 'id'
2026-09-22 09:29:55 [ERROR   ] sdr_monitor.web_backend (main.py:216): Detection flush error: Detection.__init__() missing 1 required positional argument: 'id'
2026-09-22 09:29:56 [ERROR   ] sdr_monitor.web_backend (main.py:216): Detection flush error: Detection.__init__() missing 1 required positional argument: 'id'
2026-09-22 09:29:56 [ERROR   ] sdr_monitor.web_backend (main.py:216): Detection flush error: Detection.__init__() missing 1 required positional argument: 'id'
2026-09-22 09:29:57 [ERROR   ] sdr_monitor.web_backend (main.py:216): Detection flush error: Detection.__init__() missing 1 required positional argument: 'id'
2026-09-22 09:29:57 [ERROR   ] sdr_monitor.web_backend (main.py:216): Detection flush error: Detection.__init__() missing 1 required positional argument: 'id'
2026-09-22 09:29:58 [ERROR   ] sdr_monitor.web_backend (main.py:216): Detection flush error: Detection.__init__() missing 1 required positional argument: 'id'
2026-09-22 09:29:58 [ERROR   ] sdr_monitor.web_backend (main.py:216): Detection flush error: Detection.__init__() missing 1 required positional argument: 'id'
2026-09-22 09:29:59 [ERROR   ] sdr_monitor.web_backend (main.py:216): Detection flush error: Detection.__init__() missing 1 required positional argument: 'id'
2026-09-22 09:29:59 [ERROR   ] sdr_monitor.web_backend (main.py:216): Detection flush error: Detection.__init__() missing 1 required positional argument: 'id'
2026-09-22 09:30:00 [ERROR   ] sdr_monitor.web_backend (main.py:216): Detection flush error: Detection.__init__() missing 1 required positional argument: 'id'
2026-09-22 09:30:00 [ERROR   ] sdr_monitor.web_backend (main.py:216): Detection flush error: Detection.__init__() missing 1 required positional argument: 'id'
2026-09-22 09:30:01 [ERROR   ] sdr_monitor.web_backend (main.py:216): Detection flush error: Detection.__init__() missing 1 required positional argument: 'id'
2026-09-22 09:30:01 [ERROR   ] sdr_monitor.web_backend (main.py:216): Detection flush error: Detection.__init__() missing 1 required positional argument: 'id'
2026-09-22 09:30:02 [ERROR   ] sdr_monitor.web_backend (main.py:216): Detection flush error: Detection.__init__() missing 1 required positional argument: 'id'
2026-09-22 09:30:03 [ERROR   ] sdr_monitor.web_backend (main.py:216): Detection flush error: Detection.__init__() missing 1 required positional argument: 'id'
2026-09-22 09:30:03 [ERROR   ] sdr_monitor.web_backend (main.py:216): Detection flush error: Detection.__init__() missing 1 required positional argument: 'id'
2026-09-22 09:30:04 [ERROR   ] sdr_monitor.web_backend (main.py:216): Detection flush error: Detection.__init__() missing 1 required positional argument: 'id'
2026-09-22 09:30:04 [ERROR   ] sdr_monitor.web_backend (main.py:216): Detection flush error: Detection.__init__() missing 1 required positional argument: 'id'
2026-09-22 09:30:05 [ERROR   ] sdr_monitor.web_backend (main.py:216): Detection flush error: Detection.__init__() missing 1 required positional argument: 'id'
2026-09-22 09:30:05 [ERROR   ] sdr_monitor.web_backend (main.py:216): Detection flush error: Detection.__init__() missing 1 required positional argument: 'id'
2026-09-22 09:30:06 [ERROR   ] sdr_monitor.web_backend (main.py:216): Detection flush error: Detection.__init__() missing 1 required positional argument: 'id'
2026-09-22 09:30:06 [ERROR   ] sdr_monitor.web_backend (main.py:216): Detection flush error: Detection.__init__() missing 1 required positional argument: 'id'
2026-09-22 09:30:07 [ERROR   ] sdr_monitor.web_backend (main.py:216): Detection flush error: Detection.__init__() missing 1 required positional argument: 'id'
2026-09-22 09:30:07 [ERROR   ] sdr_monitor.web_backend (main.py:216): Detection flush error: Detection.__init__() missing 1 required positional argument: 'id'
2026-09-22 09:30:08 [ERROR   ] sdr_monitor.web_backend (main.py:216): Detection flush error: Detection.__init__() missing 1 required positional argument: 'id'
2026-09-22 09:30:08 [ERROR   ] sdr_monitor.web_backend (main.py:216): Detection flush error: Detection.__init__() missing 1 required positional argument: 'id'
2026-09-22 09:30:09 [ERROR   ] sdr_monitor.web_backend (main.py:216): Detection flush error: Detection.__init__() missing 1 required positional argument: 'id'
2026-09-22 09:30:09 [ERROR   ] sdr_monitor.web_backend (main.py:216): Detection flush error: Detection.__init__() missing 1 required positional argument: 'id'
2026-09-22 09:30:10 [ERROR   ] sdr_monitor.web_backend (main.py:216): Detection flush error: Detection.__init__() missing 1 required positional argument: 'id'
2026-09-22 09:30:10 [ERROR   ] sdr_monitor.web_backend (main.py:216): Detection flush error: Detection.__init__() missing 1 required positional argument: 'id'
2026-09-22 09:30:11 [ERROR   ] sdr_monitor.web_backend (main.py:216): Detection flush error: Detection.__init__() missing 1 required positional argument: 'id'
2026-09-22 09:30:11 [ERROR   ] sdr_monitor.web_backend (main.py:216): Detection flush error: Detection.__init__() missing 1 required positional argument: 'id'
2026-09-22 09:30:12 [ERROR   ] sdr_monitor.web_backend (main.py:216): Detection flush error: Detection.__init__() missing 1 required positional argument: 'id'
2026-09-22 09:30:12 [ERROR   ] sdr_monitor.web_backend (main.py:216): Detection flush error: Detection.__init__() missing 1 required positional argument: 'id'
2026-09-22 09:30:13 [ERROR   ] sdr_monitor.web_backend (main.py:216): Detection flush error: Detection.__init__() missing 1 required positional argument: 'id'
2026-09-22 09:30:13 [ERROR   ] sdr_monitor.web_backend (main.py:216): Detection flush error: Detection.__init__() missing 1 required positional argument: 'id'
2026-09-22 09:30:14 [ERROR   ] sdr_monitor.web_backend (main.py:216): Detection flush error: Detection.__init__() missing 1 required positional argument: 'id'
2026-09-22 09:30:14 [ERROR   ] sdr_monitor.web_backend (main.py:216): Detection flush error: Detection.__init__() missing 1 required positional argument: 'id'
2026-09-22 09:30:15 [ERROR   ] sdr_monitor.web_backend (main.py:216): Detection flush error: Detection.__init__() missing 1 required positional argument: 'id'
2026-09-22 09:30:15 [ERROR   ] sdr_monitor.web_backend (main.py:216): Detection flush error: Detection.__init__() missing 1 required positional argument: 'id'
2026-09-22 09:30:16 [ERROR   ] sdr_monitor.web_backend (main.py:216): Detection flush error: Detection.__init__() missing 1 required positional argument: 'id'
2026-09-22 09:30:16 [ERROR   ] sdr_monitor.web_backend (main.py:216): Detection flush error: Detection.__init__() missing 1 required positional argument: 'id'
2026-09-22 09:30:17 [ERROR   ] sdr_monitor.web_backend (main.py:216): Detection flush error: Detection.__init__() missing 1 required positional argument: 'id'
2026-09-22 09:30:17 [ERROR   ] sdr_monitor.web_backend (main.py:216): Detection flush error: Detection.__init__() missing 1 required positional argument: 'id'
2026-09-22 09:30:18 [ERROR   ] sdr_monitor.web_backend (main.py:216): Detection flush error: Detection.__init__() missing 1 required positional argument: 'id'
2026-09-22 09:30:18 [ERROR   ] sdr_monitor.web_backend (main.py:216): Detection flush error: Detection.__init__() missing 1 required positional argument: 'id'
2026-09-22 09:30:19 [ERROR   ] sdr_monitor.web_backend (main.py:216): Detection flush error: Detection.__init__() missing 1 required positional argument: 'id'
2026-09-22 09:30:19 [ERROR   ] sdr_monitor.web_backend (main.py:216): Detection flush error: Detection.__init__() missing 1 required positional argument: 'id'
2026-09-22 09:30:20 [ERROR   ] sdr_monitor.web_backend (main.py:216): Detection flush error: Detection.__init__() missing 1 required positional argument: 'id'
2026-09-22 09:30:20 [ERROR   ] sdr_monitor.web_backend (main.py:216): Detection flush error: Detection.__init__() missing 1 required positional argument: 'id'
2026-09-22 09:30:21 [ERROR   ] sdr_monitor.web_backend (main.py:216): Detection flush error: Detection.__init__() missing 1 required positional argument: 'id'
2026-09-22 09:30:21 [ERROR   ] sdr_monitor.web_backend (main.py:216): Detection flush error: Detection.__init__() missing 1 required positional argument: 'id'
2026-09-22 09:30:22 [ERROR   ] sdr_monitor.web_backend (main.py:216): Detection flush error: Detection.__init__() missing 1 required positional argument: 'id'
2026-09-22 09:30:22 [ERROR   ] sdr_monitor.web_backend (main.py:216): Detection flush error: Detection.__init__() missing 1 required positional argument: 'id'
2026-09-22 09:30:23 [ERROR   ] sdr_monitor.web_backend (main.py:216): Detection flush error: Detection.__init__() missing 1 required positional argument: 'id'
2026-09-22 09:30:23 [ERROR   ] sdr_monitor.web_backend (main.py:216): Detection flush error: Detection.__init__() missing 1 required positional argument: 'id'
2026-09-22 09:30:24 [ERROR   ] sdr_monitor.web_backend (main.py:216): Detection flush error: Detection.__init__() missing 1 required positional argument: 'id'
2026-09-22 09:30:25 [ERROR   ] sdr_monitor.web_backend (main.py:216): Detection flush error: Detection.__init__() missing 1 required positional argument: 'id'
2026-09-22 09:30:25 [ERROR   ] sdr_monitor.web_backend (main.py:216): Detection flush error: Detection.__init__() missing 1 required positional argument: 'id'
2026-09-22 09:30:26 [ERROR   ] sdr_monitor.web_backend (main.py:216): Detection flush error: Detection.__init__() missing 1 required positional argument: 'id'
2026-09-22 09:30:26 [ERROR   ] sdr_monitor.web_backend (main.py:216): Detection flush error: Detection.__init__() missing 1 required positional argument: 'id'
2026-09-22 09:30:27 [ERROR   ] sdr_monitor.web_backend (main.py:216): Detection flush error: Detection.__init__() missing 1 required positional argument: 'id'
2026-09-22 09:30:27 [ERROR   ] sdr_monitor.web_backend (main.py:216): Detection flush error: Detection.__init__() missing 1 required positional argument: 'id'
2026-09-22 09:30:28 [ERROR   ] sdr_monitor.web_backend (main.py:216): Detection flush error: Detection.__init__() missing 1 required positional argument: 'id'
2026-09-22 09:30:28 [ERROR   ] sdr_monitor.web_backend (main.py:216): Detection flush error: Detection.__init__() missing 1 required positional argument: 'id'
2026-09-22 09:30:29 [ERROR   ] sdr_monitor.web_backend (main.py:216): Detection flush error: Detection.__init__() missing 1 required positional argument: 'id'
2026-09-22 09:30:29 [ERROR   ] sdr_monitor.web_backend (main.py:216): Detection flush error: Detection.__init__() missing 1 required positional argument: 'id'
2026-09-22 09:30:30 [ERROR   ] sdr_monitor.web_backend (main.py:216): Detection flush error: Detection.__init__() missing 1 required positional argument: 'id'
2026-09-22 09:30:30 [ERROR   ] sdr_monitor.web_backend (main.py:216): Detection flush error: Detection.__init__() missing 1 required positional argument: 'id'
2026-09-22 09:30:31 [ERROR   ] sdr_monitor.web_backend (main.py:216): Detection flush error: Detection.__init__() missing 1 required positional argument: 'id'
2026-09-22 09:30:31 [ERROR   ] sdr_monitor.web_backend (main.py:216): Detection flush error: Detection.__init__() missing 1 required positional argument: 'id'
2026-09-22 09:30:32 [ERROR   ] sdr_monitor.web_backend (main.py:216): Detection flush error: Detection.__init__() missing 1 required positional argument: 'id'
2026-09-22 09:30:32 [ERROR   ] sdr_monitor.web_backend (main.py:216): Detection flush error: Detection.__init__() missing 1 required positional argument: 'id'
2026-09-22 09:30:33 [ERROR   ] sdr_monitor.web_backend (main.py:216): Detection flush error: Detection.__init__() missing 1 required positional argument: 'id'
2026-09-22 09:30:33 [ERROR   ] sdr_monitor.web_backend (main.py:216): Detection flush error: Detection.__init__() missing 1 required positional argument: 'id'
2026-09-22 09:30:34 [ERROR   ] sdr_monitor.web_backend (main.py:216): Detection flush error: Detection.__init__() missing 1 required positional argument: 'id'
2026-09-22 09:30:34 [ERROR   ] sdr_monitor.web_backend (main.py:216): Detection flush error: Detection.__init__() missing 1 required positional argument: 'id'
2026-09-22 09:30:35 [ERROR   ] sdr_monitor.web_backend (main.py:216): Detection flush error: Detection.__init__() missing 1 required positional argument: 'id'
2026-09-22 09:30:35 [ERROR   ] sdr_monitor.web_backend (main.py:216): Detection flush error: Detection.__init__() missing 1 required positional argument: 'id'
2026-09-22 09:30:36 [ERROR   ] sdr_monitor.web_backend (main.py:216): Detection flush error: Detection.__init__() missing 1 required positional argument: 'id'
2026-09-22 09:30:36 [ERROR   ] sdr_monitor.web_backend (main.py:216): Detection flush error: Detection.__init__() missing 1 required positional argument: 'id'
2026-09-22 09:30:37 [ERROR   ] sdr_monitor.web_backend (main.py:216): Detection flush error: Detection.__init__() missing 1 required positional argument: 'id'
2026-09-22 09:30:37 [ERROR   ] sdr_monitor.web_backend (main.py:216): Detection flush error: Detection.__init__() missing 1 required positional argument: 'id'
2026-09-22 09:30:38 [ERROR   ] sdr_monitor.web_backend (main.py:216): Detection flush error: Detection.__init__() missing 1 required positional argument: 'id'
2026-09-22 09:30:38 [ERROR   ] sdr_monitor.web_backend (main.py:216): Detection flush error: Detection.__init__() missing 1 required positional argument: 'id'
2026-09-22 09:30:39 [ERROR   ] sdr_monitor.web_backend (main.py:216): Detection flush error: Detection.__init__() missing 1 required positional argument: 'id'
2026-09-22 09:30:39 [ERROR   ] sdr_monitor.web_backend (main.py:216): Detection flush error: Detection.__init__() missing 1 required positional argument: 'id'
2026-09-22 09:30:40 [ERROR   ] sdr_monitor.web_backend (main.py:216): Detection flush error: Detection.__init__() missing 1 required positional argument: 'id'
2026-09-22 09:30:40 [ERROR   ] sdr_monitor.web_backend (main.py:216): Detection flush error: Detection.__init__() missing 1 required positional argument: 'id'
2026-09-22 09:30:41 [ERROR   ] sdr_monitor.web_backend (main.py:216): Detection flush error: Detection.__init__() missing 1 required positional argument: 'id'
2026-09-22 09:30:41 [ERROR   ] sdr_monitor.web_backend (main.py:216): Detection flush error: Detection.__init__() missing 1 required positional argument: 'id'
2026-09-22 09:30:42 [ERROR   ] sdr_monitor.web_backend (main.py:216): Detection flush error: Detection.__init__() missing 1 required positional argument: 'id'
2026-09-22 09:30:42 [ERROR   ] sdr_monitor.web_backend (main.py:216): Detection flush error: Detection.__init__() missing 1 required positional argument: 'id'
2026-09-22 09:30:43 [ERROR   ] sdr_monitor.web_backend (main.py:216): Detection flush error: Detection.__init__() missing 1 required positional argument: 'id'
2026-09-22 09:30:43 [ERROR   ] sdr_monitor.web_backend (main.py:216): Detection flush error: Detection.__init__() missing 1 required positional argument: 'id'
2026-09-22 09:30:44 [ERROR   ] sdr_monitor.web_backend (main.py:216): Detection flush error: Detection.__init__() missing 1 required positional argument: 'id'
2026-09-22 09:30:44 [ERROR   ] sdr_monitor.web_backend (main.py:216): Detection flush error: Detection.__init__() missing 1 required positional argument: 'id'
2026-09-22 09:30:45 [ERROR   ] sdr_monitor.web_backend (main.py:216): Detection flush error: Detection.__init__() missing 1 required positional argument: 'id'
2026-09-22 09:30:46 [ERROR   ] sdr_monitor.web_backend (main.py:216): Detection flush error: Detection.__init__() missing 1 required positional argument: 'id'
2026-09-22 09:30:46 [ERROR   ] sdr_monitor.web_backend (main.py:216): Detection flush error: Detection.__init__() missing 1 required positional argument: 'id'
2026-09-22 09:30:47 [ERROR   ] sdr_monitor.web_backend (main.py:216): Detection flush error: Detection.__init__() missing 1 required positional argument: 'id'
2026-09-22 09:30:47 [ERROR   ] sdr_monitor.web_backend (main.py:216): Detection flush error: Detection.__init__() missing 1 required positional argument: 'id'
2026-09-22 09:30:48 [ERROR   ] sdr_monitor.web_backend (main.py:216): Detection flush error: Detection.__init__() missing 1 required positional argument: 'id'
2026-09-22 09:30:48 [ERROR   ] sdr_monitor.web_backend (main.py:216): Detection flush error: Detection.__init__() missing 1 required positional argument: 'id'
2026-09-22 09:30:49 [ERROR   ] sdr_monitor.web_backend (main.py:216): Detection flush error: Detection.__init__() missing 1 required positional argument: 'id'
2026-09-22 09:30:49 [ERROR   ] sdr_monitor.web_backend (main.py:216): Detection flush error: Detection.__init__() missing 1 required positional argument: 'id'
2026-09-22 09:30:50 [ERROR   ] sdr_monitor.web_backend (main.py:216): Detection flush error: Detection.__init__() missing 1 required positional argument: 'id'
2026-09-22 09:30:50 [ERROR   ] sdr_monitor.web_backend (main.py:216): Detection flush error: Detection.__init__() missing 1 required positional argument: 'id'
2026-09-22 09:30:51 [ERROR   ] sdr_monitor.web_backend (main.py:216): Detection flush error: Detection.__init__() missing 1 required positional argument: 'id'
2026-09-22 09:30:51 [ERROR   ] sdr_monitor.web_backend (main.py:216): Detection flush error: Detection.__init__() missing 1 required positional argument: 'id'
2026-09-22 09:30:52 [ERROR   ] sdr_monitor.web_backend (main.py:216): Detection flush error: Detection.__init__() missing 1 required positional argument: 'id'
2026-09-22 09:30:52 [ERROR   ] sdr_monitor.web_backend (main.py:216): Detection flush error: Detection.__init__() missing 1 required positional argument: 'id'
2026-09-22 09:30:53 [ERROR   ] sdr_monitor.web_backend (main.py:216): Detection flush error: Detection.__init__() missing 1 required positional argument: 'id'
2026-09-22 09:30:53 [ERROR   ] sdr_monitor.web_backend (main.py:216): Detection flush error: Detection.__init__() missing 1 required positional argument: 'id'
2026-09-22 09:30:54 [ERROR   ] sdr_monitor.web_backend (main.py:216): Detection flush error: Detection.__init__() missing 1 required positional argument: 'id'
2026-09-22 09:30:54 [ERROR   ] sdr_monitor.web_backend (main.py:216): Detection flush error: Detection.__init__() missing 1 required positional argument: 'id'
2026-09-22 09:30:55 [ERROR   ] sdr_monitor.web_backend (main.py:216): Detection flush error: Detection.__init__() missing 1 required positional argument: 'id'
2026-09-22 09:30:55 [ERROR   ] sdr_monitor.web_backend (main.py:216): Detection flush error: Detection.__init__() missing 1 required positional argument: 'id'
2026-09-22 09:30:56 [ERROR   ] sdr_monitor.web_backend (main.py:216): Detection flush error: Detection.__init__() missing 1 required positional argument: 'id'
2026-09-22 09:30:56 [ERROR   ] sdr_monitor.web_backend (main.py:216): Detection flush error: Detection.__init__() missing 1 required positional argument: 'id'
2026-09-22 09:30:57 [ERROR   ] sdr_monitor.web_backend (main.py:216): Detection flush error: Detection.__init__() missing 1 required positional argument: 'id'
2026-09-22 09:30:57 [ERROR   ] sdr_monitor.web_backend (main.py:216): Detection flush error: Detection.__init__() missing 1 required positional argument: 'id'
2026-09-22 09:30:58 [ERROR   ] sdr_monitor.web_backend (main.py:216): Detection flush error: Detection.__init__() missing 1 required positional argument: 'id'
2026-09-22 09:30:58 [ERROR   ] sdr_monitor.web_backend (main.py:216): Detection flush error: Detection.__init__() missing 1 required positional argument: 'id'
2026-09-22 09:30:59 [ERROR   ] sdr_monitor.web_backend (main.py:216): Detection flush error: Detection.__init__() missing 1 required positional argument: 'id'
2026-09-22 09:30:59 [ERROR   ] sdr_monitor.web_backend (main.py:216): Detection flush error: Detection.__init__() missing 1 required positional argument: 'id'
2026-09-22 09:31:00 [ERROR   ] sdr_monitor.web_backend (main.py:216): Detection flush error: Detection.__init__() missing 1 required positional argument: 'id'
2026-09-22 09:31:00 [ERROR   ] sdr_monitor.web_backend (main.py:216): Detection flush error: Detection.__init__() missing 1 required positional argument: 'id'
2026-09-22 09:31:01 [ERROR   ] sdr_monitor.web_backend (main.py:216): Detection flush error: Detection.__init__() missing 1 required positional argument: 'id'
2026-09-22 09:31:01 [ERROR   ] sdr_monitor.web_backend (main.py:216): Detection flush error: Detection.__init__() missing 1 required positional argument: 'id'
2026-09-22 09:31:02 [ERROR   ] sdr_monitor.web_backend (main.py:216): Detection flush error: Detection.__init__() missing 1 required positional argument: 'id'
2026-09-22 09:31:03 [ERROR   ] sdr_monitor.web_backend (main.py:216): Detection flush error: Detection.__init__() missing 1 required positional argument: 'id'
2026-09-22 09:31:03 [ERROR   ] sdr_monitor.web_backend (main.py:216): Detection flush error: Detection.__init__() missing 1 required positional argument: 'id'
2026-09-22 09:31:04 [ERROR   ] sdr_monitor.web_backend (main.py:216): Detection flush error: Detection.__init__() missing 1 required positional argument: 'id'
2026-09-22 09:31:04 [ERROR   ] sdr_monitor.web_backend (main.py:216): Detection flush error: Detection.__init__() missing 1 required positional argument: 'id'
2026-09-22 09:31:05 [ERROR   ] sdr_monitor.web_backend (main.py:216): Detection flush error: Detection.__init__() missing 1 required positional argument: 'id'
2026-09-22 09:31:05 [ERROR   ] sdr_monitor.web_backend (main.py:216): Detection flush error: Detection.__init__() missing 1 required positional argument: 'id'
2026-09-22 09:31:06 [ERROR   ] sdr_monitor.web_backend (main.py:216): Detection flush error: Detection.__init__() missing 1 required positional argument: 'id'
2026-09-22 09:31:06 [ERROR   ] sdr_monitor.web_backend (main.py:216): Detection flush error: Detection.__init__() missing 1 required positional argument: 'id'
2026-09-22 09:31:07 [ERROR   ] sdr_monitor.web_backend (main.py:216): Detection flush error: Detection.__init__() missing 1 required positional argument: 'id'
2026-09-22 09:31:07 [ERROR   ] sdr_monitor.web_backend (main.py:216): Detection flush error: Detection.__init__() missing 1 required positional argument: 'id'
2026-09-22 09:31:08 [ERROR   ] sdr_monitor.web_backend (main.py:216): Detection flush error: Detection.__init__() missing 1 required positional argument: 'id'
2026-09-22 09:31:08 [ERROR   ] sdr_monitor.web_backend (main.py:216): Detection flush error: Detection.__init__() missing 1 required positional argument: 'id'
2026-09-22 09:31:09 [ERROR   ] sdr_monitor.web_backend (main.py:216): Detection flush error: Detection.__init__() missing 1 required positional argument: 'id'
2026-09-22 09:31:09 [ERROR   ] sdr_monitor.web_backend (main.py:216): Detection flush error: Detection.__init__() missing 1 required positional argument: 'id'
2026-09-22 09:31:10 [ERROR   ] sdr_monitor.web_backend (main.py:216): Detection flush error: Detection.__init__() missing 1 required positional argument: 'id'
2026-09-22 09:31:10 [ERROR   ] sdr_monitor.web_backend (main.py:216): Detection flush error: Detection.__init__() missing 1 required positional argument: 'id'
2026-09-22 09:31:11 [ERROR   ] sdr_monitor.web_backend (main.py:216): Detection flush error: Detection.__init__() missing 1 required positional argument: 'id'
2026-09-22 09:31:11 [ERROR   ] sdr_monitor.web_backend (main.py:216): Detection flush error: Detection.__init__() missing 1 required positional argument: 'id'
2026-09-22 09:31:12 [ERROR   ] sdr_monitor.web_backend (main.py:216): Detection flush error: Detection.__init__() missing 1 required positional argument: 'id'
2026-09-22 09:31:12 [ERROR   ] sdr_monitor.web_backend (main.py:216): Detection flush error: Detection.__init__() missing 1 required positional argument: 'id'
2026-09-22 09:31:13 [ERROR   ] sdr_monitor.web_backend (main.py:216): Detection flush error: Detection.__init__() missing 1 required positional argument: 'id'
2026-09-22 09:31:13 [ERROR   ] sdr_monitor.web_backend (main.py:216): Detection flush error: Detection.__init__() missing 1 required positional argument: 'id'
2026-09-22 09:31:14 [ERROR   ] sdr_monitor.web_backend (main.py:216): Detection flush error: Detection.__init__() missing 1 required positional argument: 'id'
2026-09-22 09:31:15 [ERROR   ] sdr_monitor.web_backend (main.py:216): Detection flush error: Detection.__init__() missing 1 required positional argument: 'id'
2026-09-22 09:31:15 [ERROR   ] sdr_monitor.web_backend (main.py:216): Detection flush error: Detection.__init__() missing 1 required positional argument: 'id'
2026-09-22 09:31:16 [ERROR   ] sdr_monitor.web_backend (main.py:216): Detection flush error: Detection.__init__() missing 1 required positional argument: 'id'
2026-09-22 09:31:16 [ERROR   ] sdr_monitor.web_backend (main.py:216): Detection flush error: Detection.__init__() missing 1 required positional argument: 'id'
2026-09-22 09:31:17 [ERROR   ] sdr_monitor.web_backend (main.py:216): Detection flush error: Detection.__init__() missing 1 required positional argument: 'id'
2026-09-22 09:31:17 [ERROR   ] sdr_monitor.web_backend (main.py:216): Detection flush error: Detection.__init__() missing 1 required positional argument: 'id'
2026-09-22 09:31:18 [ERROR   ] sdr_monitor.web_backend (main.py:216): Detection flush error: Detection.__init__() missing 1 required positional argument: 'id'
2026-09-22 09:31:18 [ERROR   ] sdr_monitor.web_backend (main.py:216): Detection flush error: Detection.__init__() missing 1 required positional argument: 'id'
2026-09-22 09:31:19 [ERROR   ] sdr_monitor.web_backend (main.py:216): Detection flush error: Detection.__init__() missing 1 required positional argument: 'id'
2026-09-22 09:31:19 [ERROR   ] sdr_monitor.web_backend (main.py:216): Detection flush error: Detection.__init__() missing 1 required positional argument: 'id'
2026-09-22 09:31:20 [ERROR   ] sdr_monitor.web_backend (main.py:216): Detection flush error: Detection.__init__() missing 1 required positional argument: 'id'
2026-09-22 09:31:20 [ERROR   ] sdr_monitor.web_backend (main.py:216): Detection flush error: Detection.__init__() missing 1 required positional argument: 'id'
2026-09-22 09:31:21 [ERROR   ] sdr_monitor.web_backend (main.py:216): Detection flush error: Detection.__init__() missing 1 required positional argument: 'id'
2026-09-22 09:31:21 [ERROR   ] sdr_monitor.web_backend (main.py:216): Detection flush error: Detection.__init__() missing 1 required positional argument: 'id'
2026-09-22 09:31:22 [ERROR   ] sdr_monitor.web_backend (main.py:216): Detection flush error: Detection.__init__() missing 1 required positional argument: 'id'
2026-09-22 09:31:22 [ERROR   ] sdr_monitor.web_backend (main.py:216): Detection flush error: Detection.__init__() missing 1 required positional argument: 'id'
2026-09-22 09:31:23 [ERROR   ] sdr_monitor.web_backend (main.py:216): Detection flush error: Detection.__init__() missing 1 required positional argument: 'id'
2026-09-22 09:31:23 [ERROR   ] sdr_monitor.web_backend (main.py:216): Detection flush error: Detection.__init__() missing 1 required positional argument: 'id'
2026-09-22 09:31:24 [ERROR   ] sdr_monitor.web_backend (main.py:216): Detection flush error: Detection.__init__() missing 1 required positional argument: 'id'
2026-09-22 09:31:24 [ERROR   ] sdr_monitor.web_backend (main.py:216): Detection flush error: Detection.__init__() missing 1 required positional argument: 'id'
2026-09-22 09:31:25 [ERROR   ] sdr_monitor.web_backend (main.py:216): Detection flush error: Detection.__init__() missing 1 required positional argument: 'id'
2026-09-22 09:31:25 [ERROR   ] sdr_monitor.web_backend (main.py:216): Detection flush error: Detection.__init__() missing 1 required positional argument: 'id'
2026-09-22 09:31:26 [ERROR   ] sdr_monitor.web_backend (main.py:216): Detection flush error: Detection.__init__() missing 1 required positional argument: 'id'
2026-09-22 09:31:26 [ERROR   ] sdr_monitor.web_backend (main.py:216): Detection flush error: Detection.__init__() missing 1 required positional argument: 'id'
2026-09-22 09:31:27 [ERROR   ] sdr_monitor.web_backend (main.py:216): Detection flush error: Detection.__init__() missing 1 required positional argument: 'id'
2026-09-22 09:31:27 [ERROR   ] sdr_monitor.web_backend (main.py:216): Detection flush error: Detection.__init__() missing 1 required positional argument: 'id'
2026-09-22 09:31:28 [ERROR   ] sdr_monitor.web_backend (main.py:216): Detection flush error: Detection.__init__() missing 1 required positional argument: 'id'
2026-09-22 09:31:28 [ERROR   ] sdr_monitor.web_backend (main.py:216): Detection flush error: Detection.__init__() missing 1 required positional argument: 'id'
2026-09-22 09:31:29 [ERROR   ] sdr_monitor.web_backend (main.py:216): Detection flush error: Detection.__init__() missing 1 required positional argument: 'id'
2026-09-22 09:31:29 [ERROR   ] sdr_monitor.web_backend (main.py:216): Detection flush error: Detection.__init__() missing 1 required positional argument: 'id'
2026-09-22 09:31:30 [ERROR   ] sdr_monitor.web_backend (main.py:216): Detection flush error: Detection.__init__() missing 1 required positional argument: 'id'
2026-09-22 09:31:31 [ERROR   ] sdr_monitor.web_backend (main.py:216): Detection flush error: Detection.__init__() missing 1 required positional argument: 'id'
2026-09-22 09:31:31 [ERROR   ] sdr_monitor.web_backend (main.py:216): Detection flush error: Detection.__init__() missing 1 required positional argument: 'id'
2026-09-22 09:31:32 [ERROR   ] sdr_monitor.web_backend (main.py:216): Detection flush error: Detection.__init__() missing 1 required positional argument: 'id'
2026-09-22 09:31:32 [ERROR   ] sdr_monitor.web_backend (main.py:216): Detection flush error: Detection.__init__() missing 1 required positional argument: 'id'
2026-09-22 09:31:33 [ERROR   ] sdr_monitor.web_backend (main.py:216): Detection flush error: Detection.__init__() missing 1 required positional argument: 'id'
2026-09-22 09:31:33 [ERROR   ] sdr_monitor.web_backend (main.py:216): Detection flush error: Detection.__init__() missing 1 required positional argument: 'id'
2026-09-22 09:31:34 [ERROR   ] sdr_monitor.web_backend (main.py:216): Detection flush error: Detection.__init__() missing 1 required positional argument: 'id'
2026-09-22 09:31:34 [ERROR   ] sdr_monitor.web_backend (main.py:216): Detection flush error: Detection.__init__() missing 1 required positional argument: 'id'
2026-09-22 09:31:35 [ERROR   ] sdr_monitor.web_backend (main.py:216): Detection flush error: Detection.__init__() missing 1 required positional argument: 'id'
2026-09-22 09:31:35 [ERROR   ] sdr_monitor.web_backend (main.py:216): Detection flush error: Detection.__init__() missing 1 required positional argument: 'id'
2026-09-22 09:31:36 [ERROR   ] sdr_monitor.web_backend (main.py:216): Detection flush error: Detection.__init__() missing 1 required positional argument: 'id'
2026-09-22 09:31:36 [ERROR   ] sdr_monitor.web_backend (main.py:216): Detection flush error: Detection.__init__() missing 1 required positional argument: 'id'
2026-09-22 09:31:37 [ERROR   ] sdr_monitor.web_backend (main.py:216): Detection flush error: Detection.__init__() missing 1 required positional argument: 'id'
2026-09-22 09:31:37 [ERROR   ] sdr_monitor.web_backend (main.py:216): Detection flush error: Detection.__init__() missing 1 required positional argument: 'id'
2026-09-22 09:31:38 [ERROR   ] sdr_monitor.web_backend (main.py:216): Detection flush error: Detection.__init__() missing 1 required positional argument: 'id'
2026-09-22 09:31:38 [ERROR   ] sdr_monitor.web_backend (main.py:216): Detection flush error: Detection.__init__() missing 1 required positional argument: 'id'
2026-09-22 09:31:39 [ERROR   ] sdr_monitor.web_backend (main.py:216): Detection flush error: Detection.__init__() missing 1 required positional argument: 'id'
2026-09-22 09:31:39 [ERROR   ] sdr_monitor.web_backend (main.py:216): Detection flush error: Detection.__init__() missing 1 required positional argument: 'id'
2026-09-22 09:31:40 [ERROR   ] sdr_monitor.web_backend (main.py:216): Detection flush error: Detection.__init__() missing 1 required positional argument: 'id'
2026-09-22 09:31:40 [ERROR   ] sdr_monitor.web_backend (main.py:216): Detection flush error: Detection.__init__() missing 1 required positional argument: 'id'
2026-09-22 09:31:41 [ERROR   ] sdr_monitor.web_backend (main.py:216): Detection flush error: Detection.__init__() missing 1 required positional argument: 'id'
2026-09-22 09:31:41 [ERROR   ] sdr_monitor.web_backend (main.py:216): Detection flush error: Detection.__init__() missing 1 required positional argument: 'id'
2026-09-22 09:31:42 [ERROR   ] sdr_monitor.web_backend (main.py:216): Detection flush error: Detection.__init__() missing 1 required positional argument: 'id'
2026-09-22 09:31:42 [ERROR   ] sdr_monitor.web_backend (main.py:216): Detection flush error: Detection.__init__() missing 1 required positional argument: 'id'
2026-09-22 09:31:43 [ERROR   ] sdr_monitor.web_backend (main.py:216): Detection flush error: Detection.__init__() missing 1 required positional argument: 'id'
2026-09-22 09:31:43 [ERROR   ] sdr_monitor.web_backend (main.py:216): Detection flush error: Detection.__init__() missing 1 required positional argument: 'id'
2026-09-22 09:31:44 [ERROR   ] sdr_monitor.web_backend (main.py:216): Detection flush error: Detection.__init__() missing 1 required positional argument: 'id'
2026-09-22 09:31:44 [ERROR   ] sdr_monitor.web_backend (main.py:216): Detection flush error: Detection.__init__() missing 1 required positional argument: 'id'
2026-09-22 09:31:45 [ERROR   ] sdr_monitor.web_backend (main.py:216): Detection flush error: Detection.__init__() missing 1 required positional argument: 'id'
2026-09-22 09:31:45 [ERROR   ] sdr_monitor.web_backend (main.py:216): Detection flush error: Detection.__init__() missing 1 required positional argument: 'id'
2026-09-22 09:31:46 [ERROR   ] sdr_monitor.web_backend (main.py:216): Detection flush error: Detection.__init__() missing 1 required positional argument: 'id'
2026-09-22 09:31:46 [ERROR   ] sdr_monitor.web_backend (main.py:216): Detection flush error: Detection.__init__() missing 1 required positional argument: 'id'
2026-09-22 09:31:47 [ERROR   ] sdr_monitor.web_backend (main.py:216): Detection flush error: Detection.__init__() missing 1 required positional argument: 'id'
2026-09-22 09:31:47 [ERROR   ] sdr_monitor.web_backend (main.py:216): Detection flush error: Detection.__init__() missing 1 required positional argument: 'id'
2026-09-22 09:31:48 [ERROR   ] sdr_monitor.web_backend (main.py:216): Detection flush error: Detection.__init__() missing 1 required positional argument: 'id'
2026-09-22 09:31:48 [ERROR   ] sdr_monitor.web_backend (main.py:216): Detection flush error: Detection.__init__() missing 1 required positional argument: 'id'
2026-09-22 09:31:49 [ERROR   ] sdr_monitor.web_backend (main.py:216): Detection flush error: Detection.__init__() missing 1 required positional argument: 'id'
2026-09-22 09:31:49 [ERROR   ] sdr_monitor.web_backend (main.py:216): Detection flush error: Detection.__init__() missing 1 required positional argument: 'id'
2026-09-22 09:31:50 [ERROR   ] sdr_monitor.web_backend (main.py:216): Detection flush error: Detection.__init__() missing 1 required positional argument: 'id'
2026-09-22 09:31:51 [ERROR   ] sdr_monitor.web_backend (main.py:216): Detection flush error: Detection.__init__() missing 1 required positional argument: 'id'
2026-09-22 09:31:51 [ERROR   ] sdr_monitor.web_backend (main.py:216): Detection flush error: Detection.__init__() missing 1 required positional argument: 'id'
2026-09-22 09:31:52 [ERROR   ] sdr_monitor.web_backend (main.py:216): Detection flush error: Detection.__init__() missing 1 required positional argument: 'id'
2026-09-22 09:31:52 [ERROR   ] sdr_monitor.web_backend (main.py:216): Detection flush error: Detection.__init__() missing 1 required positional argument: 'id'
2026-09-22 09:31:53 [ERROR   ] sdr_monitor.web_backend (main.py:216): Detection flush error: Detection.__init__() missing 1 required positional argument: 'id'
2026-09-22 09:31:53 [ERROR   ] sdr_monitor.web_backend (main.py:216): Detection flush error: Detection.__init__() missing 1 required positional argument: 'id'
2026-09-22 09:31:54 [ERROR   ] sdr_monitor.web_backend (main.py:216): Detection flush error: Detection.__init__() missing 1 required positional argument: 'id'
2026-09-22 09:31:54 [ERROR   ] sdr_monitor.web_backend (main.py:216): Detection flush error: Detection.__init__() missing 1 required positional argument: 'id'
2026-09-22 09:31:55 [ERROR   ] sdr_monitor.web_backend (main.py:216): Detection flush error: Detection.__init__() missing 1 required positional argument: 'id'
2026-09-22 09:31:55 [ERROR   ] sdr_monitor.web_backend (main.py:216): Detection flush error: Detection.__init__() missing 1 required positional argument: 'id'
2026-09-22 09:31:56 [ERROR   ] sdr_monitor.web_backend (main.py:216): Detection flush error: Detection.__init__() missing 1 required positional argument: 'id'
2026-09-22 09:31:56 [ERROR   ] sdr_monitor.web_backend (main.py:216): Detection flush error: Detection.__init__() missing 1 required positional argument: 'id'
2026-09-22 09:31:57 [ERROR   ] sdr_monitor.web_backend (main.py:216): Detection flush error: Detection.__init__() missing 1 required positional argument: 'id'
2026-09-22 09:31:57 [ERROR   ] sdr_monitor.web_backend (main.py:216): Detection flush error: Detection.__init__() missing 1 required positional argument: 'id'
2026-09-22 09:31:58 [ERROR   ] sdr_monitor.web_backend (main.py:216): Detection flush error: Detection.__init__() missing 1 required positional argument: 'id'
2026-09-22 09:31:58 [ERROR   ] sdr_monitor.web_backend (main.py:216): Detection flush error: Detection.__init__() missing 1 required positional argument: 'id'
2026-09-22 09:31:59 [ERROR   ] sdr_monitor.web_backend (main.py:216): Detection flush error: Detection.__init__() missing 1 required positional argument: 'id'
2026-09-22 09:31:59 [ERROR   ] sdr_monitor.web_backend (main.py:216): Detection flush error: Detection.__init__() missing 1 required positional argument: 'id'
2026-09-22 09:32:00 [ERROR   ] sdr_monitor.web_backend (main.py:216): Detection flush error: Detection.__init__() missing 1 required positional argument: 'id'
2026-09-22 09:32:00 [ERROR   ] sdr_monitor.web_backend (main.py:216): Detection flush error: Detection.__init__() missing 1 required positional argument: 'id'
2026-09-22 09:32:01 [ERROR   ] sdr_monitor.web_backend (main.py:216): Detection flush error: Detection.__init__() missing 1 required positional argument: 'id'
2026-09-22 09:32:02 [ERROR   ] sdr_monitor.web_backend (main.py:216): Detection flush error: Detection.__init__() missing 1 required positional argument: 'id'
2026-09-22 09:32:02 [ERROR   ] sdr_monitor.web_backend (main.py:216): Detection flush error: Detection.__init__() missing 1 required positional argument: 'id'
2026-09-22 09:32:03 [ERROR   ] sdr_monitor.web_backend (main.py:216): Detection flush error: Detection.__init__() missing 1 required positional argument: 'id'
2026-09-22 09:32:03 [ERROR   ] sdr_monitor.web_backend (main.py:216): Detection flush error: Detection.__init__() missing 1 required positional argument: 'id'
2026-09-22 09:32:04 [ERROR   ] sdr_monitor.web_backend (main.py:216): Detection flush error: Detection.__init__() missing 1 required positional argument: 'id'
2026-09-22 09:32:04 [ERROR   ] sdr_monitor.web_backend (main.py:216): Detection flush error: Detection.__init__() missing 1 required positional argument: 'id'
2026-09-22 09:32:05 [ERROR   ] sdr_monitor.web_backend (main.py:216): Detection flush error: Detection.__init__() missing 1 required positional argument: 'id'
2026-09-22 09:32:05 [ERROR   ] sdr_monitor.web_backend (main.py:216): Detection flush error: Detection.__init__() missing 1 required positional argument: 'id'
2026-09-22 09:32:06 [ERROR   ] sdr_monitor.web_backend (main.py:216): Detection flush error: Detection.__init__() missing 1 required positional argument: 'id'
2026-09-22 09:32:06 [ERROR   ] sdr_monitor.web_backend (main.py:216): Detection flush error: Detection.__init__() missing 1 required positional argument: 'id'
2026-09-22 09:32:07 [ERROR   ] sdr_monitor.web_backend (main.py:216): Detection flush error: Detection.__init__() missing 1 required positional argument: 'id'
2026-09-22 09:32:07 [ERROR   ] sdr_monitor.web_backend (main.py:216): Detection flush error: Detection.__init__() missing 1 required positional argument: 'id'
2026-09-22 09:32:08 [ERROR   ] sdr_monitor.web_backend (main.py:216): Detection flush error: Detection.__init__() missing 1 required positional argument: 'id'
2026-09-22 09:32:08 [ERROR   ] sdr_monitor.web_backend (main.py:216): Detection flush error: Detection.__init__() missing 1 required positional argument: 'id'
2026-09-22 09:32:09 [ERROR   ] sdr_monitor.web_backend (main.py:216): Detection flush error: Detection.__init__() missing 1 required positional argument: 'id'
2026-09-22 09:32:09 [ERROR   ] sdr_monitor.web_backend (main.py:216): Detection flush error: Detection.__init__() missing 1 required positional argument: 'id'
2026-09-22 09:32:10 [ERROR   ] sdr_monitor.web_backend (main.py:216): Detection flush error: Detection.__init__() missing 1 required positional argument: 'id'
2026-09-22 09:32:10 [ERROR   ] sdr_monitor.web_backend (main.py:216): Detection flush error: Detection.__init__() missing 1 required positional argument: 'id'
2026-09-22 09:32:11 [ERROR   ] sdr_monitor.web_backend (main.py:216): Detection flush error: Detection.__init__() missing 1 required positional argument: 'id'
2026-09-22 09:32:11 [ERROR   ] sdr_monitor.web_backend (main.py:216): Detection flush error: Detection.__init__() missing 1 required positional argument: 'id'
2026-09-22 09:32:12 [ERROR   ] sdr_monitor.web_backend (main.py:216): Detection flush error: Detection.__init__() missing 1 required positional argument: 'id'
2026-09-22 09:32:12 [ERROR   ] sdr_monitor.web_backend (main.py:216): Detection flush error: Detection.__init__() missing 1 required positional argument: 'id'
2026-09-22 09:32:13 [ERROR   ] sdr_monitor.web_backend (main.py:216): Detection flush error: Detection.__init__() missing 1 required positional argument: 'id'
2026-09-22 09:32:13 [ERROR   ] sdr_monitor.web_backend (main.py:216): Detection flush error: Detection.__init__() missing 1 required positional argument: 'id'
2026-09-22 09:32:14 [ERROR   ] sdr_monitor.web_backend (main.py:216): Detection flush error: Detection.__init__() missing 1 required positional argument: 'id'
2026-09-22 09:32:14 [ERROR   ] sdr_monitor.web_backend (main.py:216): Detection flush error: Detection.__init__() missing 1 required positional argument: 'id'
2026-09-22 09:32:15 [ERROR   ] sdr_monitor.web_backend (main.py:216): Detection flush error: Detection.__init__() missing 1 required positional argument: 'id'
2026-09-22 09:32:15 [ERROR   ] sdr_monitor.web_backend (main.py:216): Detection flush error: Detection.__init__() missing 1 required positional argument: 'id'
2026-09-22 09:32:16 [ERROR   ] sdr_monitor.web_backend (main.py:216): Detection flush error: Detection.__init__() missing 1 required positional argument: 'id'
2026-09-22 09:32:16 [ERROR   ] sdr_monitor.web_backend (main.py:216): Detection flush error: Detection.__init__() missing 1 required positional argument: 'id'
2026-09-22 09:32:17 [ERROR   ] sdr_monitor.web_backend (main.py:216): Detection flush error: Detection.__init__() missing 1 required positional argument: 'id'
2026-09-22 09:32:17 [ERROR   ] sdr_monitor.web_backend (main.py:216): Detection flush error: Detection.__init__() missing 1 required positional argument: 'id'
2026-09-22 09:32:18 [ERROR   ] sdr_monitor.web_backend (main.py:216): Detection flush error: Detection.__init__() missing 1 required positional argument: 'id'
2026-09-22 09:32:18 [ERROR   ] sdr_monitor.web_backend (main.py:216): Detection flush error: Detection.__init__() missing 1 required positional argument: 'id'
2026-09-22 09:32:19 [ERROR   ] sdr_monitor.web_backend (main.py:216): Detection flush error: Detection.__init__() missing 1 required positional argument: 'id'
2026-09-22 09:32:19 [ERROR   ] sdr_monitor.web_backend (main.py:216): Detection flush error: Detection.__init__() missing 1 required positional argument: 'id'
2026-09-22 09:32:20 [ERROR   ] sdr_monitor.web_backend (main.py:216): Detection flush error: Detection.__init__() missing 1 required positional argument: 'id'
2026-09-22 09:32:20 [ERROR   ] sdr_monitor.web_backend (main.py:216): Detection flush error: Detection.__init__() missing 1 required positional argument: 'id'
2026-09-22 09:32:21 [ERROR   ] sdr_monitor.web_backend (main.py:216): Detection flush error: Detection.__init__() missing 1 required positional argument: 'id'
2026-09-22 09:32:21 [ERROR   ] sdr_monitor.web_backend (main.py:216): Detection flush error: Detection.__init__() missing 1 required positional argument: 'id'
2026-09-22 09:32:22 [ERROR   ] sdr_monitor.web_backend (main.py:216): Detection flush error: Detection.__init__() missing 1 required positional argument: 'id'
2026-09-22 09:32:22 [ERROR   ] sdr_monitor.web_backend (main.py:216): Detection flush error: Detection.__init__() missing 1 required positional argument: 'id'
2026-09-22 09:32:23 [ERROR   ] sdr_monitor.web_backend (main.py:216): Detection flush error: Detection.__init__() missing 1 required positional argument: 'id'
2026-09-22 09:32:23 [ERROR   ] sdr_monitor.web_backend (main.py:216): Detection flush error: Detection.__init__() missing 1 required positional argument: 'id'
2026-09-22 09:32:24 [ERROR   ] sdr_monitor.web_backend (main.py:216): Detection flush error: Detection.__init__() missing 1 required positional argument: 'id'
2026-09-22 09:32:24 [ERROR   ] sdr_monitor.web_backend (main.py:216): Detection flush error: Detection.__init__() missing 1 required positional argument: 'id'
2026-09-22 09:32:25 [ERROR   ] sdr_monitor.web_backend (main.py:216): Detection flush error: Detection.__init__() missing 1 required positional argument: 'id'
2026-09-22 09:32:25 [ERROR   ] sdr_monitor.web_backend (main.py:216): Detection flush error: Detection.__init__() missing 1 required positional argument: 'id'
2026-09-22 09:32:26 [ERROR   ] sdr_monitor.web_backend (main.py:216): Detection flush error: Detection.__init__() missing 1 required positional argument: 'id'
2026-09-22 09:32:27 [ERROR   ] sdr_monitor.web_backend (main.py:216): Detection flush error: Detection.__init__() missing 1 required positional argument: 'id'
2026-09-22 09:32:27 [ERROR   ] sdr_monitor.web_backend (main.py:216): Detection flush error: Detection.__init__() missing 1 required positional argument: 'id'
2026-09-22 09:32:28 [ERROR   ] sdr_monitor.web_backend (main.py:216): Detection flush error: Detection.__init__() missing 1 required positional argument: 'id'
2026-09-22 09:32:28 [ERROR   ] sdr_monitor.web_backend (main.py:216): Detection flush error: Detection.__init__() missing 1 required positional argument: 'id'
2026-09-22 09:32:29 [ERROR   ] sdr_monitor.web_backend (main.py:216): Detection flush error: Detection.__init__() missing 1 required positional argument: 'id'
2026-09-22 09:32:29 [ERROR   ] sdr_monitor.web_backend (main.py:216): Detection flush error: Detection.__init__() missing 1 required positional argument: 'id'
2026-09-22 09:32:30 [ERROR   ] sdr_monitor.web_backend (main.py:216): Detection flush error: Detection.__init__() missing 1 required positional argument: 'id'
2026-09-22 09:32:30 [ERROR   ] sdr_monitor.web_backend (main.py:216): Detection flush error: Detection.__init__() missing 1 required positional argument: 'id'
2026-09-22 09:32:31 [ERROR   ] sdr_monitor.web_backend (main.py:216): Detection flush error: Detection.__init__() missing 1 required positional argument: 'id'
2026-09-22 09:32:31 [ERROR   ] sdr_monitor.web_backend (main.py:216): Detection flush error: Detection.__init__() missing 1 required positional argument: 'id'
2026-09-22 09:32:32 [ERROR   ] sdr_monitor.web_backend (main.py:216): Detection flush error: Detection.__init__() missing 1 required positional argument: 'id'
2026-09-22 09:32:32 [ERROR   ] sdr_monitor.web_backend (main.py:216): Detection flush error: Detection.__init__() missing 1 required positional argument: 'id'
2026-09-22 09:32:33 [ERROR   ] sdr_monitor.web_backend (main.py:216): Detection flush error: Detection.__init__() missing 1 required positional argument: 'id'
2026-09-22 09:32:33 [ERROR   ] sdr_monitor.web_backend (main.py:216): Detection flush error: Detection.__init__() missing 1 required positional argument: 'id'
2026-09-22 09:32:34 [ERROR   ] sdr_monitor.web_backend (main.py:216): Detection flush error: Detection.__init__() missing 1 required positional argument: 'id'
2026-09-22 09:32:34 [ERROR   ] sdr_monitor.web_backend (main.py:216): Detection flush error: Detection.__init__() missing 1 required positional argument: 'id'
2026-09-22 09:32:35 [ERROR   ] sdr_monitor.web_backend (main.py:216): Detection flush error: Detection.__init__() missing 1 required positional argument: 'id'
2026-09-22 09:32:35 [ERROR   ] sdr_monitor.web_backend (main.py:216): Detection flush error: Detection.__init__() missing 1 required positional argument: 'id'
2026-09-22 09:32:36 [ERROR   ] sdr_monitor.web_backend (main.py:216): Detection flush error: Detection.__init__() missing 1 required positional argument: 'id'
2026-09-22 09:32:36 [ERROR   ] sdr_monitor.web_backend (main.py:216): Detection flush error: Detection.__init__() missing 1 required positional argument: 'id'
2026-09-22 09:32:37 [ERROR   ] sdr_monitor.web_backend (main.py:216): Detection flush error: Detection.__init__() missing 1 required positional argument: 'id'
2026-09-22 09:32:37 [ERROR   ] sdr_monitor.web_backend (main.py:216): Detection flush error: Detection.__init__() missing 1 required positional argument: 'id'
2026-09-22 09:32:38 [ERROR   ] sdr_monitor.web_backend (main.py:216): Detection flush error: Detection.__init__() missing 1 required positional argument: 'id'
2026-09-22 09:32:38 [ERROR   ] sdr_monitor.web_backend (main.py:216): Detection flush error: Detection.__init__() missing 1 required positional argument: 'id'
2026-09-22 09:32:39 [ERROR   ] sdr_monitor.web_backend (main.py:216): Detection flush error: Detection.__init__() missing 1 required positional argument: 'id'
2026-09-22 09:32:39 [ERROR   ] sdr_monitor.web_backend (main.py:216): Detection flush error: Detection.__init__() missing 1 required positional argument: 'id'
2026-09-22 09:32:40 [ERROR   ] sdr_monitor.web_backend (main.py:216): Detection flush error: Detection.__init__() missing 1 required positional argument: 'id'
2026-09-22 09:32:40 [ERROR   ] sdr_monitor.web_backend (main.py:216): Detection flush error: Detection.__init__() missing 1 required positional argument: 'id'
2026-09-22 09:32:41 [ERROR   ] sdr_monitor.web_backend (main.py:216): Detection flush error: Detection.__init__() missing 1 required positional argument: 'id'
2026-09-22 09:32:42 [ERROR   ] sdr_monitor.web_backend (main.py:216): Detection flush error: Detection.__init__() missing 1 required positional argument: 'id'
2026-09-22 09:32:42 [ERROR   ] sdr_monitor.web_backend (main.py:216): Detection flush error: Detection.__init__() missing 1 required positional argument: 'id'
2026-09-22 09:32:43 [ERROR   ] sdr_monitor.web_backend (main.py:216): Detection flush error: Detection.__init__() missing 1 required positional argument: 'id'
2026-09-22 09:32:43 [ERROR   ] sdr_monitor.web_backend (main.py:216): Detection flush error: Detection.__init__() missing 1 required positional argument: 'id'
2026-09-22 09:32:44 [ERROR   ] sdr_monitor.web_backend (main.py:216): Detection flush error: Detection.__init__() missing 1 required positional argument: 'id'
2026-09-22 09:32:44 [ERROR   ] sdr_monitor.web_backend (main.py:216): Detection flush error: Detection.__init__() missing 1 required positional argument: 'id'
2026-09-22 09:32:45 [ERROR   ] sdr_monitor.web_backend (main.py:216): Detection flush error: Detection.__init__() missing 1 required positional argument: 'id'
2026-09-22 09:32:45 [ERROR   ] sdr_monitor.web_backend (main.py:216): Detection flush error: Detection.__init__() missing 1 required positional argument: 'id'
2026-09-22 09:32:46 [ERROR   ] sdr_monitor.web_backend (main.py:216): Detection flush error: Detection.__init__() missing 1 required positional argument: 'id'
2026-09-22 09:32:46 [ERROR   ] sdr_monitor.web_backend (main.py:216): Detection flush error: Detection.__init__() missing 1 required positional argument: 'id'
2026-09-22 09:32:47 [ERROR   ] sdr_monitor.web_backend (main.py:216): Detection flush error: Detection.__init__() missing 1 required positional argument: 'id'
2026-09-22 09:32:47 [ERROR   ] sdr_monitor.web_backend (main.py:216): Detection flush error: Detection.__init__() missing 1 required positional argument: 'id'
2026-09-22 09:32:48 [ERROR   ] sdr_monitor.web_backend (main.py:216): Detection flush error: Detection.__init__() missing 1 required positional argument: 'id'
2026-09-22 09:32:48 [ERROR   ] sdr_monitor.web_backend (main.py:216): Detection flush error: Detection.__init__() missing 1 required positional argument: 'id'
2026-09-22 09:32:49 [ERROR   ] sdr_monitor.web_backend (main.py:216): Detection flush error: Detection.__init__() missing 1 required positional argument: 'id'
2026-09-22 09:32:49 [ERROR   ] sdr_monitor.web_backend (main.py:216): Detection flush error: Detection.__init__() missing 1 required positional argument: 'id'
2026-09-22 09:32:50 [ERROR   ] sdr_monitor.web_backend (main.py:216): Detection flush error: Detection.__init__() missing 1 required positional argument: 'id'
2026-09-22 09:32:50 [ERROR   ] sdr_monitor.web_backend (main.py:216): Detection flush error: Detection.__init__() missing 1 required positional argument: 'id'
2026-09-22 09:32:51 [ERROR   ] sdr_monitor.web_backend (main.py:216): Detection flush error: Detection.__init__() missing 1 required positional argument: 'id'
2026-09-22 09:32:51 [ERROR   ] sdr_monitor.web_backend (main.py:216): Detection flush error: Detection.__init__() missing 1 required positional argument: 'id'
2026-09-22 09:32:52 [ERROR   ] sdr_monitor.web_backend (main.py:216): Detection flush error: Detection.__init__() missing 1 required positional argument: 'id'
2026-09-22 09:32:52 [ERROR   ] sdr_monitor.web_backend (main.py:216): Detection flush error: Detection.__init__() missing 1 required positional argument: 'id'
2026-09-22 09:32:53 [ERROR   ] sdr_monitor.web_backend (main.py:216): Detection flush error: Detection.__init__() missing 1 required positional argument: 'id'
2026-09-22 09:32:53 [ERROR   ] sdr_monitor.web_backend (main.py:216): Detection flush error: Detection.__init__() missing 1 required positional argument: 'id'
2026-09-22 09:32:54 [ERROR   ] sdr_monitor.web_backend (main.py:216): Detection flush error: Detection.__init__() missing 1 required positional argument: 'id'
2026-09-22 09:32:54 [ERROR   ] sdr_monitor.web_backend (main.py:216): Detection flush error: Detection.__init__() missing 1 required positional argument: 'id'
2026-09-22 09:32:55 [ERROR   ] sdr_monitor.web_backend (main.py:216): Detection flush error: Detection.__init__() missing 1 required positional argument: 'id'
2026-09-22 09:32:55 [ERROR   ] sdr_monitor.web_backend (main.py:216): Detection flush error: Detection.__init__() missing 1 required positional argument: 'id'
2026-09-22 09:32:56 [ERROR   ] sdr_monitor.web_backend (main.py:216): Detection flush error: Detection.__init__() missing 1 required positional argument: 'id'
2026-09-22 09:32:56 [ERROR   ] sdr_monitor.web_backend (main.py:216): Detection flush error: Detection.__init__() missing 1 required positional argument: 'id'
2026-09-22 09:32:57 [ERROR   ] sdr_monitor.web_backend (main.py:216): Detection flush error: Detection.__init__() missing 1 required positional argument: 'id'
2026-09-22 09:32:58 [ERROR   ] sdr_monitor.web_backend (main.py:216): Detection flush error: Detection.__init__() missing 1 required positional argument: 'id'
2026-09-22 09:32:58 [ERROR   ] sdr_monitor.web_backend (main.py:216): Detection flush error: Detection.__init__() missing 1 required positional argument: 'id'
2026-09-22 09:32:59 [ERROR   ] sdr_monitor.web_backend (main.py:216): Detection flush error: Detection.__init__() missing 1 required positional argument: 'id'
2026-09-22 09:32:59 [ERROR   ] sdr_monitor.web_backend (main.py:216): Detection flush error: Detection.__init__() missing 1 required positional argument: 'id'
2026-09-22 09:33:00 [ERROR   ] sdr_monitor.web_backend (main.py:216): Detection flush error: Detection.__init__() missing 1 required positional argument: 'id'
2026-09-22 09:33:00 [ERROR   ] sdr_monitor.web_backend (main.py:216): Detection flush error: Detection.__init__() missing 1 required positional argument: 'id'
2026-09-22 09:33:01 [ERROR   ] sdr_monitor.web_backend (main.py:216): Detection flush error: Detection.__init__() missing 1 required positional argument: 'id'
2026-09-22 09:33:01 [ERROR   ] sdr_monitor.web_backend (main.py:216): Detection flush error: Detection.__init__() missing 1 required positional argument: 'id'
2026-09-22 09:33:02 [ERROR   ] sdr_monitor.web_backend (main.py:216): Detection flush error: Detection.__init__() missing 1 required positional argument: 'id'
2026-09-22 09:33:02 [ERROR   ] sdr_monitor.web_backend (main.py:216): Detection flush error: Detection.__init__() missing 1 required positional argument: 'id'
2026-09-22 09:33:03 [ERROR   ] sdr_monitor.web_backend (main.py:216): Detection flush error: Detection.__init__() missing 1 required positional argument: 'id'
2026-09-22 09:33:03 [ERROR   ] sdr_monitor.web_backend (main.py:216): Detection flush error: Detection.__init__() missing 1 required positional argument: 'id'
2026-09-22 09:33:04 [ERROR   ] sdr_monitor.web_backend (main.py:216): Detection flush error: Detection.__init__() missing 1 required positional argument: 'id'
2026-09-22 09:33:04 [ERROR   ] sdr_monitor.web_backend (main.py:216): Detection flush error: Detection.__init__() missing 1 required positional argument: 'id'
2026-09-22 09:33:05 [ERROR   ] sdr_monitor.web_backend (main.py:216): Detection flush error: Detection.__init__() missing 1 required positional argument: 'id'
2026-09-22 09:33:05 [ERROR   ] sdr_monitor.web_backend (main.py:216): Detection flush error: Detection.__init__() missing 1 required positional argument: 'id'
2026-09-22 09:33:06 [ERROR   ] sdr_monitor.web_backend (main.py:216): Detection flush error: Detection.__init__() missing 1 required positional argument: 'id'
2026-09-22 09:33:06 [ERROR   ] sdr_monitor.web_backend (main.py:216): Detection flush error: Detection.__init__() missing 1 required positional argument: 'id'
2026-09-22 09:33:07 [ERROR   ] sdr_monitor.web_backend (main.py:216): Detection flush error: Detection.__init__() missing 1 required positional argument: 'id'
2026-09-22 09:33:07 [ERROR   ] sdr_monitor.web_backend (main.py:216): Detection flush error: Detection.__init__() missing 1 required positional argument: 'id'
2026-09-22 09:33:08 [ERROR   ] sdr_monitor.web_backend (main.py:216): Detection flush error: Detection.__init__() missing 1 required positional argument: 'id'
2026-09-22 09:33:08 [ERROR   ] sdr_monitor.web_backend (main.py:216): Detection flush error: Detection.__init__() missing 1 required positional argument: 'id'
2026-09-22 09:33:09 [ERROR   ] sdr_monitor.web_backend (main.py:216): Detection flush error: Detection.__init__() missing 1 required positional argument: 'id'
2026-09-22 09:33:09 [ERROR   ] sdr_monitor.web_backend (main.py:216): Detection flush error: Detection.__init__() missing 1 required positional argument: 'id'
2026-09-22 09:33:10 [ERROR   ] sdr_monitor.web_backend (main.py:216): Detection flush error: Detection.__init__() missing 1 required positional argument: 'id'
2026-09-22 09:33:10 [ERROR   ] sdr_monitor.web_backend (main.py:216): Detection flush error: Detection.__init__() missing 1 required positional argument: 'id'
2026-09-22 09:33:11 [ERROR   ] sdr_monitor.web_backend (main.py:216): Detection flush error: Detection.__init__() missing 1 required positional argument: 'id'
2026-09-22 09:33:11 [ERROR   ] sdr_monitor.web_backend (main.py:216): Detection flush error: Detection.__init__() missing 1 required positional argument: 'id'
2026-09-22 09:33:12 [ERROR   ] sdr_monitor.web_backend (main.py:216): Detection flush error: Detection.__init__() missing 1 required positional argument: 'id'
2026-09-22 09:33:12 [ERROR   ] sdr_monitor.web_backend (main.py:216): Detection flush error: Detection.__init__() missing 1 required positional argument: 'id'
2026-09-22 09:33:13 [ERROR   ] sdr_monitor.web_backend (main.py:216): Detection flush error: Detection.__init__() missing 1 required positional argument: 'id'
2026-09-22 09:33:13 [ERROR   ] sdr_monitor.web_backend (main.py:216): Detection flush error: Detection.__init__() missing 1 required positional argument: 'id'
2026-09-22 09:33:14 [ERROR   ] sdr_monitor.web_backend (main.py:216): Detection flush error: Detection.__init__() missing 1 required positional argument: 'id'
2026-09-22 09:33:14 [ERROR   ] sdr_monitor.web_backend (main.py:216): Detection flush error: Detection.__init__() missing 1 required positional argument: 'id'
2026-09-22 09:33:15 [ERROR   ] sdr_monitor.web_backend (main.py:216): Detection flush error: Detection.__init__() missing 1 required positional argument: 'id'
2026-09-22 09:33:16 [ERROR   ] sdr_monitor.web_backend (main.py:216): Detection flush error: Detection.__init__() missing 1 required positional argument: 'id'
2026-09-22 09:33:16 [ERROR   ] sdr_monitor.web_backend (main.py:216): Detection flush error: Detection.__init__() missing 1 required positional argument: 'id'
2026-09-22 09:33:17 [ERROR   ] sdr_monitor.web_backend (main.py:216): Detection flush error: Detection.__init__() missing 1 required positional argument: 'id'
2026-09-22 09:33:17 [ERROR   ] sdr_monitor.web_backend (main.py:216): Detection flush error: Detection.__init__() missing 1 required positional argument: 'id'
2026-09-22 09:33:18 [ERROR   ] sdr_monitor.web_backend (main.py:216): Detection flush error: Detection.__init__() missing 1 required positional argument: 'id'
2026-09-22 09:33:18 [ERROR   ] sdr_monitor.web_backend (main.py:216): Detection flush error: Detection.__init__() missing 1 required positional argument: 'id'
2026-09-22 09:33:19 [ERROR   ] sdr_monitor.web_backend (main.py:216): Detection flush error: Detection.__init__() missing 1 required positional argument: 'id'
2026-09-22 09:33:19 [ERROR   ] sdr_monitor.web_backend (main.py:216): Detection flush error: Detection.__init__() missing 1 required positional argument: 'id'
2026-09-22 09:33:20 [ERROR   ] sdr_monitor.web_backend (main.py:216): Detection flush error: Detection.__init__() missing 1 required positional argument: 'id'
2026-09-22 09:33:20 [ERROR   ] sdr_monitor.web_backend (main.py:216): Detection flush error: Detection.__init__() missing 1 required positional argument: 'id'
2026-09-22 09:33:21 [ERROR   ] sdr_monitor.web_backend (main.py:216): Detection flush error: Detection.__init__() missing 1 required positional argument: 'id'
2026-09-22 09:33:21 [ERROR   ] sdr_monitor.web_backend (main.py:216): Detection flush error: Detection.__init__() missing 1 required positional argument: 'id'
2026-09-22 09:33:22 [ERROR   ] sdr_monitor.web_backend (main.py:216): Detection flush error: Detection.__init__() missing 1 required positional argument: 'id'
2026-09-22 09:33:22 [ERROR   ] sdr_monitor.web_backend (main.py:216): Detection flush error: Detection.__init__() missing 1 required positional argument: 'id'
2026-09-22 09:33:23 [ERROR   ] sdr_monitor.web_backend (main.py:216): Detection flush error: Detection.__init__() missing 1 required positional argument: 'id'
2026-09-22 09:33:23 [ERROR   ] sdr_monitor.web_backend (main.py:216): Detection flush error: Detection.__init__() missing 1 required positional argument: 'id'
2026-09-22 09:33:24 [ERROR   ] sdr_monitor.web_backend (main.py:216): Detection flush error: Detection.__init__() missing 1 required positional argument: 'id'
2026-09-22 09:33:24 [ERROR   ] sdr_monitor.web_backend (main.py:216): Detection flush error: Detection.__init__() missing 1 required positional argument: 'id'
2026-09-22 09:33:25 [ERROR   ] sdr_monitor.web_backend (main.py:216): Detection flush error: Detection.__init__() missing 1 required positional argument: 'id'
2026-09-22 09:33:25 [ERROR   ] sdr_monitor.web_backend (main.py:216): Detection flush error: Detection.__init__() missing 1 required positional argument: 'id'
2026-09-22 09:33:26 [ERROR   ] sdr_monitor.web_backend (main.py:216): Detection flush error: Detection.__init__() missing 1 required positional argument: 'id'
2026-09-22 09:33:26 [ERROR   ] sdr_monitor.web_backend (main.py:216): Detection flush error: Detection.__init__() missing 1 required positional argument: 'id'
2026-09-22 09:33:27 [ERROR   ] sdr_monitor.web_backend (main.py:216): Detection flush error: Detection.__init__() missing 1 required positional argument: 'id'
2026-09-22 09:33:27 [ERROR   ] sdr_monitor.web_backend (main.py:216): Detection flush error: Detection.__init__() missing 1 required positional argument: 'id'
2026-09-22 09:33:28 [ERROR   ] sdr_monitor.web_backend (main.py:216): Detection flush error: Detection.__init__() missing 1 required positional argument: 'id'
2026-09-22 09:33:28 [ERROR   ] sdr_monitor.web_backend (main.py:216): Detection flush error: Detection.__init__() missing 1 required positional argument: 'id'
2026-09-22 09:33:29 [ERROR   ] sdr_monitor.web_backend (main.py:216): Detection flush error: Detection.__init__() missing 1 required positional argument: 'id'
2026-09-22 09:33:29 [ERROR   ] sdr_monitor.web_backend (main.py:216): Detection flush error: Detection.__init__() missing 1 required positional argument: 'id'
2026-09-22 09:33:30 [ERROR   ] sdr_monitor.web_backend (main.py:216): Detection flush error: Detection.__init__() missing 1 required positional argument: 'id'
2026-09-22 09:33:30 [ERROR   ] sdr_monitor.web_backend (main.py:216): Detection flush error: Detection.__init__() missing 1 required positional argument: 'id'
2026-09-22 09:33:31 [ERROR   ] sdr_monitor.web_backend (main.py:216): Detection flush error: Detection.__init__() missing 1 required positional argument: 'id'
2026-09-22 09:33:32 [ERROR   ] sdr_monitor.web_backend (main.py:216): Detection flush error: Detection.__init__() missing 1 required positional argument: 'id'
2026-09-22 09:33:32 [ERROR   ] sdr_monitor.web_backend (main.py:216): Detection flush error: Detection.__init__() missing 1 required positional argument: 'id'
2026-09-22 09:33:33 [ERROR   ] sdr_monitor.web_backend (main.py:216): Detection flush error: Detection.__init__() missing 1 required positional argument: 'id'
2026-09-22 09:33:33 [ERROR   ] sdr_monitor.web_backend (main.py:216): Detection flush error: Detection.__init__() missing 1 required positional argument: 'id'
2026-09-22 09:33:34 [ERROR   ] sdr_monitor.web_backend (main.py:216): Detection flush error: Detection.__init__() missing 1 required positional argument: 'id'
2026-09-22 09:33:34 [ERROR   ] sdr_monitor.web_backend (main.py:216): Detection flush error: Detection.__init__() missing 1 required positional argument: 'id'
2026-09-22 09:33:35 [ERROR   ] sdr_monitor.web_backend (main.py:216): Detection flush error: Detection.__init__() missing 1 required positional argument: 'id'
2026-09-22 09:33:35 [ERROR   ] sdr_monitor.web_backend (main.py:216): Detection flush error: Detection.__init__() missing 1 required positional argument: 'id'
2026-09-22 09:33:36 [ERROR   ] sdr_monitor.web_backend (main.py:216): Detection flush error: Detection.__init__() missing 1 required positional argument: 'id'
2026-09-22 09:33:36 [ERROR   ] sdr_monitor.web_backend (main.py:216): Detection flush error: Detection.__init__() missing 1 required positional argument: 'id'
2026-09-22 09:33:37 [ERROR   ] sdr_monitor.web_backend (main.py:216): Detection flush error: Detection.__init__() missing 1 required positional argument: 'id'
2026-09-22 09:33:37 [ERROR   ] sdr_monitor.web_backend (main.py:216): Detection flush error: Detection.__init__() missing 1 required positional argument: 'id'
2026-09-22 09:33:38 [ERROR   ] sdr_monitor.web_backend (main.py:216): Detection flush error: Detection.__init__() missing 1 required positional argument: 'id'
2026-09-22 09:33:38 [ERROR   ] sdr_monitor.web_backend (main.py:216): Detection flush error: Detection.__init__() missing 1 required positional argument: 'id'
2026-09-22 09:33:39 [ERROR   ] sdr_monitor.web_backend (main.py:216): Detection flush error: Detection.__init__() missing 1 required positional argument: 'id'
2026-09-22 09:33:39 [ERROR   ] sdr_monitor.web_backend (main.py:216): Detection flush error: Detection.__init__() missing 1 required positional argument: 'id'
2026-09-22 09:33:40 [ERROR   ] sdr_monitor.web_backend (main.py:216): Detection flush error: Detection.__init__() missing 1 required positional argument: 'id'
2026-09-22 09:33:40 [ERROR   ] sdr_monitor.web_backend (main.py:216): Detection flush error: Detection.__init__() missing 1 required positional argument: 'id'
2026-09-22 09:33:41 [ERROR   ] sdr_monitor.web_backend (main.py:216): Detection flush error: Detection.__init__() missing 1 required positional argument: 'id'
2026-09-22 09:33:41 [ERROR   ] sdr_monitor.web_backend (main.py:216): Detection flush error: Detection.__init__() missing 1 required positional argument: 'id'
2026-09-22 09:33:42 [ERROR   ] sdr_monitor.web_backend (main.py:216): Detection flush error: Detection.__init__() missing 1 required positional argument: 'id'
2026-09-22 09:33:42 [ERROR   ] sdr_monitor.web_backend (main.py:216): Detection flush error: Detection.__init__() missing 1 required positional argument: 'id'
2026-09-22 09:33:43 [ERROR   ] sdr_monitor.web_backend (main.py:216): Detection flush error: Detection.__init__() missing 1 required positional argument: 'id'
2026-09-22 09:33:43 [ERROR   ] sdr_monitor.web_backend (main.py:216): Detection flush error: Detection.__init__() missing 1 required positional argument: 'id'
2026-09-22 09:33:44 [ERROR   ] sdr_monitor.web_backend (main.py:216): Detection flush error: Detection.__init__() missing 1 required positional argument: 'id'
2026-09-22 09:33:44 [ERROR   ] sdr_monitor.web_backend (main.py:216): Detection flush error: Detection.__init__() missing 1 required positional argument: 'id'
2026-09-22 09:33:45 [ERROR   ] sdr_monitor.web_backend (main.py:216): Detection flush error: Detection.__init__() missing 1 required positional argument: 'id'
2026-09-22 09:33:45 [ERROR   ] sdr_monitor.web_backend (main.py:216): Detection flush error: Detection.__init__() missing 1 required positional argument: 'id'
2026-09-22 09:33:46 [ERROR   ] sdr_monitor.web_backend (main.py:216): Detection flush error: Detection.__init__() missing 1 required positional argument: 'id'
2026-09-22 09:33:46 [ERROR   ] sdr_monitor.web_backend (main.py:216): Detection flush error: Detection.__init__() missing 1 required positional argument: 'id'
2026-09-22 09:33:47 [ERROR   ] sdr_monitor.web_backend (main.py:216): Detection flush error: Detection.__init__() missing 1 required positional argument: 'id'
2026-09-22 09:33:48 [ERROR   ] sdr_monitor.web_backend (main.py:216): Detection flush error: Detection.__init__() missing 1 required positional argument: 'id'
2026-09-22 09:33:48 [ERROR   ] sdr_monitor.web_backend (main.py:216): Detection flush error: Detection.__init__() missing 1 required positional argument: 'id'
2026-09-22 09:33:49 [ERROR   ] sdr_monitor.web_backend (main.py:216): Detection flush error: Detection.__init__() missing 1 required positional argument: 'id'
2026-09-22 09:33:49 [ERROR   ] sdr_monitor.web_backend (main.py:216): Detection flush error: Detection.__init__() missing 1 required positional argument: 'id'
2026-09-22 09:33:50 [ERROR   ] sdr_monitor.web_backend (main.py:216): Detection flush error: Detection.__init__() missing 1 required positional argument: 'id'
2026-09-22 09:33:50 [ERROR   ] sdr_monitor.web_backend (main.py:216): Detection flush error: Detection.__init__() missing 1 required positional argument: 'id'
2026-09-22 09:33:51 [ERROR   ] sdr_monitor.web_backend (main.py:216): Detection flush error: Detection.__init__() missing 1 required positional argument: 'id'
2026-09-22 09:33:51 [ERROR   ] sdr_monitor.web_backend (main.py:216): Detection flush error: Detection.__init__() missing 1 required positional argument: 'id'
2026-09-22 09:33:52 [ERROR   ] sdr_monitor.web_backend (main.py:216): Detection flush error: Detection.__init__() missing 1 required positional argument: 'id'
2026-09-22 09:33:53 [ERROR   ] sdr_monitor.web_backend (main.py:216): Detection flush error: Detection.__init__() missing 1 required positional argument: 'id'
2026-09-22 09:33:53 [ERROR   ] sdr_monitor.web_backend (main.py:216): Detection flush error: Detection.__init__() missing 1 required positional argument: 'id'
2026-09-22 09:33:54 [ERROR   ] sdr_monitor.web_backend (main.py:216): Detection flush error: Detection.__init__() missing 1 required positional argument: 'id'
2026-09-22 09:33:54 [ERROR   ] sdr_monitor.web_backend (main.py:216): Detection flush error: Detection.__init__() missing 1 required positional argument: 'id'
2026-09-22 09:33:55 [ERROR   ] sdr_monitor.web_backend (main.py:216): Detection flush error: Detection.__init__() missing 1 required positional argument: 'id'
2026-09-22 09:33:55 [ERROR   ] sdr_monitor.web_backend (main.py:216): Detection flush error: Detection.__init__() missing 1 required positional argument: 'id'
2026-09-22 09:33:56 [ERROR   ] sdr_monitor.web_backend (main.py:216): Detection flush error: Detection.__init__() missing 1 required positional argument: 'id'
2026-09-22 09:33:56 [ERROR   ] sdr_monitor.web_backend (main.py:216): Detection flush error: Detection.__init__() missing 1 required positional argument: 'id'
2026-09-22 09:33:57 [ERROR   ] sdr_monitor.web_backend (main.py:216): Detection flush error: Detection.__init__() missing 1 required positional argument: 'id'
2026-09-22 09:33:57 [ERROR   ] sdr_monitor.web_backend (main.py:216): Detection flush error: Detection.__init__() missing 1 required positional argument: 'id'
2026-09-22 09:33:58 [ERROR   ] sdr_monitor.web_backend (main.py:216): Detection flush error: Detection.__init__() missing 1 required positional argument: 'id'
2026-09-22 09:33:58 [ERROR   ] sdr_monitor.web_backend (main.py:216): Detection flush error: Detection.__init__() missing 1 required positional argument: 'id'
2026-09-22 09:33:59 [ERROR   ] sdr_monitor.web_backend (main.py:216): Detection flush error: Detection.__init__() missing 1 required positional argument: 'id'
2026-09-22 09:33:59 [ERROR   ] sdr_monitor.web_backend (main.py:216): Detection flush error: Detection.__init__() missing 1 required positional argument: 'id'
2026-09-22 09:34:00 [ERROR   ] sdr_monitor.web_backend (main.py:216): Detection flush error: Detection.__init__() missing 1 required positional argument: 'id'
2026-09-22 09:34:00 [ERROR   ] sdr_monitor.web_backend (main.py:216): Detection flush error: Detection.__init__() missing 1 required positional argument: 'id'
2026-09-22 09:34:01 [ERROR   ] sdr_monitor.web_backend (main.py:216): Detection flush error: Detection.__init__() missing 1 required positional argument: 'id'
2026-09-22 09:34:01 [ERROR   ] sdr_monitor.web_backend (main.py:216): Detection flush error: Detection.__init__() missing 1 required positional argument: 'id'
2026-09-22 09:34:02 [ERROR   ] sdr_monitor.web_backend (main.py:216): Detection flush error: Detection.__init__() missing 1 required positional argument: 'id'
2026-09-22 09:34:02 [ERROR   ] sdr_monitor.web_backend (main.py:216): Detection flush error: Detection.__init__() missing 1 required positional argument: 'id'
2026-09-22 09:34:03 [ERROR   ] sdr_monitor.web_backend (main.py:216): Detection flush error: Detection.__init__() missing 1 required positional argument: 'id'
2026-09-22 09:34:03 [ERROR   ] sdr_monitor.web_backend (main.py:216): Detection flush error: Detection.__init__() missing 1 required positional argument: 'id'
2026-09-22 09:34:04 [ERROR   ] sdr_monitor.web_backend (main.py:216): Detection flush error: Detection.__init__() missing 1 required positional argument: 'id'
2026-09-22 09:34:04 [ERROR   ] sdr_monitor.web_backend (main.py:216): Detection flush error: Detection.__init__() missing 1 required positional argument: 'id'
2026-09-22 09:34:05 [ERROR   ] sdr_monitor.web_backend (main.py:216): Detection flush error: Detection.__init__() missing 1 required positional argument: 'id'
2026-09-22 09:34:05 [ERROR   ] sdr_monitor.web_backend (main.py:216): Detection flush error: Detection.__init__() missing 1 required positional argument: 'id'
2026-09-22 09:34:06 [ERROR   ] sdr_monitor.web_backend (main.py:216): Detection flush error: Detection.__init__() missing 1 required positional argument: 'id'
2026-09-22 09:34:06 [ERROR   ] sdr_monitor.web_backend (main.py:216): Detection flush error: Detection.__init__() missing 1 required positional argument: 'id'
2026-09-22 09:34:07 [ERROR   ] sdr_monitor.web_backend (main.py:216): Detection flush error: Detection.__init__() missing 1 required positional argument: 'id'
2026-09-22 09:34:07 [ERROR   ] sdr_monitor.web_backend (main.py:216): Detection flush error: Detection.__init__() missing 1 required positional argument: 'id'
2026-09-22 09:34:08 [ERROR   ] sdr_monitor.web_backend (main.py:216): Detection flush error: Detection.__init__() missing 1 required positional argument: 'id'
2026-09-22 09:34:08 [ERROR   ] sdr_monitor.web_backend (main.py:216): Detection flush error: Detection.__init__() missing 1 required positional argument: 'id'
2026-09-22 09:34:09 [ERROR   ] sdr_monitor.web_backend (main.py:216): Detection flush error: Detection.__init__() missing 1 required positional argument: 'id'
2026-09-22 09:34:09 [ERROR   ] sdr_monitor.web_backend (main.py:216): Detection flush error: Detection.__init__() missing 1 required positional argument: 'id'
2026-09-22 09:34:10 [ERROR   ] sdr_monitor.web_backend (main.py:216): Detection flush error: Detection.__init__() missing 1 required positional argument: 'id'
2026-09-22 09:34:11 [ERROR   ] sdr_monitor.web_backend (main.py:216): Detection flush error: Detection.__init__() missing 1 required positional argument: 'id'
2026-09-22 09:34:11 [ERROR   ] sdr_monitor.web_backend (main.py:216): Detection flush error: Detection.__init__() missing 1 required positional argument: 'id'
2026-09-22 09:34:12 [ERROR   ] sdr_monitor.web_backend (main.py:216): Detection flush error: Detection.__init__() missing 1 required positional argument: 'id'
2026-09-22 09:34:12 [ERROR   ] sdr_monitor.web_backend (main.py:216): Detection flush error: Detection.__init__() missing 1 required positional argument: 'id'
2026-09-22 09:34:13 [ERROR   ] sdr_monitor.web_backend (main.py:216): Detection flush error: Detection.__init__() missing 1 required positional argument: 'id'
2026-09-22 09:34:13 [ERROR   ] sdr_monitor.web_backend (main.py:216): Detection flush error: Detection.__init__() missing 1 required positional argument: 'id'
2026-09-22 09:34:14 [ERROR   ] sdr_monitor.web_backend (main.py:216): Detection flush error: Detection.__init__() missing 1 required positional argument: 'id'
2026-09-22 09:34:14 [ERROR   ] sdr_monitor.web_backend (main.py:216): Detection flush error: Detection.__init__() missing 1 required positional argument: 'id'
2026-09-22 09:34:15 [ERROR   ] sdr_monitor.web_backend (main.py:216): Detection flush error: Detection.__init__() missing 1 required positional argument: 'id'
2026-09-22 09:34:15 [ERROR   ] sdr_monitor.web_backend (main.py:216): Detection flush error: Detection.__init__() missing 1 required positional argument: 'id'
2026-09-22 09:34:16 [ERROR   ] sdr_monitor.web_backend (main.py:216): Detection flush error: Detection.__init__() missing 1 required positional argument: 'id'
2026-09-22 09:34:16 [ERROR   ] sdr_monitor.web_backend (main.py:216): Detection flush error: Detection.__init__() missing 1 required positional argument: 'id'
2026-09-22 09:34:17 [ERROR   ] sdr_monitor.web_backend (main.py:216): Detection flush error: Detection.__init__() missing 1 required positional argument: 'id'
2026-09-22 09:34:17 [ERROR   ] sdr_monitor.web_backend (main.py:216): Detection flush error: Detection.__init__() missing 1 required positional argument: 'id'
2026-09-22 09:34:18 [ERROR   ] sdr_monitor.web_backend (main.py:216): Detection flush error: Detection.__init__() missing 1 required positional argument: 'id'
2026-09-22 09:34:18 [ERROR   ] sdr_monitor.web_backend (main.py:216): Detection flush error: Detection.__init__() missing 1 required positional argument: 'id'
2026-09-22 09:34:19 [ERROR   ] sdr_monitor.web_backend (main.py:216): Detection flush error: Detection.__init__() missing 1 required positional argument: 'id'
2026-09-22 09:34:19 [ERROR   ] sdr_monitor.web_backend (main.py:216): Detection flush error: Detection.__init__() missing 1 required positional argument: 'id'
2026-09-22 09:34:20 [ERROR   ] sdr_monitor.web_backend (main.py:216): Detection flush error: Detection.__init__() missing 1 required positional argument: 'id'
2026-09-22 09:34:20 [ERROR   ] sdr_monitor.web_backend (main.py:216): Detection flush error: Detection.__init__() missing 1 required positional argument: 'id'
2026-09-22 09:34:21 [ERROR   ] sdr_monitor.web_backend (main.py:216): Detection flush error: Detection.__init__() missing 1 required positional argument: 'id'
2026-09-22 09:34:21 [ERROR   ] sdr_monitor.web_backend (main.py:216): Detection flush error: Detection.__init__() missing 1 required positional argument: 'id'
2026-09-22 09:34:22 [ERROR   ] sdr_monitor.web_backend (main.py:216): Detection flush error: Detection.__init__() missing 1 required positional argument: 'id'
2026-09-22 09:34:23 [ERROR   ] sdr_monitor.web_backend (main.py:216): Detection flush error: Detection.__init__() missing 1 required positional argument: 'id'
2026-09-22 09:34:23 [ERROR   ] sdr_monitor.web_backend (main.py:216): Detection flush error: Detection.__init__() missing 1 required positional argument: 'id'
2026-09-22 09:34:24 [ERROR   ] sdr_monitor.web_backend (main.py:216): Detection flush error: Detection.__init__() missing 1 required positional argument: 'id'
2026-09-22 09:34:24 [ERROR   ] sdr_monitor.web_backend (main.py:216): Detection flush error: Detection.__init__() missing 1 required positional argument: 'id'
2026-09-22 09:34:25 [ERROR   ] sdr_monitor.web_backend (main.py:216): Detection flush error: Detection.__init__() missing 1 required positional argument: 'id'
2026-09-22 09:34:25 [ERROR   ] sdr_monitor.web_backend (main.py:216): Detection flush error: Detection.__init__() missing 1 required positional argument: 'id'
2026-09-22 09:34:26 [ERROR   ] sdr_monitor.web_backend (main.py:216): Detection flush error: Detection.__init__() missing 1 required positional argument: 'id'
2026-09-22 09:34:26 [ERROR   ] sdr_monitor.web_backend (main.py:216): Detection flush error: Detection.__init__() missing 1 required positional argument: 'id'
2026-09-22 09:34:27 [ERROR   ] sdr_monitor.web_backend (main.py:216): Detection flush error: Detection.__init__() missing 1 required positional argument: 'id'
2026-09-22 09:34:27 [ERROR   ] sdr_monitor.web_backend (main.py:216): Detection flush error: Detection.__init__() missing 1 required positional argument: 'id'
2026-09-22 09:34:28 [ERROR   ] sdr_monitor.web_backend (main.py:216): Detection flush error: Detection.__init__() missing 1 required positional argument: 'id'
2026-09-22 09:34:28 [ERROR   ] sdr_monitor.web_backend (main.py:216): Detection flush error: Detection.__init__() missing 1 required positional argument: 'id'
2026-09-22 09:34:29 [ERROR   ] sdr_monitor.web_backend (main.py:216): Detection flush error: Detection.__init__() missing 1 required positional argument: 'id'
2026-09-22 09:34:29 [ERROR   ] sdr_monitor.web_backend (main.py:216): Detection flush error: Detection.__init__() missing 1 required positional argument: 'id'
2026-09-22 09:34:30 [ERROR   ] sdr_monitor.web_backend (main.py:216): Detection flush error: Detection.__init__() missing 1 required positional argument: 'id'
2026-09-22 09:34:30 [ERROR   ] sdr_monitor.web_backend (main.py:216): Detection flush error: Detection.__init__() missing 1 required positional argument: 'id'
2026-09-22 09:34:31 [ERROR   ] sdr_monitor.web_backend (main.py:216): Detection flush error: Detection.__init__() missing 1 required positional argument: 'id'
2026-09-22 09:34:31 [ERROR   ] sdr_monitor.web_backend (main.py:216): Detection flush error: Detection.__init__() missing 1 required positional argument: 'id'
2026-09-22 09:34:32 [ERROR   ] sdr_monitor.web_backend (main.py:216): Detection flush error: Detection.__init__() missing 1 required positional argument: 'id'
2026-09-22 09:34:32 [ERROR   ] sdr_monitor.web_backend (main.py:216): Detection flush error: Detection.__init__() missing 1 required positional argument: 'id'
2026-09-22 09:34:33 [ERROR   ] sdr_monitor.web_backend (main.py:216): Detection flush error: Detection.__init__() missing 1 required positional argument: 'id'
2026-09-22 09:34:33 [ERROR   ] sdr_monitor.web_backend (main.py:216): Detection flush error: Detection.__init__() missing 1 required positional argument: 'id'
2026-09-22 09:34:34 [ERROR   ] sdr_monitor.web_backend (main.py:216): Detection flush error: Detection.__init__() missing 1 required positional argument: 'id'
2026-09-22 09:34:34 [ERROR   ] sdr_monitor.web_backend (main.py:216): Detection flush error: Detection.__init__() missing 1 required positional argument: 'id'
2026-09-22 09:34:35 [ERROR   ] sdr_monitor.web_backend (main.py:216): Detection flush error: Detection.__init__() missing 1 required positional argument: 'id'
2026-09-22 09:34:35 [ERROR   ] sdr_monitor.web_backend (main.py:216): Detection flush error: Detection.__init__() missing 1 required positional argument: 'id'
2026-09-22 09:34:36 [ERROR   ] sdr_monitor.web_backend (main.py:216): Detection flush error: Detection.__init__() missing 1 required positional argument: 'id'
2026-09-22 09:34:37 [ERROR   ] sdr_monitor.web_backend (main.py:216): Detection flush error: Detection.__init__() missing 1 required positional argument: 'id'
2026-09-22 09:34:37 [ERROR   ] sdr_monitor.web_backend (main.py:216): Detection flush error: Detection.__init__() missing 1 required positional argument: 'id'
2026-09-22 09:34:38 [ERROR   ] sdr_monitor.web_backend (main.py:216): Detection flush error: Detection.__init__() missing 1 required positional argument: 'id'
2026-09-22 09:34:38 [ERROR   ] sdr_monitor.web_backend (main.py:216): Detection flush error: Detection.__init__() missing 1 required positional argument: 'id'
2026-09-22 09:34:39 [ERROR   ] sdr_monitor.web_backend (main.py:216): Detection flush error: Detection.__init__() missing 1 required positional argument: 'id'
2026-09-22 09:34:39 [ERROR   ] sdr_monitor.web_backend (main.py:216): Detection flush error: Detection.__init__() missing 1 required positional argument: 'id'
2026-09-22 09:34:40 [ERROR   ] sdr_monitor.web_backend (main.py:216): Detection flush error: Detection.__init__() missing 1 required positional argument: 'id'
2026-09-22 09:34:40 [ERROR   ] sdr_monitor.web_backend (main.py:216): Detection flush error: Detection.__init__() missing 1 required positional argument: 'id'
2026-09-22 09:34:41 [ERROR   ] sdr_monitor.web_backend (main.py:216): Detection flush error: Detection.__init__() missing 1 required positional argument: 'id'
2026-09-22 09:34:41 [ERROR   ] sdr_monitor.web_backend (main.py:216): Detection flush error: Detection.__init__() missing 1 required positional argument: 'id'
2026-09-22 09:34:42 [ERROR   ] sdr_monitor.web_backend (main.py:216): Detection flush error: Detection.__init__() missing 1 required positional argument: 'id'
2026-09-22 09:34:42 [ERROR   ] sdr_monitor.web_backend (main.py:216): Detection flush error: Detection.__init__() missing 1 required positional argument: 'id'
2026-09-22 09:34:43 [ERROR   ] sdr_monitor.web_backend (main.py:216): Detection flush error: Detection.__init__() missing 1 required positional argument: 'id'
2026-09-22 09:34:44 [ERROR   ] sdr_monitor.web_backend (main.py:216): Detection flush error: Detection.__init__() missing 1 required positional argument: 'id'
2026-09-22 09:34:44 [ERROR   ] sdr_monitor.web_backend (main.py:216): Detection flush error: Detection.__init__() missing 1 required positional argument: 'id'
2026-09-22 09:34:45 [ERROR   ] sdr_monitor.web_backend (main.py:216): Detection flush error: Detection.__init__() missing 1 required positional argument: 'id'
2026-09-22 09:34:45 [ERROR   ] sdr_monitor.web_backend (main.py:216): Detection flush error: Detection.__init__() missing 1 required positional argument: 'id'
2026-09-22 09:34:46 [ERROR   ] sdr_monitor.web_backend (main.py:216): Detection flush error: Detection.__init__() missing 1 required positional argument: 'id'
2026-09-22 09:34:46 [ERROR   ] sdr_monitor.web_backend (main.py:216): Detection flush error: Detection.__init__() missing 1 required positional argument: 'id'
2026-09-22 09:34:47 [ERROR   ] sdr_monitor.web_backend (main.py:216): Detection flush error: Detection.__init__() missing 1 required positional argument: 'id'
2026-09-22 09:34:47 [ERROR   ] sdr_monitor.web_backend (main.py:216): Detection flush error: Detection.__init__() missing 1 required positional argument: 'id'
2026-09-22 09:34:48 [ERROR   ] sdr_monitor.web_backend (main.py:216): Detection flush error: Detection.__init__() missing 1 required positional argument: 'id'
2026-09-22 09:34:48 [ERROR   ] sdr_monitor.web_backend (main.py:216): Detection flush error: Detection.__init__() missing 1 required positional argument: 'id'
2026-09-22 09:34:49 [ERROR   ] sdr_monitor.web_backend (main.py:216): Detection flush error: Detection.__init__() missing 1 required positional argument: 'id'
2026-09-22 09:34:49 [ERROR   ] sdr_monitor.web_backend (main.py:216): Detection flush error: Detection.__init__() missing 1 required positional argument: 'id'
2026-09-22 09:34:50 [ERROR   ] sdr_monitor.web_backend (main.py:216): Detection flush error: Detection.__init__() missing 1 required positional argument: 'id'
2026-09-22 09:34:50 [ERROR   ] sdr_monitor.web_backend (main.py:216): Detection flush error: Detection.__init__() missing 1 required positional argument: 'id'
2026-09-22 09:34:51 [ERROR   ] sdr_monitor.web_backend (main.py:216): Detection flush error: Detection.__init__() missing 1 required positional argument: 'id'
2026-09-22 09:34:51 [ERROR   ] sdr_monitor.web_backend (main.py:216): Detection flush error: Detection.__init__() missing 1 required positional argument: 'id'
2026-09-22 09:34:52 [ERROR   ] sdr_monitor.web_backend (main.py:216): Detection flush error: Detection.__init__() missing 1 required positional argument: 'id'
2026-09-22 09:34:52 [ERROR   ] sdr_monitor.web_backend (main.py:216): Detection flush error: Detection.__init__() missing 1 required positional argument: 'id'
2026-09-22 09:34:53 [ERROR   ] sdr_monitor.web_backend (main.py:216): Detection flush error: Detection.__init__() missing 1 required positional argument: 'id'
2026-09-22 09:34:53 [ERROR   ] sdr_monitor.web_backend (main.py:216): Detection flush error: Detection.__init__() missing 1 required positional argument: 'id'
2026-09-22 09:34:54 [ERROR   ] sdr_monitor.web_backend (main.py:216): Detection flush error: Detection.__init__() missing 1 required positional argument: 'id'
2026-09-22 09:34:54 [ERROR   ] sdr_monitor.web_backend (main.py:216): Detection flush error: Detection.__init__() missing 1 required positional argument: 'id'
2026-09-22 09:34:55 [ERROR   ] sdr_monitor.web_backend (main.py:216): Detection flush error: Detection.__init__() missing 1 required positional argument: 'id'
2026-09-22 09:34:56 [ERROR   ] sdr_monitor.web_backend (main.py:216): Detection flush error: Detection.__init__() missing 1 required positional argument: 'id'
2026-09-22 09:34:56 [ERROR   ] sdr_monitor.web_backend (main.py:216): Detection flush error: Detection.__init__() missing 1 required positional argument: 'id'
2026-09-22 09:34:57 [ERROR   ] sdr_monitor.web_backend (main.py:216): Detection flush error: Detection.__init__() missing 1 required positional argument: 'id'
2026-09-22 09:34:57 [ERROR   ] sdr_monitor.web_backend (main.py:216): Detection flush error: Detection.__init__() missing 1 required positional argument: 'id'
2026-09-22 09:34:58 [ERROR   ] sdr_monitor.web_backend (main.py:216): Detection flush error: Detection.__init__() missing 1 required positional argument: 'id'
2026-09-22 09:34:58 [ERROR   ] sdr_monitor.web_backend (main.py:216): Detection flush error: Detection.__init__() missing 1 required positional argument: 'id'
2026-09-22 09:34:59 [ERROR   ] sdr_monitor.web_backend (main.py:216): Detection flush error: Detection.__init__() missing 1 required positional argument: 'id'
2026-09-22 09:34:59 [ERROR   ] sdr_monitor.web_backend (main.py:216): Detection flush error: Detection.__init__() missing 1 required positional argument: 'id'
2026-09-22 09:35:00 [ERROR   ] sdr_monitor.web_backend (main.py:216): Detection flush error: Detection.__init__() missing 1 required positional argument: 'id'
2026-09-22 09:35:00 [ERROR   ] sdr_monitor.web_backend (main.py:216): Detection flush error: Detection.__init__() missing 1 required positional argument: 'id'
2026-09-22 09:35:01 [ERROR   ] sdr_monitor.web_backend (main.py:216): Detection flush error: Detection.__init__() missing 1 required positional argument: 'id'
2026-09-22 09:35:01 [ERROR   ] sdr_monitor.web_backend (main.py:216): Detection flush error: Detection.__init__() missing 1 required positional argument: 'id'
2026-09-22 09:35:02 [ERROR   ] sdr_monitor.web_backend (main.py:216): Detection flush error: Detection.__init__() missing 1 required positional argument: 'id'
2026-09-22 09:35:02 [ERROR   ] sdr_monitor.web_backend (main.py:216): Detection flush error: Detection.__init__() missing 1 required positional argument: 'id'
2026-09-22 09:35:03 [ERROR   ] sdr_monitor.web_backend (main.py:216): Detection flush error: Detection.__init__() missing 1 required positional argument: 'id'
2026-09-22 09:35:03 [ERROR   ] sdr_monitor.web_backend (main.py:216): Detection flush error: Detection.__init__() missing 1 required positional argument: 'id'
2026-09-22 09:35:04 [ERROR   ] sdr_monitor.web_backend (main.py:216): Detection flush error: Detection.__init__() missing 1 required positional argument: 'id'
2026-09-22 09:35:04 [ERROR   ] sdr_monitor.web_backend (main.py:216): Detection flush error: Detection.__init__() missing 1 required positional argument: 'id'
2026-09-22 09:35:05 [ERROR   ] sdr_monitor.web_backend (main.py:216): Detection flush error: Detection.__init__() missing 1 required positional argument: 'id'
2026-09-22 09:35:05 [ERROR   ] sdr_monitor.web_backend (main.py:216): Detection flush error: Detection.__init__() missing 1 required positional argument: 'id'
2026-09-22 09:35:06 [ERROR   ] sdr_monitor.web_backend (main.py:216): Detection flush error: Detection.__init__() missing 1 required positional argument: 'id'
2026-09-22 09:35:06 [ERROR   ] sdr_monitor.web_backend (main.py:216): Detection flush error: Detection.__init__() missing 1 required positional argument: 'id'
2026-09-22 09:35:07 [ERROR   ] sdr_monitor.web_backend (main.py:216): Detection flush error: Detection.__init__() missing 1 required positional argument: 'id'
2026-09-22 09:35:07 [ERROR   ] sdr_monitor.web_backend (main.py:216): Detection flush error: Detection.__init__() missing 1 required positional argument: 'id'
2026-09-22 09:35:08 [ERROR   ] sdr_monitor.web_backend (main.py:216): Detection flush error: Detection.__init__() missing 1 required positional argument: 'id'
2026-09-22 09:35:08 [ERROR   ] sdr_monitor.web_backend (main.py:216): Detection flush error: Detection.__init__() missing 1 required positional argument: 'id'
2026-09-22 09:35:09 [ERROR   ] sdr_monitor.web_backend (main.py:216): Detection flush error: Detection.__init__() missing 1 required positional argument: 'id'
2026-09-22 09:35:10 [ERROR   ] sdr_monitor.web_backend (main.py:216): Detection flush error: Detection.__init__() missing 1 required positional argument: 'id'
2026-09-22 09:35:10 [ERROR   ] sdr_monitor.web_backend (main.py:216): Detection flush error: Detection.__init__() missing 1 required positional argument: 'id'
2026-09-22 09:35:11 [ERROR   ] sdr_monitor.web_backend (main.py:216): Detection flush error: Detection.__init__() missing 1 required positional argument: 'id'
2026-09-22 09:35:11 [ERROR   ] sdr_monitor.web_backend (main.py:216): Detection flush error: Detection.__init__() missing 1 required positional argument: 'id'
2026-09-22 09:35:12 [ERROR   ] sdr_monitor.web_backend (main.py:216): Detection flush error: Detection.__init__() missing 1 required positional argument: 'id'
2026-09-22 09:35:12 [ERROR   ] sdr_monitor.web_backend (main.py:216): Detection flush error: Detection.__init__() missing 1 required positional argument: 'id'
2026-09-22 09:35:13 [ERROR   ] sdr_monitor.web_backend (main.py:216): Detection flush error: Detection.__init__() missing 1 required positional argument: 'id'
2026-09-22 09:35:13 [ERROR   ] sdr_monitor.web_backend (main.py:216): Detection flush error: Detection.__init__() missing 1 required positional argument: 'id'
2026-09-22 09:35:14 [ERROR   ] sdr_monitor.web_backend (main.py:216): Detection flush error: Detection.__init__() missing 1 required positional argument: 'id'
2026-09-22 09:35:14 [ERROR   ] sdr_monitor.web_backend (main.py:216): Detection flush error: Detection.__init__() missing 1 required positional argument: 'id'
2026-09-22 09:35:15 [ERROR   ] sdr_monitor.web_backend (main.py:216): Detection flush error: Detection.__init__() missing 1 required positional argument: 'id'
2026-09-22 09:35:15 [ERROR   ] sdr_monitor.web_backend (main.py:216): Detection flush error: Detection.__init__() missing 1 required positional argument: 'id'
2026-09-22 09:35:16 [ERROR   ] sdr_monitor.web_backend (main.py:216): Detection flush error: Detection.__init__() missing 1 required positional argument: 'id'
2026-09-22 09:35:16 [ERROR   ] sdr_monitor.web_backend (main.py:216): Detection flush error: Detection.__init__() missing 1 required positional argument: 'id'
2026-09-22 09:35:17 [ERROR   ] sdr_monitor.web_backend (main.py:216): Detection flush error: Detection.__init__() missing 1 required positional argument: 'id'
2026-09-22 09:35:17 [ERROR   ] sdr_monitor.web_backend (main.py:216): Detection flush error: Detection.__init__() missing 1 required positional argument: 'id'
2026-09-22 09:35:18 [ERROR   ] sdr_monitor.web_backend (main.py:216): Detection flush error: Detection.__init__() missing 1 required positional argument: 'id'
2026-09-22 09:35:18 [ERROR   ] sdr_monitor.web_backend (main.py:216): Detection flush error: Detection.__init__() missing 1 required positional argument: 'id'
2026-09-22 09:35:19 [ERROR   ] sdr_monitor.web_backend (main.py:216): Detection flush error: Detection.__init__() missing 1 required positional argument: 'id'
2026-09-22 09:35:19 [ERROR   ] sdr_monitor.web_backend (main.py:216): Detection flush error: Detection.__init__() missing 1 required positional argument: 'id'
2026-09-22 09:35:20 [ERROR   ] sdr_monitor.web_backend (main.py:216): Detection flush error: Detection.__init__() missing 1 required positional argument: 'id'
2026-09-22 09:35:21 [ERROR   ] sdr_monitor.web_backend (main.py:216): Detection flush error: Detection.__init__() missing 1 required positional argument: 'id'
2026-09-22 09:35:21 [ERROR   ] sdr_monitor.web_backend (main.py:216): Detection flush error: Detection.__init__() missing 1 required positional argument: 'id'
2026-09-22 09:35:22 [ERROR   ] sdr_monitor.web_backend (main.py:216): Detection flush error: Detection.__init__() missing 1 required positional argument: 'id'
2026-09-22 09:35:22 [ERROR   ] sdr_monitor.web_backend (main.py:216): Detection flush error: Detection.__init__() missing 1 required positional argument: 'id'
2026-09-22 09:35:23 [ERROR   ] sdr_monitor.web_backend (main.py:216): Detection flush error: Detection.__init__() missing 1 required positional argument: 'id'
2026-09-22 09:35:23 [ERROR   ] sdr_monitor.web_backend (main.py:216): Detection flush error: Detection.__init__() missing 1 required positional argument: 'id'
2026-09-22 09:35:24 [ERROR   ] sdr_monitor.web_backend (main.py:216): Detection flush error: Detection.__init__() missing 1 required positional argument: 'id'
2026-09-22 09:35:24 [ERROR   ] sdr_monitor.web_backend (main.py:216): Detection flush error: Detection.__init__() missing 1 required positional argument: 'id'
2026-09-22 09:35:25 [ERROR   ] sdr_monitor.web_backend (main.py:216): Detection flush error: Detection.__init__() missing 1 required positional argument: 'id'
2026-09-22 09:35:25 [ERROR   ] sdr_monitor.web_backend (main.py:216): Detection flush error: Detection.__init__() missing 1 required positional argument: 'id'
2026-09-22 09:35:26 [ERROR   ] sdr_monitor.web_backend (main.py:216): Detection flush error: Detection.__init__() missing 1 required positional argument: 'id'
2026-09-22 09:35:26 [ERROR   ] sdr_monitor.web_backend (main.py:216): Detection flush error: Detection.__init__() missing 1 required positional argument: 'id'
2026-09-22 09:35:27 [ERROR   ] sdr_monitor.web_backend (main.py:216): Detection flush error: Detection.__init__() missing 1 required positional argument: 'id'
2026-09-22 09:35:27 [ERROR   ] sdr_monitor.web_backend (main.py:216): Detection flush error: Detection.__init__() missing 1 required positional argument: 'id'
2026-09-22 09:35:28 [ERROR   ] sdr_monitor.web_backend (main.py:216): Detection flush error: Detection.__init__() missing 1 required positional argument: 'id'
2026-09-22 09:35:28 [ERROR   ] sdr_monitor.web_backend (main.py:216): Detection flush error: Detection.__init__() missing 1 required positional argument: 'id'
2026-09-22 09:35:29 [ERROR   ] sdr_monitor.web_backend (main.py:216): Detection flush error: Detection.__init__() missing 1 required positional argument: 'id'
2026-09-22 09:35:29 [ERROR   ] sdr_monitor.web_backend (main.py:216): Detection flush error: Detection.__init__() missing 1 required positional argument: 'id'
2026-09-22 09:35:30 [ERROR   ] sdr_monitor.web_backend (main.py:216): Detection flush error: Detection.__init__() missing 1 required positional argument: 'id'
2026-09-22 09:35:30 [ERROR   ] sdr_monitor.web_backend (main.py:216): Detection flush error: Detection.__init__() missing 1 required positional argument: 'id'
2026-09-22 09:35:31 [ERROR   ] sdr_monitor.web_backend (main.py:216): Detection flush error: Detection.__init__() missing 1 required positional argument: 'id'
2026-09-22 09:35:31 [ERROR   ] sdr_monitor.web_backend (main.py:216): Detection flush error: Detection.__init__() missing 1 required positional argument: 'id'
2026-09-22 09:35:32 [ERROR   ] sdr_monitor.web_backend (main.py:216): Detection flush error: Detection.__init__() missing 1 required positional argument: 'id'
2026-09-22 09:35:32 [ERROR   ] sdr_monitor.web_backend (main.py:216): Detection flush error: Detection.__init__() missing 1 required positional argument: 'id'
2026-09-22 09:35:33 [ERROR   ] sdr_monitor.web_backend (main.py:216): Detection flush error: Detection.__init__() missing 1 required positional argument: 'id'
2026-09-22 09:35:33 [ERROR   ] sdr_monitor.web_backend (main.py:216): Detection flush error: Detection.__init__() missing 1 required positional argument: 'id'
2026-09-22 09:35:34 [ERROR   ] sdr_monitor.web_backend (main.py:216): Detection flush error: Detection.__init__() missing 1 required positional argument: 'id'
2026-09-22 09:35:34 [ERROR   ] sdr_monitor.web_backend (main.py:216): Detection flush error: Detection.__init__() missing 1 required positional argument: 'id'
2026-09-22 09:35:35 [ERROR   ] sdr_monitor.web_backend (main.py:216): Detection flush error: Detection.__init__() missing 1 required positional argument: 'id'
2026-09-22 09:35:35 [ERROR   ] sdr_monitor.web_backend (main.py:216): Detection flush error: Detection.__init__() missing 1 required positional argument: 'id'
2026-09-22 09:35:36 [ERROR   ] sdr_monitor.web_backend (main.py:216): Detection flush error: Detection.__init__() missing 1 required positional argument: 'id'
2026-09-22 09:35:37 [ERROR   ] sdr_monitor.web_backend (main.py:216): Detection flush error: Detection.__init__() missing 1 required positional argument: 'id'
2026-09-22 09:35:37 [ERROR   ] sdr_monitor.web_backend (main.py:216): Detection flush error: Detection.__init__() missing 1 required positional argument: 'id'
2026-09-22 09:35:38 [ERROR   ] sdr_monitor.web_backend (main.py:216): Detection flush error: Detection.__init__() missing 1 required positional argument: 'id'
2026-09-22 09:35:38 [ERROR   ] sdr_monitor.web_backend (main.py:216): Detection flush error: Detection.__init__() missing 1 required positional argument: 'id'
2026-09-22 09:35:39 [ERROR   ] sdr_monitor.web_backend (main.py:216): Detection flush error: Detection.__init__() missing 1 required positional argument: 'id'
2026-09-22 09:35:39 [ERROR   ] sdr_monitor.web_backend (main.py:216): Detection flush error: Detection.__init__() missing 1 required positional argument: 'id'
2026-09-22 09:35:40 [ERROR   ] sdr_monitor.web_backend (main.py:216): Detection flush error: Detection.__init__() missing 1 required positional argument: 'id'
2026-09-22 09:35:40 [ERROR   ] sdr_monitor.web_backend (main.py:216): Detection flush error: Detection.__init__() missing 1 required positional argument: 'id'
2026-09-22 09:35:41 [ERROR   ] sdr_monitor.web_backend (main.py:216): Detection flush error: Detection.__init__() missing 1 required positional argument: 'id'
2026-09-22 09:35:41 [ERROR   ] sdr_monitor.web_backend (main.py:216): Detection flush error: Detection.__init__() missing 1 required positional argument: 'id'
2026-09-22 09:35:42 [ERROR   ] sdr_monitor.web_backend (main.py:216): Detection flush error: Detection.__init__() missing 1 required positional argument: 'id'
2026-09-22 09:35:42 [ERROR   ] sdr_monitor.web_backend (main.py:216): Detection flush error: Detection.__init__() missing 1 required positional argument: 'id'
2026-09-22 09:35:43 [ERROR   ] sdr_monitor.web_backend (main.py:216): Detection flush error: Detection.__init__() missing 1 required positional argument: 'id'
2026-09-22 09:35:43 [ERROR   ] sdr_monitor.web_backend (main.py:216): Detection flush error: Detection.__init__() missing 1 required positional argument: 'id'
2026-09-22 09:35:44 [ERROR   ] sdr_monitor.web_backend (main.py:216): Detection flush error: Detection.__init__() missing 1 required positional argument: 'id'
2026-09-22 09:35:44 [ERROR   ] sdr_monitor.web_backend (main.py:216): Detection flush error: Detection.__init__() missing 1 required positional argument: 'id'
2026-09-22 09:35:45 [ERROR   ] sdr_monitor.web_backend (main.py:216): Detection flush error: Detection.__init__() missing 1 required positional argument: 'id'
2026-09-22 09:35:45 [ERROR   ] sdr_monitor.web_backend (main.py:216): Detection flush error: Detection.__init__() missing 1 required positional argument: 'id'
2026-09-22 09:35:46 [ERROR   ] sdr_monitor.web_backend (main.py:216): Detection flush error: Detection.__init__() missing 1 required positional argument: 'id'
2026-09-22 09:35:46 [ERROR   ] sdr_monitor.web_backend (main.py:216): Detection flush error: Detection.__init__() missing 1 required positional argument: 'id'
2026-09-22 09:35:47 [ERROR   ] sdr_monitor.web_backend (main.py:216): Detection flush error: Detection.__init__() missing 1 required positional argument: 'id'
2026-09-22 09:35:47 [ERROR   ] sdr_monitor.web_backend (main.py:216): Detection flush error: Detection.__init__() missing 1 required positional argument: 'id'
2026-09-22 09:35:48 [ERROR   ] sdr_monitor.web_backend (main.py:216): Detection flush error: Detection.__init__() missing 1 required positional argument: 'id'
2026-09-22 09:35:48 [ERROR   ] sdr_monitor.web_backend (main.py:216): Detection flush error: Detection.__init__() missing 1 required positional argument: 'id'
2026-09-22 09:35:49 [ERROR   ] sdr_monitor.web_backend (main.py:216): Detection flush error: Detection.__init__() missing 1 required positional argument: 'id'
2026-09-22 09:35:49 [ERROR   ] sdr_monitor.web_backend (main.py:216): Detection flush error: Detection.__init__() missing 1 required positional argument: 'id'
2026-09-22 09:35:50 [ERROR   ] sdr_monitor.web_backend (main.py:216): Detection flush error: Detection.__init__() missing 1 required positional argument: 'id'
2026-09-22 09:35:50 [ERROR   ] sdr_monitor.web_backend (main.py:216): Detection flush error: Detection.__init__() missing 1 required positional argument: 'id'
2026-09-22 09:35:51 [ERROR   ] sdr_monitor.web_backend (main.py:216): Detection flush error: Detection.__init__() missing 1 required positional argument: 'id'
2026-09-22 09:35:51 [ERROR   ] sdr_monitor.web_backend (main.py:216): Detection flush error: Detection.__init__() missing 1 required positional argument: 'id'
2026-09-22 09:35:52 [ERROR   ] sdr_monitor.web_backend (main.py:216): Detection flush error: Detection.__init__() missing 1 required positional argument: 'id'
2026-09-22 09:35:52 [ERROR   ] sdr_monitor.web_backend (main.py:216): Detection flush error: Detection.__init__() missing 1 required positional argument: 'id'
2026-09-22 09:35:53 [ERROR   ] sdr_monitor.web_backend (main.py:216): Detection flush error: Detection.__init__() missing 1 required positional argument: 'id'
2026-09-22 09:35:53 [ERROR   ] sdr_monitor.web_backend (main.py:216): Detection flush error: Detection.__init__() missing 1 required positional argument: 'id'
2026-09-22 09:35:54 [ERROR   ] sdr_monitor.web_backend (main.py:216): Detection flush error: Detection.__init__() missing 1 required positional argument: 'id'
2026-09-22 09:35:55 [ERROR   ] sdr_monitor.web_backend (main.py:216): Detection flush error: Detection.__init__() missing 1 required positional argument: 'id'
2026-09-22 09:35:55 [ERROR   ] sdr_monitor.web_backend (main.py:216): Detection flush error: Detection.__init__() missing 1 required positional argument: 'id'
2026-09-22 09:35:56 [ERROR   ] sdr_monitor.web_backend (main.py:216): Detection flush error: Detection.__init__() missing 1 required positional argument: 'id'
2026-09-22 09:35:56 [ERROR   ] sdr_monitor.web_backend (main.py:216): Detection flush error: Detection.__init__() missing 1 required positional argument: 'id'
2026-09-22 09:35:57 [ERROR   ] sdr_monitor.web_backend (main.py:216): Detection flush error: Detection.__init__() missing 1 required positional argument: 'id'
2026-09-22 09:35:57 [ERROR   ] sdr_monitor.web_backend (main.py:216): Detection flush error: Detection.__init__() missing 1 required positional argument: 'id'
2026-09-22 09:35:58 [ERROR   ] sdr_monitor.web_backend (main.py:216): Detection flush error: Detection.__init__() missing 1 required positional argument: 'id'
2026-09-22 09:35:58 [ERROR   ] sdr_monitor.web_backend (main.py:216): Detection flush error: Detection.__init__() missing 1 required positional argument: 'id'
2026-09-22 09:35:59 [ERROR   ] sdr_monitor.web_backend (main.py:216): Detection flush error: Detection.__init__() missing 1 required positional argument: 'id'
2026-09-22 09:35:59 [ERROR   ] sdr_monitor.web_backend (main.py:216): Detection flush error: Detection.__init__() missing 1 required positional argument: 'id'
2026-09-22 09:36:00 [ERROR   ] sdr_monitor.web_backend (main.py:216): Detection flush error: Detection.__init__() missing 1 required positional argument: 'id'
2026-09-22 09:36:00 [ERROR   ] sdr_monitor.web_backend (main.py:216): Detection flush error: Detection.__init__() missing 1 required positional argument: 'id'
2026-09-22 09:36:01 [ERROR   ] sdr_monitor.web_backend (main.py:216): Detection flush error: Detection.__init__() missing 1 required positional argument: 'id'
2026-09-22 09:36:01 [ERROR   ] sdr_monitor.web_backend (main.py:216): Detection flush error: Detection.__init__() missing 1 required positional argument: 'id'
2026-09-22 09:36:02 [ERROR   ] sdr_monitor.web_backend (main.py:216): Detection flush error: Detection.__init__() missing 1 required positional argument: 'id'
2026-09-22 09:36:02 [ERROR   ] sdr_monitor.web_backend (main.py:216): Detection flush error: Detection.__init__() missing 1 required positional argument: 'id'
2026-09-22 09:36:03 [ERROR   ] sdr_monitor.web_backend (main.py:216): Detection flush error: Detection.__init__() missing 1 required positional argument: 'id'
2026-09-22 09:36:03 [ERROR   ] sdr_monitor.web_backend (main.py:216): Detection flush error: Detection.__init__() missing 1 required positional argument: 'id'
2026-09-22 09:36:04 [ERROR   ] sdr_monitor.web_backend (main.py:216): Detection flush error: Detection.__init__() missing 1 required positional argument: 'id'
2026-09-22 09:36:04 [ERROR   ] sdr_monitor.web_backend (main.py:216): Detection flush error: Detection.__init__() missing 1 required positional argument: 'id'
2026-09-22 09:36:05 [ERROR   ] sdr_monitor.web_backend (main.py:216): Detection flush error: Detection.__init__() missing 1 required positional argument: 'id'
2026-09-22 09:36:05 [ERROR   ] sdr_monitor.web_backend (main.py:216): Detection flush error: Detection.__init__() missing 1 required positional argument: 'id'
2026-09-22 09:36:06 [ERROR   ] sdr_monitor.web_backend (main.py:216): Detection flush error: Detection.__init__() missing 1 required positional argument: 'id'
2026-09-22 09:36:06 [ERROR   ] sdr_monitor.web_backend (main.py:216): Detection flush error: Detection.__init__() missing 1 required positional argument: 'id'
2026-09-22 09:36:07 [ERROR   ] sdr_monitor.web_backend (main.py:216): Detection flush error: Detection.__init__() missing 1 required positional argument: 'id'
2026-09-22 09:36:07 [ERROR   ] sdr_monitor.web_backend (main.py:216): Detection flush error: Detection.__init__() missing 1 required positional argument: 'id'
2026-09-22 09:36:08 [ERROR   ] sdr_monitor.web_backend (main.py:216): Detection flush error: Detection.__init__() missing 1 required positional argument: 'id'
2026-09-22 09:36:08 [ERROR   ] sdr_monitor.web_backend (main.py:216): Detection flush error: Detection.__init__() missing 1 required positional argument: 'id'
2026-09-22 09:36:09 [ERROR   ] sdr_monitor.web_backend (main.py:216): Detection flush error: Detection.__init__() missing 1 required positional argument: 'id'
2026-09-22 09:36:09 [ERROR   ] sdr_monitor.web_backend (main.py:216): Detection flush error: Detection.__init__() missing 1 required positional argument: 'id'
2026-09-22 09:36:10 [ERROR   ] sdr_monitor.web_backend (main.py:216): Detection flush error: Detection.__init__() missing 1 required positional argument: 'id'
2026-09-22 09:36:10 [ERROR   ] sdr_monitor.web_backend (main.py:216): Detection flush error: Detection.__init__() missing 1 required positional argument: 'id'
2026-09-22 09:36:11 [ERROR   ] sdr_monitor.web_backend (main.py:216): Detection flush error: Detection.__init__() missing 1 required positional argument: 'id'
2026-09-22 09:36:11 [ERROR   ] sdr_monitor.web_backend (main.py:216): Detection flush error: Detection.__init__() missing 1 required positional argument: 'id'
2026-09-22 09:36:12 [ERROR   ] sdr_monitor.web_backend (main.py:216): Detection flush error: Detection.__init__() missing 1 required positional argument: 'id'
2026-09-22 09:36:12 [ERROR   ] sdr_monitor.web_backend (main.py:216): Detection flush error: Detection.__init__() missing 1 required positional argument: 'id'
2026-09-22 09:36:13 [ERROR   ] sdr_monitor.web_backend (main.py:216): Detection flush error: Detection.__init__() missing 1 required positional argument: 'id'
2026-09-22 09:36:13 [ERROR   ] sdr_monitor.web_backend (main.py:216): Detection flush error: Detection.__init__() missing 1 required positional argument: 'id'
2026-09-22 09:36:14 [ERROR   ] sdr_monitor.web_backend (main.py:216): Detection flush error: Detection.__init__() missing 1 required positional argument: 'id'
2026-09-22 09:36:14 [ERROR   ] sdr_monitor.web_backend (main.py:216): Detection flush error: Detection.__init__() missing 1 required positional argument: 'id'
2026-09-22 09:36:15 [ERROR   ] sdr_monitor.web_backend (main.py:216): Detection flush error: Detection.__init__() missing 1 required positional argument: 'id'
2026-09-22 09:36:16 [ERROR   ] sdr_monitor.web_backend (main.py:216): Detection flush error: Detection.__init__() missing 1 required positional argument: 'id'
2026-09-22 09:36:16 [ERROR   ] sdr_monitor.web_backend (main.py:216): Detection flush error: Detection.__init__() missing 1 required positional argument: 'id'
2026-09-22 09:36:17 [ERROR   ] sdr_monitor.web_backend (main.py:216): Detection flush error: Detection.__init__() missing 1 required positional argument: 'id'
2026-09-22 09:36:17 [ERROR   ] sdr_monitor.web_backend (main.py:216): Detection flush error: Detection.__init__() missing 1 required positional argument: 'id'
2026-09-22 09:36:18 [ERROR   ] sdr_monitor.web_backend (main.py:216): Detection flush error: Detection.__init__() missing 1 required positional argument: 'id'
2026-09-22 09:36:18 [ERROR   ] sdr_monitor.web_backend (main.py:216): Detection flush error: Detection.__init__() missing 1 required positional argument: 'id'
2026-09-22 09:36:19 [ERROR   ] sdr_monitor.web_backend (main.py:216): Detection flush error: Detection.__init__() missing 1 required positional argument: 'id'
2026-09-22 09:36:19 [ERROR   ] sdr_monitor.web_backend (main.py:216): Detection flush error: Detection.__init__() missing 1 required positional argument: 'id'
2026-09-22 09:36:20 [ERROR   ] sdr_monitor.web_backend (main.py:216): Detection flush error: Detection.__init__() missing 1 required positional argument: 'id'
2026-09-22 09:36:20 [ERROR   ] sdr_monitor.web_backend (main.py:216): Detection flush error: Detection.__init__() missing 1 required positional argument: 'id'
2026-09-22 09:36:21 [ERROR   ] sdr_monitor.web_backend (main.py:216): Detection flush error: Detection.__init__() missing 1 required positional argument: 'id'
2026-09-22 09:36:21 [ERROR   ] sdr_monitor.web_backend (main.py:216): Detection flush error: Detection.__init__() missing 1 required positional argument: 'id'
2026-09-22 09:36:22 [ERROR   ] sdr_monitor.web_backend (main.py:216): Detection flush error: Detection.__init__() missing 1 required positional argument: 'id'
2026-09-22 09:36:22 [ERROR   ] sdr_monitor.web_backend (main.py:216): Detection flush error: Detection.__init__() missing 1 required positional argument: 'id'
2026-09-22 09:36:23 [ERROR   ] sdr_monitor.web_backend (main.py:216): Detection flush error: Detection.__init__() missing 1 required positional argument: 'id'
2026-09-22 09:36:23 [ERROR   ] sdr_monitor.web_backend (main.py:216): Detection flush error: Detection.__init__() missing 1 required positional argument: 'id'
2026-09-22 09:36:24 [ERROR   ] sdr_monitor.web_backend (main.py:216): Detection flush error: Detection.__init__() missing 1 required positional argument: 'id'
2026-09-22 09:36:24 [ERROR   ] sdr_monitor.web_backend (main.py:216): Detection flush error: Detection.__init__() missing 1 required positional argument: 'id'
2026-09-22 09:36:25 [ERROR   ] sdr_monitor.web_backend (main.py:216): Detection flush error: Detection.__init__() missing 1 required positional argument: 'id'
2026-09-22 09:36:25 [ERROR   ] sdr_monitor.web_backend (main.py:216): Detection flush error: Detection.__init__() missing 1 required positional argument: 'id'
2026-09-22 09:36:26 [ERROR   ] sdr_monitor.web_backend (main.py:216): Detection flush error: Detection.__init__() missing 1 required positional argument: 'id'
2026-09-22 09:36:26 [ERROR   ] sdr_monitor.web_backend (main.py:216): Detection flush error: Detection.__init__() missing 1 required positional argument: 'id'
2026-09-22 09:36:27 [ERROR   ] sdr_monitor.web_backend (main.py:216): Detection flush error: Detection.__init__() missing 1 required positional argument: 'id'
2026-09-22 09:36:27 [ERROR   ] sdr_monitor.web_backend (main.py:216): Detection flush error: Detection.__init__() missing 1 required positional argument: 'id'
2026-09-22 09:36:28 [ERROR   ] sdr_monitor.web_backend (main.py:216): Detection flush error: Detection.__init__() missing 1 required positional argument: 'id'
2026-09-22 09:36:28 [ERROR   ] sdr_monitor.web_backend (main.py:216): Detection flush error: Detection.__init__() missing 1 required positional argument: 'id'
2026-09-22 09:36:29 [ERROR   ] sdr_monitor.web_backend (main.py:216): Detection flush error: Detection.__init__() missing 1 required positional argument: 'id'
2026-09-22 09:36:29 [ERROR   ] sdr_monitor.web_backend (main.py:216): Detection flush error: Detection.__init__() missing 1 required positional argument: 'id'
2026-09-22 09:36:30 [ERROR   ] sdr_monitor.web_backend (main.py:216): Detection flush error: Detection.__init__() missing 1 required positional argument: 'id'
2026-09-22 09:36:30 [ERROR   ] sdr_monitor.web_backend (main.py:216): Detection flush error: Detection.__init__() missing 1 required positional argument: 'id'
2026-09-22 09:36:31 [ERROR   ] sdr_monitor.web_backend (main.py:216): Detection flush error: Detection.__init__() missing 1 required positional argument: 'id'
2026-09-22 09:36:31 [ERROR   ] sdr_monitor.web_backend (main.py:216): Detection flush error: Detection.__init__() missing 1 required positional argument: 'id'
2026-09-22 09:36:32 [ERROR   ] sdr_monitor.web_backend (main.py:216): Detection flush error: Detection.__init__() missing 1 required positional argument: 'id'
2026-09-22 09:36:32 [ERROR   ] sdr_monitor.web_backend (main.py:216): Detection flush error: Detection.__init__() missing 1 required positional argument: 'id'
2026-09-22 09:36:33 [ERROR   ] sdr_monitor.web_backend (main.py:216): Detection flush error: Detection.__init__() missing 1 required positional argument: 'id'
2026-09-22 09:36:33 [ERROR   ] sdr_monitor.web_backend (main.py:216): Detection flush error: Detection.__init__() missing 1 required positional argument: 'id'
2026-09-22 09:36:34 [ERROR   ] sdr_monitor.web_backend (main.py:216): Detection flush error: Detection.__init__() missing 1 required positional argument: 'id'
2026-09-22 09:36:34 [ERROR   ] sdr_monitor.web_backend (main.py:216): Detection flush error: Detection.__init__() missing 1 required positional argument: 'id'
2026-09-22 09:36:35 [ERROR   ] sdr_monitor.web_backend (main.py:216): Detection flush error: Detection.__init__() missing 1 required positional argument: 'id'
2026-09-22 09:36:35 [ERROR   ] sdr_monitor.web_backend (main.py:216): Detection flush error: Detection.__init__() missing 1 required positional argument: 'id'
2026-09-22 09:36:36 [ERROR   ] sdr_monitor.web_backend (main.py:216): Detection flush error: Detection.__init__() missing 1 required positional argument: 'id'
2026-09-22 09:36:37 [ERROR   ] sdr_monitor.web_backend (main.py:216): Detection flush error: Detection.__init__() missing 1 required positional argument: 'id'
2026-09-22 09:36:37 [ERROR   ] sdr_monitor.web_backend (main.py:216): Detection flush error: Detection.__init__() missing 1 required positional argument: 'id'
2026-09-22 09:36:38 [ERROR   ] sdr_monitor.web_backend (main.py:216): Detection flush error: Detection.__init__() missing 1 required positional argument: 'id'
2026-09-22 09:36:38 [ERROR   ] sdr_monitor.web_backend (main.py:216): Detection flush error: Detection.__init__() missing 1 required positional argument: 'id'
2026-09-22 09:36:39 [ERROR   ] sdr_monitor.web_backend (main.py:216): Detection flush error: Detection.__init__() missing 1 required positional argument: 'id'
2026-09-22 09:36:39 [ERROR   ] sdr_monitor.web_backend (main.py:216): Detection flush error: Detection.__init__() missing 1 required positional argument: 'id'
2026-09-22 09:44:33 [INFO    ] sdr_monitor.web_backend (main.py:269): Shutting down Web-SDR Application...
2026-09-22 10:36:59 [INFO    ] sdr_monitor (logger.py:65): Logger initialized  ->  logs\sdr_monitor_20260922.log
2026-09-22 10:36:59 [DEBUG   ] sdr_monitor.signal_processor (signal_processor.py:85): SignalProcessor  fft=1024  window=hann  avg=3
2026-09-22 10:36:59 [INFO    ] sdr_monitor.db_manager (db_manager.py:29): Database initialized at: data/sdr_monitor.db
2026-09-22 10:36:59 [INFO    ] sdr_monitor.schedule_manager (schedule_manager.py:103): Successfully loaded 9442 schedule records from database/sked-a26.csv
2026-09-22 10:36:59 [INFO    ] sdr_monitor.audio_demodulator (audio_demodulator.py:56): AudioDemodulator init: [Native C++ DLL (AVX2/FMA)], target=48000 Hz, baseband=200000 Hz, chunk=50 ms
2026-09-22 10:37:00 [INFO    ] sdr_monitor.db_manager (db_manager.py:132): Session created: E2A0B2CF [simulation]
2026-09-22 10:37:00 [INFO    ] sdr_monitor.web_backend (main.py:260): Web-SDR Application Started. Session: E2A0B2CF
2026-09-22 10:37:00 [INFO    ] sdr_monitor.web_backend (main.py:261): SDR++ audio bridge started on UDP 127.0.0.1:7355
2026-09-22 10:37:01 [INFO    ] sdr_monitor.sdr_engine (sdr_engine.py:224): HackRF One detected and configured.
2026-09-22 10:37:01 [INFO    ] sdr_monitor.sdr_engine (sdr_engine.py:465): SDREngine initialized in hardware mode.
2026-09-22 10:37:01 [INFO    ] sdr_monitor.db_manager (db_manager.py:132): Session created: 52002CFA [hardware]
2026-09-22 10:37:01 [INFO    ] sdr_monitor.web_backend (main.py:234): SDR started in [HARDWARE] mode. Session: 52002CFA
2026-09-22 10:37:01 [INFO    ] sdr_monitor.web_backend (main.py:265): Web-SDR Application Started. Session: 52002CFA
2026-09-22 10:37:01 [ERROR   ] sdr_monitor.web_backend (main.py:216): Detection flush error: Detection.__init__() missing 1 required positional argument: 'id'
2026-09-22 10:37:02 [ERROR   ] sdr_monitor.web_backend (main.py:216): Detection flush error: Detection.__init__() missing 1 required positional argument: 'id'
2026-09-22 10:37:02 [ERROR   ] sdr_monitor.web_backend (main.py:216): Detection flush error: Detection.__init__() missing 1 required positional argument: 'id'
2026-09-22 10:37:03 [ERROR   ] sdr_monitor.web_backend (main.py:216): Detection flush error: Detection.__init__() missing 1 required positional argument: 'id'
2026-09-22 10:37:03 [ERROR   ] sdr_monitor.web_backend (main.py:216): Detection flush error: Detection.__init__() missing 1 required positional argument: 'id'
2026-09-22 10:37:04 [ERROR   ] sdr_monitor.web_backend (main.py:216): Detection flush error: Detection.__init__() missing 1 required positional argument: 'id'
2026-09-22 10:37:05 [ERROR   ] sdr_monitor.web_backend (main.py:216): Detection flush error: Detection.__init__() missing 1 required positional argument: 'id'
2026-09-22 10:37:05 [ERROR   ] sdr_monitor.web_backend (main.py:216): Detection flush error: Detection.__init__() missing 1 required positional argument: 'id'
2026-09-22 10:37:06 [ERROR   ] sdr_monitor.web_backend (main.py:216): Detection flush error: Detection.__init__() missing 1 required positional argument: 'id'
2026-09-22 10:37:06 [ERROR   ] sdr_monitor.web_backend (main.py:216): Detection flush error: Detection.__init__() missing 1 required positional argument: 'id'
2026-09-22 10:37:07 [ERROR   ] sdr_monitor.web_backend (main.py:216): Detection flush error: Detection.__init__() missing 1 required positional argument: 'id'
2026-09-22 10:37:07 [ERROR   ] sdr_monitor.web_backend (main.py:216): Detection flush error: Detection.__init__() missing 1 required positional argument: 'id'
2026-09-22 10:37:08 [ERROR   ] sdr_monitor.web_backend (main.py:216): Detection flush error: Detection.__init__() missing 1 required positional argument: 'id'
2026-09-22 10:37:08 [ERROR   ] sdr_monitor.web_backend (main.py:216): Detection flush error: Detection.__init__() missing 1 required positional argument: 'id'
2026-09-22 10:37:09 [ERROR   ] sdr_monitor.web_backend (main.py:216): Detection flush error: Detection.__init__() missing 1 required positional argument: 'id'
2026-09-22 10:37:09 [ERROR   ] sdr_monitor.web_backend (main.py:216): Detection flush error: Detection.__init__() missing 1 required positional argument: 'id'
2026-09-22 10:37:10 [ERROR   ] sdr_monitor.web_backend (main.py:216): Detection flush error: Detection.__init__() missing 1 required positional argument: 'id'
2026-09-22 10:37:10 [ERROR   ] sdr_monitor.web_backend (main.py:216): Detection flush error: Detection.__init__() missing 1 required positional argument: 'id'
2026-09-22 10:37:11 [ERROR   ] sdr_monitor.web_backend (main.py:216): Detection flush error: Detection.__init__() missing 1 required positional argument: 'id'
2026-09-22 10:37:11 [ERROR   ] sdr_monitor.web_backend (main.py:216): Detection flush error: Detection.__init__() missing 1 required positional argument: 'id'
2026-09-22 10:37:12 [ERROR   ] sdr_monitor.web_backend (main.py:216): Detection flush error: Detection.__init__() missing 1 required positional argument: 'id'
2026-09-22 10:37:12 [ERROR   ] sdr_monitor.web_backend (main.py:216): Detection flush error: Detection.__init__() missing 1 required positional argument: 'id'
2026-09-22 10:37:13 [ERROR   ] sdr_monitor.web_backend (main.py:216): Detection flush error: Detection.__init__() missing 1 required positional argument: 'id'
2026-09-22 10:37:13 [ERROR   ] sdr_monitor.web_backend (main.py:216): Detection flush error: Detection.__init__() missing 1 required positional argument: 'id'
2026-09-22 10:37:14 [ERROR   ] sdr_monitor.web_backend (main.py:216): Detection flush error: Detection.__init__() missing 1 required positional argument: 'id'
2026-09-22 10:37:15 [ERROR   ] sdr_monitor.web_backend (main.py:216): Detection flush error: Detection.__init__() missing 1 required positional argument: 'id'
2026-09-22 10:37:15 [ERROR   ] sdr_monitor.web_backend (main.py:216): Detection flush error: Detection.__init__() missing 1 required positional argument: 'id'
2026-09-22 10:37:16 [ERROR   ] sdr_monitor.web_backend (main.py:216): Detection flush error: Detection.__init__() missing 1 required positional argument: 'id'
2026-09-22 10:37:16 [ERROR   ] sdr_monitor.web_backend (main.py:216): Detection flush error: Detection.__init__() missing 1 required positional argument: 'id'
2026-09-22 10:37:17 [ERROR   ] sdr_monitor.web_backend (main.py:216): Detection flush error: Detection.__init__() missing 1 required positional argument: 'id'
2026-09-22 10:37:17 [ERROR   ] sdr_monitor.web_backend (main.py:216): Detection flush error: Detection.__init__() missing 1 required positional argument: 'id'
2026-09-22 10:37:18 [ERROR   ] sdr_monitor.web_backend (main.py:216): Detection flush error: Detection.__init__() missing 1 required positional argument: 'id'
2026-09-22 10:37:18 [ERROR   ] sdr_monitor.web_backend (main.py:216): Detection flush error: Detection.__init__() missing 1 required positional argument: 'id'
2026-09-22 10:37:19 [ERROR   ] sdr_monitor.web_backend (main.py:216): Detection flush error: Detection.__init__() missing 1 required positional argument: 'id'
2026-09-22 10:37:19 [ERROR   ] sdr_monitor.web_backend (main.py:216): Detection flush error: Detection.__init__() missing 1 required positional argument: 'id'
2026-09-22 10:37:20 [ERROR   ] sdr_monitor.web_backend (main.py:216): Detection flush error: Detection.__init__() missing 1 required positional argument: 'id'
2026-09-22 10:37:20 [ERROR   ] sdr_monitor.web_backend (main.py:216): Detection flush error: Detection.__init__() missing 1 required positional argument: 'id'
2026-09-22 10:37:21 [ERROR   ] sdr_monitor.web_backend (main.py:216): Detection flush error: Detection.__init__() missing 1 required positional argument: 'id'
2026-09-22 10:37:21 [ERROR   ] sdr_monitor.web_backend (main.py:216): Detection flush error: Detection.__init__() missing 1 required positional argument: 'id'
2026-09-22 10:37:22 [ERROR   ] sdr_monitor.web_backend (main.py:216): Detection flush error: Detection.__init__() missing 1 required positional argument: 'id'
2026-09-22 10:37:22 [ERROR   ] sdr_monitor.web_backend (main.py:216): Detection flush error: Detection.__init__() missing 1 required positional argument: 'id'
2026-09-22 10:37:23 [ERROR   ] sdr_monitor.web_backend (main.py:216): Detection flush error: Detection.__init__() missing 1 required positional argument: 'id'
2026-09-22 10:37:23 [ERROR   ] sdr_monitor.web_backend (main.py:216): Detection flush error: Detection.__init__() missing 1 required positional argument: 'id'
2026-09-22 10:37:24 [ERROR   ] sdr_monitor.web_backend (main.py:216): Detection flush error: Detection.__init__() missing 1 required positional argument: 'id'
2026-09-22 10:37:24 [ERROR   ] sdr_monitor.web_backend (main.py:216): Detection flush error: Detection.__init__() missing 1 required positional argument: 'id'
2026-09-22 10:37:25 [ERROR   ] sdr_monitor.web_backend (main.py:216): Detection flush error: Detection.__init__() missing 1 required positional argument: 'id'
2026-09-22 10:37:25 [ERROR   ] sdr_monitor.web_backend (main.py:216): Detection flush error: Detection.__init__() missing 1 required positional argument: 'id'
2026-09-22 10:37:26 [ERROR   ] sdr_monitor.web_backend (main.py:216): Detection flush error: Detection.__init__() missing 1 required positional argument: 'id'
2026-09-22 10:37:26 [ERROR   ] sdr_monitor.web_backend (main.py:216): Detection flush error: Detection.__init__() missing 1 required positional argument: 'id'
2026-09-22 10:37:27 [ERROR   ] sdr_monitor.web_backend (main.py:216): Detection flush error: Detection.__init__() missing 1 required positional argument: 'id'
2026-09-22 10:37:27 [ERROR   ] sdr_monitor.web_backend (main.py:216): Detection flush error: Detection.__init__() missing 1 required positional argument: 'id'
2026-09-22 10:37:28 [ERROR   ] sdr_monitor.web_backend (main.py:216): Detection flush error: Detection.__init__() missing 1 required positional argument: 'id'
2026-09-22 10:37:28 [ERROR   ] sdr_monitor.web_backend (main.py:216): Detection flush error: Detection.__init__() missing 1 required positional argument: 'id'
2026-09-22 10:37:29 [ERROR   ] sdr_monitor.web_backend (main.py:216): Detection flush error: Detection.__init__() missing 1 required positional argument: 'id'
2026-09-22 10:37:30 [ERROR   ] sdr_monitor.web_backend (main.py:216): Detection flush error: Detection.__init__() missing 1 required positional argument: 'id'
2026-09-22 10:37:30 [ERROR   ] sdr_monitor.web_backend (main.py:216): Detection flush error: Detection.__init__() missing 1 required positional argument: 'id'
2026-09-22 10:37:31 [ERROR   ] sdr_monitor.web_backend (main.py:216): Detection flush error: Detection.__init__() missing 1 required positional argument: 'id'
2026-09-22 10:37:31 [ERROR   ] sdr_monitor.web_backend (main.py:216): Detection flush error: Detection.__init__() missing 1 required positional argument: 'id'
2026-09-22 10:37:32 [ERROR   ] sdr_monitor.web_backend (main.py:216): Detection flush error: Detection.__init__() missing 1 required positional argument: 'id'
2026-09-22 10:37:32 [ERROR   ] sdr_monitor.web_backend (main.py:216): Detection flush error: Detection.__init__() missing 1 required positional argument: 'id'
2026-09-22 10:37:33 [ERROR   ] sdr_monitor.web_backend (main.py:216): Detection flush error: Detection.__init__() missing 1 required positional argument: 'id'
2026-09-22 10:37:33 [ERROR   ] sdr_monitor.web_backend (main.py:216): Detection flush error: Detection.__init__() missing 1 required positional argument: 'id'
2026-09-22 10:37:34 [ERROR   ] sdr_monitor.web_backend (main.py:216): Detection flush error: Detection.__init__() missing 1 required positional argument: 'id'
2026-09-22 10:37:34 [ERROR   ] sdr_monitor.web_backend (main.py:216): Detection flush error: Detection.__init__() missing 1 required positional argument: 'id'
2026-09-22 10:37:35 [ERROR   ] sdr_monitor.web_backend (main.py:216): Detection flush error: Detection.__init__() missing 1 required positional argument: 'id'
2026-09-22 10:37:35 [ERROR   ] sdr_monitor.web_backend (main.py:216): Detection flush error: Detection.__init__() missing 1 required positional argument: 'id'
2026-09-22 10:37:36 [ERROR   ] sdr_monitor.web_backend (main.py:216): Detection flush error: Detection.__init__() missing 1 required positional argument: 'id'
2026-09-22 10:37:36 [ERROR   ] sdr_monitor.web_backend (main.py:216): Detection flush error: Detection.__init__() missing 1 required positional argument: 'id'
2026-09-22 10:37:37 [ERROR   ] sdr_monitor.web_backend (main.py:216): Detection flush error: Detection.__init__() missing 1 required positional argument: 'id'
2026-09-22 10:37:37 [ERROR   ] sdr_monitor.web_backend (main.py:216): Detection flush error: Detection.__init__() missing 1 required positional argument: 'id'
2026-09-22 10:37:38 [ERROR   ] sdr_monitor.web_backend (main.py:216): Detection flush error: Detection.__init__() missing 1 required positional argument: 'id'
2026-09-22 10:37:38 [ERROR   ] sdr_monitor.web_backend (main.py:216): Detection flush error: Detection.__init__() missing 1 required positional argument: 'id'
2026-09-22 10:37:39 [ERROR   ] sdr_monitor.web_backend (main.py:216): Detection flush error: Detection.__init__() missing 1 required positional argument: 'id'
2026-09-22 10:37:39 [ERROR   ] sdr_monitor.web_backend (main.py:216): Detection flush error: Detection.__init__() missing 1 required positional argument: 'id'
2026-09-22 10:37:40 [ERROR   ] sdr_monitor.web_backend (main.py:216): Detection flush error: Detection.__init__() missing 1 required positional argument: 'id'
2026-09-22 10:37:40 [ERROR   ] sdr_monitor.web_backend (main.py:216): Detection flush error: Detection.__init__() missing 1 required positional argument: 'id'
2026-09-22 10:37:41 [ERROR   ] sdr_monitor.web_backend (main.py:216): Detection flush error: Detection.__init__() missing 1 required positional argument: 'id'
2026-09-22 10:37:41 [ERROR   ] sdr_monitor.web_backend (main.py:216): Detection flush error: Detection.__init__() missing 1 required positional argument: 'id'
2026-09-22 10:37:42 [ERROR   ] sdr_monitor.web_backend (main.py:216): Detection flush error: Detection.__init__() missing 1 required positional argument: 'id'
2026-09-22 10:37:42 [ERROR   ] sdr_monitor.web_backend (main.py:216): Detection flush error: Detection.__init__() missing 1 required positional argument: 'id'
2026-09-22 10:37:43 [ERROR   ] sdr_monitor.web_backend (main.py:216): Detection flush error: Detection.__init__() missing 1 required positional argument: 'id'
2026-09-22 10:37:43 [ERROR   ] sdr_monitor.web_backend (main.py:216): Detection flush error: Detection.__init__() missing 1 required positional argument: 'id'
2026-09-22 10:37:43 [INFO    ] sdr_monitor.web_backend (main.py:655): Audio WebSocket client connected.
2026-09-22 10:37:43 [DEBUG   ] sdr_monitor.audio_demodulator (audio_demodulator.py:127): AudioDemodulator: filter states reset
2026-09-22 10:37:44 [INFO    ] sdr_monitor.web_backend (main.py:710): Audio streaming started for 97.0 MHz in FM mode
2026-09-22 10:37:44 [ERROR   ] sdr_monitor.web_backend (main.py:216): Detection flush error: Detection.__init__() missing 1 required positional argument: 'id'
2026-09-22 10:37:44 [ERROR   ] sdr_monitor.web_backend (main.py:216): Detection flush error: Detection.__init__() missing 1 required positional argument: 'id'
2026-09-22 10:37:45 [DEBUG   ] sdr_monitor.audio_demodulator (audio_demodulator.py:135): AudioDemodulator: flushed 1152 samples
2026-09-22 10:37:45 [INFO    ] sdr_monitor.web_backend (main.py:724): Audio streaming stopped.
2026-09-22 10:37:45 [INFO    ] sdr_monitor.web_backend (main.py:726): Audio WebSocket client disconnected.
2026-09-22 10:37:45 [ERROR   ] sdr_monitor.web_backend (main.py:216): Detection flush error: Detection.__init__() missing 1 required positional argument: 'id'
2026-09-22 10:37:45 [ERROR   ] sdr_monitor.web_backend (main.py:216): Detection flush error: Detection.__init__() missing 1 required positional argument: 'id'
2026-09-22 10:37:46 [ERROR   ] sdr_monitor.web_backend (main.py:216): Detection flush error: Detection.__init__() missing 1 required positional argument: 'id'
2026-09-22 10:37:47 [ERROR   ] sdr_monitor.web_backend (main.py:216): Detection flush error: Detection.__init__() missing 1 required positional argument: 'id'
2026-09-22 10:37:47 [ERROR   ] sdr_monitor.web_backend (main.py:216): Detection flush error: Detection.__init__() missing 1 required positional argument: 'id'
2026-09-22 10:37:48 [ERROR   ] sdr_monitor.web_backend (main.py:216): Detection flush error: Detection.__init__() missing 1 required positional argument: 'id'
2026-09-22 10:37:48 [ERROR   ] sdr_monitor.web_backend (main.py:216): Detection flush error: Detection.__init__() missing 1 required positional argument: 'id'
2026-09-22 10:37:49 [ERROR   ] sdr_monitor.web_backend (main.py:216): Detection flush error: Detection.__init__() missing 1 required positional argument: 'id'
2026-09-22 10:37:49 [ERROR   ] sdr_monitor.web_backend (main.py:216): Detection flush error: Detection.__init__() missing 1 required positional argument: 'id'
2026-09-22 10:37:50 [ERROR   ] sdr_monitor.web_backend (main.py:216): Detection flush error: Detection.__init__() missing 1 required positional argument: 'id'
2026-09-22 10:37:50 [ERROR   ] sdr_monitor.web_backend (main.py:216): Detection flush error: Detection.__init__() missing 1 required positional argument: 'id'
2026-09-22 10:37:51 [ERROR   ] sdr_monitor.web_backend (main.py:216): Detection flush error: Detection.__init__() missing 1 required positional argument: 'id'
2026-09-22 10:37:51 [ERROR   ] sdr_monitor.web_backend (main.py:216): Detection flush error: Detection.__init__() missing 1 required positional argument: 'id'
2026-09-22 10:37:52 [ERROR   ] sdr_monitor.web_backend (main.py:216): Detection flush error: Detection.__init__() missing 1 required positional argument: 'id'
2026-09-22 10:37:52 [ERROR   ] sdr_monitor.web_backend (main.py:216): Detection flush error: Detection.__init__() missing 1 required positional argument: 'id'
2026-09-22 10:37:53 [ERROR   ] sdr_monitor.web_backend (main.py:216): Detection flush error: Detection.__init__() missing 1 required positional argument: 'id'
2026-09-22 10:37:53 [ERROR   ] sdr_monitor.web_backend (main.py:216): Detection flush error: Detection.__init__() missing 1 required positional argument: 'id'
2026-09-22 10:37:54 [ERROR   ] sdr_monitor.web_backend (main.py:216): Detection flush error: Detection.__init__() missing 1 required positional argument: 'id'
2026-09-22 10:37:54 [ERROR   ] sdr_monitor.web_backend (main.py:216): Detection flush error: Detection.__init__() missing 1 required positional argument: 'id'
2026-09-22 10:37:55 [ERROR   ] sdr_monitor.web_backend (main.py:216): Detection flush error: Detection.__init__() missing 1 required positional argument: 'id'
2026-09-22 10:37:55 [ERROR   ] sdr_monitor.web_backend (main.py:216): Detection flush error: Detection.__init__() missing 1 required positional argument: 'id'
2026-09-22 10:37:56 [INFO    ] sdr_monitor.web_backend (main.py:655): Audio WebSocket client connected.
2026-09-22 10:37:56 [DEBUG   ] sdr_monitor.audio_demodulator (audio_demodulator.py:127): AudioDemodulator: filter states reset
2026-09-22 10:37:56 [INFO    ] sdr_monitor.web_backend (main.py:710): Audio streaming started for 97.7 MHz in FM mode
2026-09-22 10:37:56 [ERROR   ] sdr_monitor.web_backend (main.py:216): Detection flush error: Detection.__init__() missing 1 required positional argument: 'id'
2026-09-22 10:37:56 [ERROR   ] sdr_monitor.web_backend (main.py:216): Detection flush error: Detection.__init__() missing 1 required positional argument: 'id'
2026-09-22 10:37:57 [ERROR   ] sdr_monitor.web_backend (main.py:216): Detection flush error: Detection.__init__() missing 1 required positional argument: 'id'
2026-09-22 10:37:57 [ERROR   ] sdr_monitor.web_backend (main.py:216): Detection flush error: Detection.__init__() missing 1 required positional argument: 'id'
2026-09-22 10:37:58 [ERROR   ] sdr_monitor.web_backend (main.py:216): Detection flush error: Detection.__init__() missing 1 required positional argument: 'id'
2026-09-22 10:37:58 [ERROR   ] sdr_monitor.web_backend (main.py:216): Detection flush error: Detection.__init__() missing 1 required positional argument: 'id'
2026-09-22 10:37:59 [ERROR   ] sdr_monitor.web_backend (main.py:216): Detection flush error: Detection.__init__() missing 1 required positional argument: 'id'
2026-09-22 10:37:59 [ERROR   ] sdr_monitor.web_backend (main.py:216): Detection flush error: Detection.__init__() missing 1 required positional argument: 'id'
2026-09-22 10:38:00 [ERROR   ] sdr_monitor.web_backend (main.py:216): Detection flush error: Detection.__init__() missing 1 required positional argument: 'id'
2026-09-22 10:38:00 [ERROR   ] sdr_monitor.web_backend (main.py:216): Detection flush error: Detection.__init__() missing 1 required positional argument: 'id'
2026-09-22 10:38:01 [ERROR   ] sdr_monitor.web_backend (main.py:216): Detection flush error: Detection.__init__() missing 1 required positional argument: 'id'
2026-09-22 10:38:01 [ERROR   ] sdr_monitor.web_backend (main.py:216): Detection flush error: Detection.__init__() missing 1 required positional argument: 'id'
2026-09-22 10:38:02 [DEBUG   ] sdr_monitor.web_backend (main.py:689): Audio WebSocket: sent 100 chunks, queue: 0, stats: {'native_cpp': True, 'target_rate': 48000, 'baseband_rate': 200000.0, 'buffer_samples': 0}
2026-09-22 10:38:02 [ERROR   ] sdr_monitor.web_backend (main.py:216): Detection flush error: Detection.__init__() missing 1 required positional argument: 'id'
2026-09-22 10:38:02 [ERROR   ] sdr_monitor.web_backend (main.py:216): Detection flush error: Detection.__init__() missing 1 required positional argument: 'id'
2026-09-22 10:38:03 [ERROR   ] sdr_monitor.web_backend (main.py:216): Detection flush error: Detection.__init__() missing 1 required positional argument: 'id'
2026-09-22 10:38:03 [ERROR   ] sdr_monitor.web_backend (main.py:216): Detection flush error: Detection.__init__() missing 1 required positional argument: 'id'
2026-09-22 10:38:04 [ERROR   ] sdr_monitor.web_backend (main.py:216): Detection flush error: Detection.__init__() missing 1 required positional argument: 'id'
2026-09-22 10:38:04 [ERROR   ] sdr_monitor.web_backend (main.py:216): Detection flush error: Detection.__init__() missing 1 required positional argument: 'id'
2026-09-22 10:38:05 [ERROR   ] sdr_monitor.web_backend (main.py:216): Detection flush error: Detection.__init__() missing 1 required positional argument: 'id'
2026-09-22 10:38:06 [ERROR   ] sdr_monitor.web_backend (main.py:216): Detection flush error: Detection.__init__() missing 1 required positional argument: 'id'
2026-09-22 10:38:06 [ERROR   ] sdr_monitor.web_backend (main.py:216): Detection flush error: Detection.__init__() missing 1 required positional argument: 'id'
2026-09-22 10:38:07 [ERROR   ] sdr_monitor.web_backend (main.py:216): Detection flush error: Detection.__init__() missing 1 required positional argument: 'id'
2026-09-22 10:38:07 [ERROR   ] sdr_monitor.web_backend (main.py:216): Detection flush error: Detection.__init__() missing 1 required positional argument: 'id'
2026-09-22 10:38:08 [ERROR   ] sdr_monitor.web_backend (main.py:216): Detection flush error: Detection.__init__() missing 1 required positional argument: 'id'
2026-09-22 10:38:08 [DEBUG   ] sdr_monitor.web_backend (main.py:689): Audio WebSocket: sent 200 chunks, queue: 0, stats: {'native_cpp': True, 'target_rate': 48000, 'baseband_rate': 200000.0, 'buffer_samples': 0}
2026-09-22 10:38:08 [ERROR   ] sdr_monitor.web_backend (main.py:216): Detection flush error: Detection.__init__() missing 1 required positional argument: 'id'
2026-09-22 10:38:09 [ERROR   ] sdr_monitor.web_backend (main.py:216): Detection flush error: Detection.__init__() missing 1 required positional argument: 'id'
2026-09-22 10:38:09 [ERROR   ] sdr_monitor.web_backend (main.py:216): Detection flush error: Detection.__init__() missing 1 required positional argument: 'id'
2026-09-22 10:38:10 [ERROR   ] sdr_monitor.web_backend (main.py:216): Detection flush error: Detection.__init__() missing 1 required positional argument: 'id'
2026-09-22 10:38:10 [ERROR   ] sdr_monitor.web_backend (main.py:216): Detection flush error: Detection.__init__() missing 1 required positional argument: 'id'
2026-09-22 10:38:11 [ERROR   ] sdr_monitor.web_backend (main.py:216): Detection flush error: Detection.__init__() missing 1 required positional argument: 'id'
2026-09-22 10:38:11 [ERROR   ] sdr_monitor.web_backend (main.py:216): Detection flush error: Detection.__init__() missing 1 required positional argument: 'id'
2026-09-22 10:38:12 [ERROR   ] sdr_monitor.web_backend (main.py:216): Detection flush error: Detection.__init__() missing 1 required positional argument: 'id'
2026-09-22 10:38:12 [ERROR   ] sdr_monitor.web_backend (main.py:216): Detection flush error: Detection.__init__() missing 1 required positional argument: 'id'
2026-09-22 10:38:13 [ERROR   ] sdr_monitor.web_backend (main.py:216): Detection flush error: Detection.__init__() missing 1 required positional argument: 'id'
2026-09-22 10:38:13 [ERROR   ] sdr_monitor.web_backend (main.py:216): Detection flush error: Detection.__init__() missing 1 required positional argument: 'id'
2026-09-22 10:38:14 [ERROR   ] sdr_monitor.web_backend (main.py:216): Detection flush error: Detection.__init__() missing 1 required positional argument: 'id'
2026-09-22 10:38:14 [DEBUG   ] sdr_monitor.web_backend (main.py:689): Audio WebSocket: sent 300 chunks, queue: 0, stats: {'native_cpp': True, 'target_rate': 48000, 'baseband_rate': 200000.0, 'buffer_samples': 0}
2026-09-22 10:38:14 [ERROR   ] sdr_monitor.web_backend (main.py:216): Detection flush error: Detection.__init__() missing 1 required positional argument: 'id'
2026-09-22 10:38:15 [ERROR   ] sdr_monitor.web_backend (main.py:216): Detection flush error: Detection.__init__() missing 1 required positional argument: 'id'
2026-09-22 10:38:15 [ERROR   ] sdr_monitor.web_backend (main.py:216): Detection flush error: Detection.__init__() missing 1 required positional argument: 'id'
2026-09-22 10:38:16 [ERROR   ] sdr_monitor.web_backend (main.py:216): Detection flush error: Detection.__init__() missing 1 required positional argument: 'id'
2026-09-22 10:38:16 [ERROR   ] sdr_monitor.web_backend (main.py:216): Detection flush error: Detection.__init__() missing 1 required positional argument: 'id'
2026-09-22 10:38:17 [ERROR   ] sdr_monitor.web_backend (main.py:216): Detection flush error: Detection.__init__() missing 1 required positional argument: 'id'
2026-09-22 10:38:17 [ERROR   ] sdr_monitor.web_backend (main.py:216): Detection flush error: Detection.__init__() missing 1 required positional argument: 'id'
2026-09-22 10:38:18 [ERROR   ] sdr_monitor.web_backend (main.py:216): Detection flush error: Detection.__init__() missing 1 required positional argument: 'id'
2026-09-22 10:38:18 [ERROR   ] sdr_monitor.web_backend (main.py:216): Detection flush error: Detection.__init__() missing 1 required positional argument: 'id'
2026-09-22 10:38:19 [ERROR   ] sdr_monitor.web_backend (main.py:216): Detection flush error: Detection.__init__() missing 1 required positional argument: 'id'
2026-09-22 10:38:19 [ERROR   ] sdr_monitor.web_backend (main.py:216): Detection flush error: Detection.__init__() missing 1 required positional argument: 'id'
2026-09-22 10:38:20 [DEBUG   ] sdr_monitor.audio_demodulator (audio_demodulator.py:135): AudioDemodulator: flushed 2304 samples
2026-09-22 10:38:20 [INFO    ] sdr_monitor.web_backend (main.py:724): Audio streaming stopped.
2026-09-22 10:38:20 [INFO    ] sdr_monitor.web_backend (main.py:726): Audio WebSocket client disconnected.
2026-09-22 10:38:20 [ERROR   ] sdr_monitor.web_backend (main.py:696): Audio send task error: 
Traceback (most recent call last):
  File "D:\miniconda\envs\sdr_env\lib\site-packages\uvicorn\protocols\websockets\websockets_sansio_impl.py", line 438, in send
    self.conn.send_binary(bytes_data)
  File "D:\miniconda\envs\sdr_env\lib\site-packages\websockets\protocol.py", line 360, in send_binary
    raise InvalidState(f"connection is {self.state.name.lower()}")
websockets.exceptions.InvalidState: connection is closing

During handling of the above exception, another exception occurred:

Traceback (most recent call last):
  File "D:\miniconda\envs\sdr_env\lib\site-packages\starlette\websockets.py", line 86, in send
    await self._send(message)
  File "D:\miniconda\envs\sdr_env\lib\site-packages\starlette\_exception_handler.py", line 39, in sender
    await send(message)
  File "D:\miniconda\envs\sdr_env\lib\site-packages\uvicorn\protocols\websockets\websockets_sansio_impl.py", line 459, in send
    raise ClientDisconnected()
uvicorn.protocols.utils.ClientDisconnected

During handling of the above exception, another exception occurred:

Traceback (most recent call last):
  File "D:\JEAN FILE\Magang\Web-SDR\main.py", line 683, in send_audio
    await websocket.send_bytes(data)
  File "D:\miniconda\envs\sdr_env\lib\site-packages\starlette\websockets.py", line 169, in send_bytes
    await self.send({"type": "websocket.send", "bytes": data})
  File "D:\miniconda\envs\sdr_env\lib\site-packages\starlette\websockets.py", line 89, in send
    raise WebSocketDisconnect(code=1006)
starlette.websockets.WebSocketDisconnect
2026-09-22 10:38:20 [ERROR   ] sdr_monitor.web_backend (main.py:216): Detection flush error: Detection.__init__() missing 1 required positional argument: 'id'
2026-09-22 10:38:21 [ERROR   ] sdr_monitor.web_backend (main.py:216): Detection flush error: Detection.__init__() missing 1 required positional argument: 'id'
2026-09-22 10:38:21 [ERROR   ] sdr_monitor.web_backend (main.py:216): Detection flush error: Detection.__init__() missing 1 required positional argument: 'id'
2026-09-22 10:38:22 [ERROR   ] sdr_monitor.web_backend (main.py:216): Detection flush error: Detection.__init__() missing 1 required positional argument: 'id'
2026-09-22 10:38:22 [ERROR   ] sdr_monitor.web_backend (main.py:216): Detection flush error: Detection.__init__() missing 1 required positional argument: 'id'
2026-09-22 10:38:23 [ERROR   ] sdr_monitor.web_backend (main.py:216): Detection flush error: Detection.__init__() missing 1 required positional argument: 'id'
2026-09-22 10:38:23 [ERROR   ] sdr_monitor.web_backend (main.py:216): Detection flush error: Detection.__init__() missing 1 required positional argument: 'id'
2026-09-22 10:38:24 [ERROR   ] sdr_monitor.web_backend (main.py:216): Detection flush error: Detection.__init__() missing 1 required positional argument: 'id'
2026-09-22 10:38:24 [ERROR   ] sdr_monitor.web_backend (main.py:216): Detection flush error: Detection.__init__() missing 1 required positional argument: 'id'
2026-09-22 10:38:25 [ERROR   ] sdr_monitor.web_backend (main.py:216): Detection flush error: Detection.__init__() missing 1 required positional argument: 'id'
2026-09-22 10:38:25 [ERROR   ] sdr_monitor.web_backend (main.py:216): Detection flush error: Detection.__init__() missing 1 required positional argument: 'id'
2026-09-22 10:38:26 [ERROR   ] sdr_monitor.web_backend (main.py:216): Detection flush error: Detection.__init__() missing 1 required positional argument: 'id'
2026-09-22 10:38:26 [ERROR   ] sdr_monitor.web_backend (main.py:216): Detection flush error: Detection.__init__() missing 1 required positional argument: 'id'
2026-09-22 10:38:27 [ERROR   ] sdr_monitor.web_backend (main.py:216): Detection flush error: Detection.__init__() missing 1 required positional argument: 'id'
2026-09-22 10:38:27 [ERROR   ] sdr_monitor.web_backend (main.py:216): Detection flush error: Detection.__init__() missing 1 required positional argument: 'id'
2026-09-22 10:38:28 [ERROR   ] sdr_monitor.web_backend (main.py:216): Detection flush error: Detection.__init__() missing 1 required positional argument: 'id'
2026-09-22 10:38:28 [ERROR   ] sdr_monitor.web_backend (main.py:216): Detection flush error: Detection.__init__() missing 1 required positional argument: 'id'
2026-09-22 10:38:29 [ERROR   ] sdr_monitor.web_backend (main.py:216): Detection flush error: Detection.__init__() missing 1 required positional argument: 'id'
2026-09-22 10:38:29 [ERROR   ] sdr_monitor.web_backend (main.py:216): Detection flush error: Detection.__init__() missing 1 required positional argument: 'id'
2026-09-22 10:38:30 [ERROR   ] sdr_monitor.web_backend (main.py:216): Detection flush error: Detection.__init__() missing 1 required positional argument: 'id'
2026-09-22 10:38:30 [ERROR   ] sdr_monitor.web_backend (main.py:216): Detection flush error: Detection.__init__() missing 1 required positional argument: 'id'
2026-09-22 10:38:31 [ERROR   ] sdr_monitor.web_backend (main.py:216): Detection flush error: Detection.__init__() missing 1 required positional argument: 'id'
2026-09-22 10:38:31 [ERROR   ] sdr_monitor.web_backend (main.py:216): Detection flush error: Detection.__init__() missing 1 required positional argument: 'id'
2026-09-22 10:38:32 [ERROR   ] sdr_monitor.web_backend (main.py:216): Detection flush error: Detection.__init__() missing 1 required positional argument: 'id'
2026-09-22 10:38:32 [ERROR   ] sdr_monitor.web_backend (main.py:216): Detection flush error: Detection.__init__() missing 1 required positional argument: 'id'
2026-09-22 10:38:33 [ERROR   ] sdr_monitor.web_backend (main.py:216): Detection flush error: Detection.__init__() missing 1 required positional argument: 'id'
2026-09-22 10:38:33 [ERROR   ] sdr_monitor.web_backend (main.py:216): Detection flush error: Detection.__init__() missing 1 required positional argument: 'id'
2026-09-22 10:38:34 [ERROR   ] sdr_monitor.web_backend (main.py:216): Detection flush error: Detection.__init__() missing 1 required positional argument: 'id'
2026-09-22 10:38:34 [ERROR   ] sdr_monitor.web_backend (main.py:216): Detection flush error: Detection.__init__() missing 1 required positional argument: 'id'
2026-09-22 10:38:35 [ERROR   ] sdr_monitor.web_backend (main.py:216): Detection flush error: Detection.__init__() missing 1 required positional argument: 'id'
2026-09-22 10:38:36 [ERROR   ] sdr_monitor.web_backend (main.py:216): Detection flush error: Detection.__init__() missing 1 required positional argument: 'id'
2026-09-22 10:38:36 [ERROR   ] sdr_monitor.web_backend (main.py:216): Detection flush error: Detection.__init__() missing 1 required positional argument: 'id'
2026-09-22 10:38:37 [ERROR   ] sdr_monitor.web_backend (main.py:216): Detection flush error: Detection.__init__() missing 1 required positional argument: 'id'
2026-09-22 10:38:37 [ERROR   ] sdr_monitor.web_backend (main.py:216): Detection flush error: Detection.__init__() missing 1 required positional argument: 'id'
2026-09-22 10:38:38 [ERROR   ] sdr_monitor.web_backend (main.py:216): Detection flush error: Detection.__init__() missing 1 required positional argument: 'id'
2026-09-22 10:38:38 [ERROR   ] sdr_monitor.web_backend (main.py:216): Detection flush error: Detection.__init__() missing 1 required positional argument: 'id'
2026-09-22 10:38:39 [ERROR   ] sdr_monitor.web_backend (main.py:216): Detection flush error: Detection.__init__() missing 1 required positional argument: 'id'
2026-09-22 10:38:39 [ERROR   ] sdr_monitor.web_backend (main.py:216): Detection flush error: Detection.__init__() missing 1 required positional argument: 'id'
2026-09-22 10:38:40 [ERROR   ] sdr_monitor.web_backend (main.py:216): Detection flush error: Detection.__init__() missing 1 required positional argument: 'id'
2026-09-22 10:38:40 [ERROR   ] sdr_monitor.web_backend (main.py:216): Detection flush error: Detection.__init__() missing 1 required positional argument: 'id'
2026-09-22 10:38:41 [ERROR   ] sdr_monitor.web_backend (main.py:216): Detection flush error: Detection.__init__() missing 1 required positional argument: 'id'
2026-09-22 10:38:41 [ERROR   ] sdr_monitor.web_backend (main.py:216): Detection flush error: Detection.__init__() missing 1 required positional argument: 'id'
2026-09-22 10:38:42 [ERROR   ] sdr_monitor.web_backend (main.py:216): Detection flush error: Detection.__init__() missing 1 required positional argument: 'id'
2026-09-22 10:38:42 [ERROR   ] sdr_monitor.web_backend (main.py:216): Detection flush error: Detection.__init__() missing 1 required positional argument: 'id'
2026-09-22 10:38:43 [ERROR   ] sdr_monitor.web_backend (main.py:216): Detection flush error: Detection.__init__() missing 1 required positional argument: 'id'
2026-09-22 10:38:43 [ERROR   ] sdr_monitor.web_backend (main.py:216): Detection flush error: Detection.__init__() missing 1 required positional argument: 'id'
2026-09-22 10:38:44 [ERROR   ] sdr_monitor.web_backend (main.py:216): Detection flush error: Detection.__init__() missing 1 required positional argument: 'id'
2026-09-22 10:38:44 [ERROR   ] sdr_monitor.web_backend (main.py:216): Detection flush error: Detection.__init__() missing 1 required positional argument: 'id'
2026-09-22 10:38:45 [ERROR   ] sdr_monitor.web_backend (main.py:216): Detection flush error: Detection.__init__() missing 1 required positional argument: 'id'
2026-09-22 10:38:45 [ERROR   ] sdr_monitor.web_backend (main.py:216): Detection flush error: Detection.__init__() missing 1 required positional argument: 'id'
2026-09-22 10:38:46 [ERROR   ] sdr_monitor.web_backend (main.py:216): Detection flush error: Detection.__init__() missing 1 required positional argument: 'id'
2026-09-22 10:38:46 [ERROR   ] sdr_monitor.web_backend (main.py:216): Detection flush error: Detection.__init__() missing 1 required positional argument: 'id'
2026-09-22 10:38:47 [ERROR   ] sdr_monitor.web_backend (main.py:216): Detection flush error: Detection.__init__() missing 1 required positional argument: 'id'
2026-09-22 10:38:47 [ERROR   ] sdr_monitor.web_backend (main.py:216): Detection flush error: Detection.__init__() missing 1 required positional argument: 'id'
2026-09-22 10:38:48 [ERROR   ] sdr_monitor.web_backend (main.py:216): Detection flush error: Detection.__init__() missing 1 required positional argument: 'id'
2026-09-22 10:38:49 [ERROR   ] sdr_monitor.web_backend (main.py:216): Detection flush error: Detection.__init__() missing 1 required positional argument: 'id'
2026-09-22 10:38:49 [ERROR   ] sdr_monitor.web_backend (main.py:216): Detection flush error: Detection.__init__() missing 1 required positional argument: 'id'
2026-09-22 10:38:50 [ERROR   ] sdr_monitor.web_backend (main.py:216): Detection flush error: Detection.__init__() missing 1 required positional argument: 'id'
2026-09-22 10:38:50 [ERROR   ] sdr_monitor.web_backend (main.py:216): Detection flush error: Detection.__init__() missing 1 required positional argument: 'id'
2026-09-22 10:38:51 [INFO    ] sdr_monitor.web_backend (main.py:655): Audio WebSocket client connected.
2026-09-22 10:38:51 [ERROR   ] sdr_monitor.web_backend (main.py:216): Detection flush error: Detection.__init__() missing 1 required positional argument: 'id'
2026-09-22 10:38:51 [DEBUG   ] sdr_monitor.audio_demodulator (audio_demodulator.py:127): AudioDemodulator: filter states reset
2026-09-22 10:38:51 [INFO    ] sdr_monitor.web_backend (main.py:710): Audio streaming started for 90.2 MHz in FM mode
2026-09-22 10:38:51 [ERROR   ] sdr_monitor.web_backend (main.py:216): Detection flush error: Detection.__init__() missing 1 required positional argument: 'id'
2026-09-22 10:38:52 [ERROR   ] sdr_monitor.web_backend (main.py:216): Detection flush error: Detection.__init__() missing 1 required positional argument: 'id'
2026-09-22 10:38:52 [ERROR   ] sdr_monitor.web_backend (main.py:216): Detection flush error: Detection.__init__() missing 1 required positional argument: 'id'
2026-09-22 10:38:53 [ERROR   ] sdr_monitor.web_backend (main.py:216): Detection flush error: Detection.__init__() missing 1 required positional argument: 'id'
2026-09-22 10:38:53 [ERROR   ] sdr_monitor.web_backend (main.py:216): Detection flush error: Detection.__init__() missing 1 required positional argument: 'id'
2026-09-22 10:38:54 [ERROR   ] sdr_monitor.web_backend (main.py:216): Detection flush error: Detection.__init__() missing 1 required positional argument: 'id'
2026-09-22 10:38:54 [ERROR   ] sdr_monitor.web_backend (main.py:216): Detection flush error: Detection.__init__() missing 1 required positional argument: 'id'
2026-09-22 10:38:55 [ERROR   ] sdr_monitor.web_backend (main.py:216): Detection flush error: Detection.__init__() missing 1 required positional argument: 'id'
2026-09-22 10:38:55 [ERROR   ] sdr_monitor.web_backend (main.py:216): Detection flush error: Detection.__init__() missing 1 required positional argument: 'id'
2026-09-22 10:38:56 [DEBUG   ] sdr_monitor.web_backend (main.py:689): Audio WebSocket: sent 100 chunks, queue: 0, stats: {'native_cpp': True, 'target_rate': 48000, 'baseband_rate': 200000.0, 'buffer_samples': 24}
2026-09-22 10:38:56 [ERROR   ] sdr_monitor.web_backend (main.py:216): Detection flush error: Detection.__init__() missing 1 required positional argument: 'id'
2026-09-22 10:38:56 [ERROR   ] sdr_monitor.web_backend (main.py:216): Detection flush error: Detection.__init__() missing 1 required positional argument: 'id'
2026-09-22 10:38:57 [ERROR   ] sdr_monitor.web_backend (main.py:216): Detection flush error: Detection.__init__() missing 1 required positional argument: 'id'
2026-09-22 10:38:57 [ERROR   ] sdr_monitor.web_backend (main.py:216): Detection flush error: Detection.__init__() missing 1 required positional argument: 'id'
2026-09-22 10:38:58 [ERROR   ] sdr_monitor.web_backend (main.py:216): Detection flush error: Detection.__init__() missing 1 required positional argument: 'id'
2026-09-22 10:38:58 [ERROR   ] sdr_monitor.web_backend (main.py:216): Detection flush error: Detection.__init__() missing 1 required positional argument: 'id'
2026-09-22 10:38:59 [ERROR   ] sdr_monitor.web_backend (main.py:216): Detection flush error: Detection.__init__() missing 1 required positional argument: 'id'
2026-09-22 10:38:59 [ERROR   ] sdr_monitor.web_backend (main.py:216): Detection flush error: Detection.__init__() missing 1 required positional argument: 'id'
2026-09-22 10:39:00 [ERROR   ] sdr_monitor.web_backend (main.py:216): Detection flush error: Detection.__init__() missing 1 required positional argument: 'id'
2026-09-22 10:39:01 [ERROR   ] sdr_monitor.web_backend (main.py:216): Detection flush error: Detection.__init__() missing 1 required positional argument: 'id'
2026-09-22 10:39:01 [DEBUG   ] sdr_monitor.web_backend (main.py:689): Audio WebSocket: sent 200 chunks, queue: 0, stats: {'native_cpp': True, 'target_rate': 48000, 'baseband_rate': 200000.0, 'buffer_samples': 48}
2026-09-22 10:39:01 [ERROR   ] sdr_monitor.web_backend (main.py:216): Detection flush error: Detection.__init__() missing 1 required positional argument: 'id'
2026-09-22 10:39:02 [ERROR   ] sdr_monitor.web_backend (main.py:216): Detection flush error: Detection.__init__() missing 1 required positional argument: 'id'
2026-09-22 10:39:02 [ERROR   ] sdr_monitor.web_backend (main.py:216): Detection flush error: Detection.__init__() missing 1 required positional argument: 'id'
2026-09-22 10:39:03 [ERROR   ] sdr_monitor.web_backend (main.py:216): Detection flush error: Detection.__init__() missing 1 required positional argument: 'id'
2026-09-22 10:39:03 [ERROR   ] sdr_monitor.web_backend (main.py:216): Detection flush error: Detection.__init__() missing 1 required positional argument: 'id'
2026-09-22 10:39:04 [ERROR   ] sdr_monitor.web_backend (main.py:216): Detection flush error: Detection.__init__() missing 1 required positional argument: 'id'
2026-09-22 10:39:04 [ERROR   ] sdr_monitor.web_backend (main.py:216): Detection flush error: Detection.__init__() missing 1 required positional argument: 'id'
2026-09-22 10:39:05 [ERROR   ] sdr_monitor.web_backend (main.py:216): Detection flush error: Detection.__init__() missing 1 required positional argument: 'id'
2026-09-22 10:39:05 [ERROR   ] sdr_monitor.web_backend (main.py:216): Detection flush error: Detection.__init__() missing 1 required positional argument: 'id'
2026-09-22 10:39:06 [ERROR   ] sdr_monitor.web_backend (main.py:216): Detection flush error: Detection.__init__() missing 1 required positional argument: 'id'
2026-09-22 10:39:06 [DEBUG   ] sdr_monitor.web_backend (main.py:689): Audio WebSocket: sent 300 chunks, queue: 0, stats: {'native_cpp': True, 'target_rate': 48000, 'baseband_rate': 200000.0, 'buffer_samples': 72}
2026-09-22 10:39:06 [ERROR   ] sdr_monitor.web_backend (main.py:216): Detection flush error: Detection.__init__() missing 1 required positional argument: 'id'
2026-09-22 10:39:07 [ERROR   ] sdr_monitor.web_backend (main.py:216): Detection flush error: Detection.__init__() missing 1 required positional argument: 'id'
2026-09-22 10:39:07 [ERROR   ] sdr_monitor.web_backend (main.py:216): Detection flush error: Detection.__init__() missing 1 required positional argument: 'id'
2026-09-22 10:39:08 [ERROR   ] sdr_monitor.web_backend (main.py:216): Detection flush error: Detection.__init__() missing 1 required positional argument: 'id'
2026-09-22 10:39:08 [ERROR   ] sdr_monitor.web_backend (main.py:216): Detection flush error: Detection.__init__() missing 1 required positional argument: 'id'
2026-09-22 10:39:09 [ERROR   ] sdr_monitor.web_backend (main.py:216): Detection flush error: Detection.__init__() missing 1 required positional argument: 'id'
2026-09-22 10:39:09 [ERROR   ] sdr_monitor.web_backend (main.py:216): Detection flush error: Detection.__init__() missing 1 required positional argument: 'id'
2026-09-22 10:39:10 [ERROR   ] sdr_monitor.web_backend (main.py:216): Detection flush error: Detection.__init__() missing 1 required positional argument: 'id'
2026-09-22 10:39:10 [ERROR   ] sdr_monitor.web_backend (main.py:216): Detection flush error: Detection.__init__() missing 1 required positional argument: 'id'
2026-09-22 10:39:11 [DEBUG   ] sdr_monitor.web_backend (main.py:689): Audio WebSocket: sent 400 chunks, queue: 0, stats: {'native_cpp': True, 'target_rate': 48000, 'baseband_rate': 200000.0, 'buffer_samples': 96}
2026-09-22 10:39:11 [ERROR   ] sdr_monitor.web_backend (main.py:216): Detection flush error: Detection.__init__() missing 1 required positional argument: 'id'
2026-09-22 10:39:11 [ERROR   ] sdr_monitor.web_backend (main.py:216): Detection flush error: Detection.__init__() missing 1 required positional argument: 'id'
2026-09-22 10:39:12 [ERROR   ] sdr_monitor.web_backend (main.py:216): Detection flush error: Detection.__init__() missing 1 required positional argument: 'id'
2026-09-22 10:39:12 [ERROR   ] sdr_monitor.web_backend (main.py:216): Detection flush error: Detection.__init__() missing 1 required positional argument: 'id'
2026-09-22 10:39:13 [ERROR   ] sdr_monitor.web_backend (main.py:216): Detection flush error: Detection.__init__() missing 1 required positional argument: 'id'
2026-09-22 10:39:13 [ERROR   ] sdr_monitor.web_backend (main.py:216): Detection flush error: Detection.__init__() missing 1 required positional argument: 'id'
2026-09-22 10:39:14 [ERROR   ] sdr_monitor.web_backend (main.py:216): Detection flush error: Detection.__init__() missing 1 required positional argument: 'id'
2026-09-22 10:39:14 [ERROR   ] sdr_monitor.web_backend (main.py:216): Detection flush error: Detection.__init__() missing 1 required positional argument: 'id'
2026-09-22 10:39:15 [ERROR   ] sdr_monitor.web_backend (main.py:216): Detection flush error: Detection.__init__() missing 1 required positional argument: 'id'
2026-09-22 10:39:15 [ERROR   ] sdr_monitor.web_backend (main.py:216): Detection flush error: Detection.__init__() missing 1 required positional argument: 'id'
2026-09-22 10:39:16 [DEBUG   ] sdr_monitor.web_backend (main.py:689): Audio WebSocket: sent 500 chunks, queue: 0, stats: {'native_cpp': True, 'target_rate': 48000, 'baseband_rate': 200000.0, 'buffer_samples': 120}
2026-09-22 10:39:16 [ERROR   ] sdr_monitor.web_backend (main.py:216): Detection flush error: Detection.__init__() missing 1 required positional argument: 'id'
2026-09-22 10:39:16 [ERROR   ] sdr_monitor.web_backend (main.py:216): Detection flush error: Detection.__init__() missing 1 required positional argument: 'id'
2026-09-22 10:39:17 [ERROR   ] sdr_monitor.web_backend (main.py:216): Detection flush error: Detection.__init__() missing 1 required positional argument: 'id'
2026-09-22 10:39:18 [ERROR   ] sdr_monitor.web_backend (main.py:216): Detection flush error: Detection.__init__() missing 1 required positional argument: 'id'
2026-09-22 10:39:18 [ERROR   ] sdr_monitor.web_backend (main.py:216): Detection flush error: Detection.__init__() missing 1 required positional argument: 'id'
2026-09-22 10:39:19 [ERROR   ] sdr_monitor.web_backend (main.py:216): Detection flush error: Detection.__init__() missing 1 required positional argument: 'id'
2026-09-22 10:39:19 [ERROR   ] sdr_monitor.web_backend (main.py:216): Detection flush error: Detection.__init__() missing 1 required positional argument: 'id'
2026-09-22 10:39:20 [ERROR   ] sdr_monitor.web_backend (main.py:216): Detection flush error: Detection.__init__() missing 1 required positional argument: 'id'
2026-09-22 10:39:20 [ERROR   ] sdr_monitor.web_backend (main.py:216): Detection flush error: Detection.__init__() missing 1 required positional argument: 'id'
2026-09-22 10:39:21 [ERROR   ] sdr_monitor.web_backend (main.py:216): Detection flush error: Detection.__init__() missing 1 required positional argument: 'id'
2026-09-22 10:39:21 [DEBUG   ] sdr_monitor.web_backend (main.py:689): Audio WebSocket: sent 600 chunks, queue: 0, stats: {'native_cpp': True, 'target_rate': 48000, 'baseband_rate': 200000.0, 'buffer_samples': 144}
2026-09-22 10:39:21 [ERROR   ] sdr_monitor.web_backend (main.py:216): Detection flush error: Detection.__init__() missing 1 required positional argument: 'id'
2026-09-22 10:39:22 [ERROR   ] sdr_monitor.web_backend (main.py:216): Detection flush error: Detection.__init__() missing 1 required positional argument: 'id'
2026-09-22 10:39:22 [ERROR   ] sdr_monitor.web_backend (main.py:216): Detection flush error: Detection.__init__() missing 1 required positional argument: 'id'
2026-09-22 10:39:23 [ERROR   ] sdr_monitor.web_backend (main.py:216): Detection flush error: Detection.__init__() missing 1 required positional argument: 'id'
2026-09-22 10:39:23 [ERROR   ] sdr_monitor.web_backend (main.py:216): Detection flush error: Detection.__init__() missing 1 required positional argument: 'id'
2026-09-22 10:39:24 [ERROR   ] sdr_monitor.web_backend (main.py:216): Detection flush error: Detection.__init__() missing 1 required positional argument: 'id'
2026-09-22 10:39:24 [ERROR   ] sdr_monitor.web_backend (main.py:216): Detection flush error: Detection.__init__() missing 1 required positional argument: 'id'
2026-09-22 10:39:25 [ERROR   ] sdr_monitor.web_backend (main.py:216): Detection flush error: Detection.__init__() missing 1 required positional argument: 'id'
2026-09-22 10:39:25 [ERROR   ] sdr_monitor.web_backend (main.py:216): Detection flush error: Detection.__init__() missing 1 required positional argument: 'id'
2026-09-22 10:39:26 [DEBUG   ] sdr_monitor.web_backend (main.py:689): Audio WebSocket: sent 700 chunks, queue: 0, stats: {'native_cpp': True, 'target_rate': 48000, 'baseband_rate': 200000.0, 'buffer_samples': 168}
2026-09-22 10:39:26 [ERROR   ] sdr_monitor.web_backend (main.py:216): Detection flush error: Detection.__init__() missing 1 required positional argument: 'id'
2026-09-22 10:39:26 [ERROR   ] sdr_monitor.web_backend (main.py:216): Detection flush error: Detection.__init__() missing 1 required positional argument: 'id'
2026-09-22 10:39:27 [ERROR   ] sdr_monitor.web_backend (main.py:216): Detection flush error: Detection.__init__() missing 1 required positional argument: 'id'
2026-09-22 10:39:27 [ERROR   ] sdr_monitor.web_backend (main.py:216): Detection flush error: Detection.__init__() missing 1 required positional argument: 'id'
2026-09-22 10:39:28 [ERROR   ] sdr_monitor.web_backend (main.py:216): Detection flush error: Detection.__init__() missing 1 required positional argument: 'id'
2026-09-22 10:39:28 [ERROR   ] sdr_monitor.web_backend (main.py:216): Detection flush error: Detection.__init__() missing 1 required positional argument: 'id'
2026-09-22 10:39:29 [ERROR   ] sdr_monitor.web_backend (main.py:216): Detection flush error: Detection.__init__() missing 1 required positional argument: 'id'
2026-09-22 10:39:29 [ERROR   ] sdr_monitor.web_backend (main.py:216): Detection flush error: Detection.__init__() missing 1 required positional argument: 'id'
2026-09-22 10:39:29 [DEBUG   ] sdr_monitor.audio_demodulator (audio_demodulator.py:135): AudioDemodulator: flushed 1500 samples
2026-09-22 10:39:29 [INFO    ] sdr_monitor.web_backend (main.py:724): Audio streaming stopped.
2026-09-22 10:39:29 [INFO    ] sdr_monitor.web_backend (main.py:726): Audio WebSocket client disconnected.
2026-09-22 10:39:30 [ERROR   ] sdr_monitor.web_backend (main.py:216): Detection flush error: Detection.__init__() missing 1 required positional argument: 'id'
2026-09-22 10:39:30 [ERROR   ] sdr_monitor.web_backend (main.py:216): Detection flush error: Detection.__init__() missing 1 required positional argument: 'id'
2026-09-22 10:39:31 [ERROR   ] sdr_monitor.web_backend (main.py:216): Detection flush error: Detection.__init__() missing 1 required positional argument: 'id'
2026-09-22 10:39:31 [ERROR   ] sdr_monitor.web_backend (main.py:216): Detection flush error: Detection.__init__() missing 1 required positional argument: 'id'
2026-09-22 10:39:32 [ERROR   ] sdr_monitor.web_backend (main.py:216): Detection flush error: Detection.__init__() missing 1 required positional argument: 'id'
2026-09-22 10:39:32 [ERROR   ] sdr_monitor.web_backend (main.py:216): Detection flush error: Detection.__init__() missing 1 required positional argument: 'id'
2026-09-22 10:39:33 [ERROR   ] sdr_monitor.web_backend (main.py:216): Detection flush error: Detection.__init__() missing 1 required positional argument: 'id'
2026-09-22 10:39:34 [ERROR   ] sdr_monitor.web_backend (main.py:216): Detection flush error: Detection.__init__() missing 1 required positional argument: 'id'
2026-09-22 10:39:34 [ERROR   ] sdr_monitor.web_backend (main.py:216): Detection flush error: Detection.__init__() missing 1 required positional argument: 'id'
2026-09-22 10:39:35 [ERROR   ] sdr_monitor.web_backend (main.py:216): Detection flush error: Detection.__init__() missing 1 required positional argument: 'id'
2026-09-22 10:39:35 [ERROR   ] sdr_monitor.web_backend (main.py:216): Detection flush error: Detection.__init__() missing 1 required positional argument: 'id'
2026-09-22 10:39:36 [ERROR   ] sdr_monitor.web_backend (main.py:216): Detection flush error: Detection.__init__() missing 1 required positional argument: 'id'
2026-09-22 10:39:36 [ERROR   ] sdr_monitor.web_backend (main.py:216): Detection flush error: Detection.__init__() missing 1 required positional argument: 'id'
2026-09-22 10:39:37 [ERROR   ] sdr_monitor.web_backend (main.py:216): Detection flush error: Detection.__init__() missing 1 required positional argument: 'id'
2026-09-22 10:39:37 [ERROR   ] sdr_monitor.web_backend (main.py:216): Detection flush error: Detection.__init__() missing 1 required positional argument: 'id'
2026-09-22 10:39:38 [ERROR   ] sdr_monitor.web_backend (main.py:216): Detection flush error: Detection.__init__() missing 1 required positional argument: 'id'
2026-09-22 10:39:38 [ERROR   ] sdr_monitor.web_backend (main.py:216): Detection flush error: Detection.__init__() missing 1 required positional argument: 'id'
2026-09-22 10:39:39 [ERROR   ] sdr_monitor.web_backend (main.py:216): Detection flush error: Detection.__init__() missing 1 required positional argument: 'id'
2026-09-22 10:39:39 [ERROR   ] sdr_monitor.web_backend (main.py:216): Detection flush error: Detection.__init__() missing 1 required positional argument: 'id'
2026-09-22 10:39:40 [ERROR   ] sdr_monitor.web_backend (main.py:216): Detection flush error: Detection.__init__() missing 1 required positional argument: 'id'
2026-09-22 10:39:40 [ERROR   ] sdr_monitor.web_backend (main.py:216): Detection flush error: Detection.__init__() missing 1 required positional argument: 'id'
2026-09-22 10:39:41 [ERROR   ] sdr_monitor.web_backend (main.py:216): Detection flush error: Detection.__init__() missing 1 required positional argument: 'id'
2026-09-22 10:39:41 [ERROR   ] sdr_monitor.web_backend (main.py:216): Detection flush error: Detection.__init__() missing 1 required positional argument: 'id'
2026-09-22 10:39:42 [ERROR   ] sdr_monitor.web_backend (main.py:216): Detection flush error: Detection.__init__() missing 1 required positional argument: 'id'
2026-09-22 10:39:42 [ERROR   ] sdr_monitor.web_backend (main.py:216): Detection flush error: Detection.__init__() missing 1 required positional argument: 'id'
2026-09-22 10:39:43 [ERROR   ] sdr_monitor.web_backend (main.py:216): Detection flush error: Detection.__init__() missing 1 required positional argument: 'id'
2026-09-22 10:39:43 [ERROR   ] sdr_monitor.web_backend (main.py:216): Detection flush error: Detection.__init__() missing 1 required positional argument: 'id'
2026-09-22 10:39:44 [ERROR   ] sdr_monitor.web_backend (main.py:216): Detection flush error: Detection.__init__() missing 1 required positional argument: 'id'
2026-09-22 10:39:44 [ERROR   ] sdr_monitor.web_backend (main.py:216): Detection flush error: Detection.__init__() missing 1 required positional argument: 'id'
2026-09-22 10:39:45 [ERROR   ] sdr_monitor.web_backend (main.py:216): Detection flush error: Detection.__init__() missing 1 required positional argument: 'id'
2026-09-22 10:39:45 [ERROR   ] sdr_monitor.web_backend (main.py:216): Detection flush error: Detection.__init__() missing 1 required positional argument: 'id'
2026-09-22 10:39:46 [ERROR   ] sdr_monitor.web_backend (main.py:216): Detection flush error: Detection.__init__() missing 1 required positional argument: 'id'
2026-09-22 10:39:46 [ERROR   ] sdr_monitor.web_backend (main.py:216): Detection flush error: Detection.__init__() missing 1 required positional argument: 'id'
2026-09-22 10:39:47 [ERROR   ] sdr_monitor.web_backend (main.py:216): Detection flush error: Detection.__init__() missing 1 required positional argument: 'id'
2026-09-22 10:39:47 [ERROR   ] sdr_monitor.web_backend (main.py:216): Detection flush error: Detection.__init__() missing 1 required positional argument: 'id'
2026-09-22 10:39:48 [ERROR   ] sdr_monitor.web_backend (main.py:216): Detection flush error: Detection.__init__() missing 1 required positional argument: 'id'
2026-09-22 10:39:48 [ERROR   ] sdr_monitor.web_backend (main.py:216): Detection flush error: Detection.__init__() missing 1 required positional argument: 'id'
2026-09-22 10:39:49 [ERROR   ] sdr_monitor.web_backend (main.py:216): Detection flush error: Detection.__init__() missing 1 required positional argument: 'id'
2026-09-22 10:39:49 [ERROR   ] sdr_monitor.web_backend (main.py:216): Detection flush error: Detection.__init__() missing 1 required positional argument: 'id'
2026-09-22 10:39:50 [ERROR   ] sdr_monitor.web_backend (main.py:216): Detection flush error: Detection.__init__() missing 1 required positional argument: 'id'
2026-09-22 10:39:50 [ERROR   ] sdr_monitor.web_backend (main.py:216): Detection flush error: Detection.__init__() missing 1 required positional argument: 'id'
2026-09-22 10:39:51 [ERROR   ] sdr_monitor.web_backend (main.py:216): Detection flush error: Detection.__init__() missing 1 required positional argument: 'id'
2026-09-22 10:39:51 [ERROR   ] sdr_monitor.web_backend (main.py:216): Detection flush error: Detection.__init__() missing 1 required positional argument: 'id'
2026-09-22 10:39:52 [ERROR   ] sdr_monitor.web_backend (main.py:216): Detection flush error: Detection.__init__() missing 1 required positional argument: 'id'
2026-09-22 10:39:53 [ERROR   ] sdr_monitor.web_backend (main.py:216): Detection flush error: Detection.__init__() missing 1 required positional argument: 'id'
2026-09-22 10:39:53 [ERROR   ] sdr_monitor.web_backend (main.py:216): Detection flush error: Detection.__init__() missing 1 required positional argument: 'id'
2026-09-22 10:39:54 [ERROR   ] sdr_monitor.web_backend (main.py:216): Detection flush error: Detection.__init__() missing 1 required positional argument: 'id'
2026-09-22 10:39:54 [ERROR   ] sdr_monitor.web_backend (main.py:216): Detection flush error: Detection.__init__() missing 1 required positional argument: 'id'
2026-09-22 10:39:55 [ERROR   ] sdr_monitor.web_backend (main.py:216): Detection flush error: Detection.__init__() missing 1 required positional argument: 'id'
2026-09-22 10:39:55 [ERROR   ] sdr_monitor.web_backend (main.py:216): Detection flush error: Detection.__init__() missing 1 required positional argument: 'id'
2026-09-22 10:39:56 [ERROR   ] sdr_monitor.web_backend (main.py:216): Detection flush error: Detection.__init__() missing 1 required positional argument: 'id'
2026-09-22 10:39:56 [ERROR   ] sdr_monitor.web_backend (main.py:216): Detection flush error: Detection.__init__() missing 1 required positional argument: 'id'
2026-09-22 10:39:57 [ERROR   ] sdr_monitor.web_backend (main.py:216): Detection flush error: Detection.__init__() missing 1 required positional argument: 'id'
2026-09-22 10:39:57 [ERROR   ] sdr_monitor.web_backend (main.py:216): Detection flush error: Detection.__init__() missing 1 required positional argument: 'id'
2026-09-22 10:39:58 [ERROR   ] sdr_monitor.web_backend (main.py:216): Detection flush error: Detection.__init__() missing 1 required positional argument: 'id'
2026-09-22 10:39:58 [ERROR   ] sdr_monitor.web_backend (main.py:216): Detection flush error: Detection.__init__() missing 1 required positional argument: 'id'
2026-09-22 10:39:59 [ERROR   ] sdr_monitor.web_backend (main.py:216): Detection flush error: Detection.__init__() missing 1 required positional argument: 'id'
2026-09-22 10:39:59 [ERROR   ] sdr_monitor.web_backend (main.py:216): Detection flush error: Detection.__init__() missing 1 required positional argument: 'id'
2026-09-22 10:40:00 [ERROR   ] sdr_monitor.web_backend (main.py:216): Detection flush error: Detection.__init__() missing 1 required positional argument: 'id'
2026-09-22 10:40:00 [ERROR   ] sdr_monitor.web_backend (main.py:216): Detection flush error: Detection.__init__() missing 1 required positional argument: 'id'
2026-09-22 10:40:01 [ERROR   ] sdr_monitor.web_backend (main.py:216): Detection flush error: Detection.__init__() missing 1 required positional argument: 'id'
2026-09-22 10:40:01 [ERROR   ] sdr_monitor.web_backend (main.py:216): Detection flush error: Detection.__init__() missing 1 required positional argument: 'id'
2026-09-22 10:40:02 [ERROR   ] sdr_monitor.web_backend (main.py:216): Detection flush error: Detection.__init__() missing 1 required positional argument: 'id'
2026-09-22 10:40:02 [ERROR   ] sdr_monitor.web_backend (main.py:216): Detection flush error: Detection.__init__() missing 1 required positional argument: 'id'
2026-09-22 10:40:03 [ERROR   ] sdr_monitor.web_backend (main.py:216): Detection flush error: Detection.__init__() missing 1 required positional argument: 'id'
2026-09-22 10:40:03 [ERROR   ] sdr_monitor.web_backend (main.py:216): Detection flush error: Detection.__init__() missing 1 required positional argument: 'id'
2026-09-22 10:40:04 [ERROR   ] sdr_monitor.web_backend (main.py:216): Detection flush error: Detection.__init__() missing 1 required positional argument: 'id'
2026-09-22 10:40:04 [ERROR   ] sdr_monitor.web_backend (main.py:216): Detection flush error: Detection.__init__() missing 1 required positional argument: 'id'
2026-09-22 10:40:05 [ERROR   ] sdr_monitor.web_backend (main.py:216): Detection flush error: Detection.__init__() missing 1 required positional argument: 'id'
2026-09-22 10:40:05 [ERROR   ] sdr_monitor.web_backend (main.py:216): Detection flush error: Detection.__init__() missing 1 required positional argument: 'id'
2026-09-22 10:40:06 [ERROR   ] sdr_monitor.web_backend (main.py:216): Detection flush error: Detection.__init__() missing 1 required positional argument: 'id'
2026-09-22 10:40:06 [ERROR   ] sdr_monitor.web_backend (main.py:216): Detection flush error: Detection.__init__() missing 1 required positional argument: 'id'
2026-09-22 10:40:07 [ERROR   ] sdr_monitor.web_backend (main.py:216): Detection flush error: Detection.__init__() missing 1 required positional argument: 'id'
2026-09-22 10:40:07 [ERROR   ] sdr_monitor.web_backend (main.py:216): Detection flush error: Detection.__init__() missing 1 required positional argument: 'id'
2026-09-22 10:40:08 [ERROR   ] sdr_monitor.web_backend (main.py:216): Detection flush error: Detection.__init__() missing 1 required positional argument: 'id'
2026-09-22 10:40:08 [ERROR   ] sdr_monitor.web_backend (main.py:216): Detection flush error: Detection.__init__() missing 1 required positional argument: 'id'
2026-09-22 10:40:09 [ERROR   ] sdr_monitor.web_backend (main.py:216): Detection flush error: Detection.__init__() missing 1 required positional argument: 'id'
2026-09-22 10:40:10 [ERROR   ] sdr_monitor.web_backend (main.py:216): Detection flush error: Detection.__init__() missing 1 required positional argument: 'id'
2026-09-22 10:40:10 [ERROR   ] sdr_monitor.web_backend (main.py:216): Detection flush error: Detection.__init__() missing 1 required positional argument: 'id'
2026-09-22 10:40:11 [ERROR   ] sdr_monitor.web_backend (main.py:216): Detection flush error: Detection.__init__() missing 1 required positional argument: 'id'
2026-09-22 10:40:11 [ERROR   ] sdr_monitor.web_backend (main.py:216): Detection flush error: Detection.__init__() missing 1 required positional argument: 'id'
2026-09-22 10:40:12 [ERROR   ] sdr_monitor.web_backend (main.py:216): Detection flush error: Detection.__init__() missing 1 required positional argument: 'id'
2026-09-22 10:40:12 [ERROR   ] sdr_monitor.web_backend (main.py:216): Detection flush error: Detection.__init__() missing 1 required positional argument: 'id'
2026-09-22 10:40:13 [ERROR   ] sdr_monitor.web_backend (main.py:216): Detection flush error: Detection.__init__() missing 1 required positional argument: 'id'
2026-09-22 10:40:13 [ERROR   ] sdr_monitor.web_backend (main.py:216): Detection flush error: Detection.__init__() missing 1 required positional argument: 'id'
2026-09-22 10:40:14 [ERROR   ] sdr_monitor.web_backend (main.py:216): Detection flush error: Detection.__init__() missing 1 required positional argument: 'id'
2026-09-22 10:40:14 [ERROR   ] sdr_monitor.web_backend (main.py:216): Detection flush error: Detection.__init__() missing 1 required positional argument: 'id'
2026-09-22 10:40:15 [ERROR   ] sdr_monitor.web_backend (main.py:216): Detection flush error: Detection.__init__() missing 1 required positional argument: 'id'
2026-09-22 10:40:15 [ERROR   ] sdr_monitor.web_backend (main.py:216): Detection flush error: Detection.__init__() missing 1 required positional argument: 'id'
2026-09-22 10:40:16 [ERROR   ] sdr_monitor.web_backend (main.py:216): Detection flush error: Detection.__init__() missing 1 required positional argument: 'id'
2026-09-22 10:40:16 [ERROR   ] sdr_monitor.web_backend (main.py:216): Detection flush error: Detection.__init__() missing 1 required positional argument: 'id'
2026-09-22 10:40:17 [ERROR   ] sdr_monitor.web_backend (main.py:216): Detection flush error: Detection.__init__() missing 1 required positional argument: 'id'
2026-09-22 10:40:17 [ERROR   ] sdr_monitor.web_backend (main.py:216): Detection flush error: Detection.__init__() missing 1 required positional argument: 'id'
2026-09-22 10:40:18 [ERROR   ] sdr_monitor.web_backend (main.py:216): Detection flush error: Detection.__init__() missing 1 required positional argument: 'id'
2026-09-22 10:40:18 [ERROR   ] sdr_monitor.web_backend (main.py:216): Detection flush error: Detection.__init__() missing 1 required positional argument: 'id'
2026-09-22 10:40:19 [ERROR   ] sdr_monitor.web_backend (main.py:216): Detection flush error: Detection.__init__() missing 1 required positional argument: 'id'
2026-09-22 10:40:19 [ERROR   ] sdr_monitor.web_backend (main.py:216): Detection flush error: Detection.__init__() missing 1 required positional argument: 'id'
2026-09-22 10:40:20 [ERROR   ] sdr_monitor.web_backend (main.py:216): Detection flush error: Detection.__init__() missing 1 required positional argument: 'id'
2026-09-22 10:40:20 [ERROR   ] sdr_monitor.web_backend (main.py:216): Detection flush error: Detection.__init__() missing 1 required positional argument: 'id'
2026-09-22 10:40:21 [ERROR   ] sdr_monitor.web_backend (main.py:216): Detection flush error: Detection.__init__() missing 1 required positional argument: 'id'
2026-09-22 10:40:21 [ERROR   ] sdr_monitor.web_backend (main.py:216): Detection flush error: Detection.__init__() missing 1 required positional argument: 'id'
2026-09-22 10:40:22 [ERROR   ] sdr_monitor.web_backend (main.py:216): Detection flush error: Detection.__init__() missing 1 required positional argument: 'id'
2026-09-22 10:40:22 [ERROR   ] sdr_monitor.web_backend (main.py:216): Detection flush error: Detection.__init__() missing 1 required positional argument: 'id'
2026-09-22 10:40:23 [ERROR   ] sdr_monitor.web_backend (main.py:216): Detection flush error: Detection.__init__() missing 1 required positional argument: 'id'
2026-09-22 10:40:23 [ERROR   ] sdr_monitor.web_backend (main.py:216): Detection flush error: Detection.__init__() missing 1 required positional argument: 'id'
2026-09-22 10:40:24 [ERROR   ] sdr_monitor.web_backend (main.py:216): Detection flush error: Detection.__init__() missing 1 required positional argument: 'id'
2026-09-22 10:40:24 [ERROR   ] sdr_monitor.web_backend (main.py:216): Detection flush error: Detection.__init__() missing 1 required positional argument: 'id'
2026-09-22 10:40:25 [ERROR   ] sdr_monitor.web_backend (main.py:216): Detection flush error: Detection.__init__() missing 1 required positional argument: 'id'
2026-09-22 10:40:25 [ERROR   ] sdr_monitor.web_backend (main.py:216): Detection flush error: Detection.__init__() missing 1 required positional argument: 'id'
2026-09-22 10:40:26 [ERROR   ] sdr_monitor.web_backend (main.py:216): Detection flush error: Detection.__init__() missing 1 required positional argument: 'id'
2026-09-22 10:40:26 [ERROR   ] sdr_monitor.web_backend (main.py:216): Detection flush error: Detection.__init__() missing 1 required positional argument: 'id'
2026-09-22 10:40:27 [ERROR   ] sdr_monitor.web_backend (main.py:216): Detection flush error: Detection.__init__() missing 1 required positional argument: 'id'
2026-09-22 10:40:28 [ERROR   ] sdr_monitor.web_backend (main.py:216): Detection flush error: Detection.__init__() missing 1 required positional argument: 'id'
2026-09-22 10:40:28 [ERROR   ] sdr_monitor.web_backend (main.py:216): Detection flush error: Detection.__init__() missing 1 required positional argument: 'id'
2026-09-22 10:40:29 [ERROR   ] sdr_monitor.web_backend (main.py:216): Detection flush error: Detection.__init__() missing 1 required positional argument: 'id'
2026-09-22 10:40:29 [ERROR   ] sdr_monitor.web_backend (main.py:216): Detection flush error: Detection.__init__() missing 1 required positional argument: 'id'
2026-09-22 10:40:30 [ERROR   ] sdr_monitor.web_backend (main.py:216): Detection flush error: Detection.__init__() missing 1 required positional argument: 'id'
2026-09-22 10:40:30 [ERROR   ] sdr_monitor.web_backend (main.py:216): Detection flush error: Detection.__init__() missing 1 required positional argument: 'id'
2026-09-22 10:40:31 [ERROR   ] sdr_monitor.web_backend (main.py:216): Detection flush error: Detection.__init__() missing 1 required positional argument: 'id'
2026-09-22 10:40:31 [ERROR   ] sdr_monitor.web_backend (main.py:216): Detection flush error: Detection.__init__() missing 1 required positional argument: 'id'
2026-09-22 10:40:32 [ERROR   ] sdr_monitor.web_backend (main.py:216): Detection flush error: Detection.__init__() missing 1 required positional argument: 'id'
2026-09-22 10:40:32 [ERROR   ] sdr_monitor.web_backend (main.py:216): Detection flush error: Detection.__init__() missing 1 required positional argument: 'id'
2026-09-22 10:40:33 [ERROR   ] sdr_monitor.web_backend (main.py:216): Detection flush error: Detection.__init__() missing 1 required positional argument: 'id'
2026-09-22 10:40:33 [ERROR   ] sdr_monitor.web_backend (main.py:216): Detection flush error: Detection.__init__() missing 1 required positional argument: 'id'
2026-09-22 10:40:34 [ERROR   ] sdr_monitor.web_backend (main.py:216): Detection flush error: Detection.__init__() missing 1 required positional argument: 'id'
2026-09-22 10:40:34 [ERROR   ] sdr_monitor.web_backend (main.py:216): Detection flush error: Detection.__init__() missing 1 required positional argument: 'id'
2026-09-22 10:40:35 [ERROR   ] sdr_monitor.web_backend (main.py:216): Detection flush error: Detection.__init__() missing 1 required positional argument: 'id'
2026-09-22 10:40:35 [ERROR   ] sdr_monitor.web_backend (main.py:216): Detection flush error: Detection.__init__() missing 1 required positional argument: 'id'
2026-09-22 10:40:36 [ERROR   ] sdr_monitor.web_backend (main.py:216): Detection flush error: Detection.__init__() missing 1 required positional argument: 'id'
2026-09-22 10:40:36 [ERROR   ] sdr_monitor.web_backend (main.py:216): Detection flush error: Detection.__init__() missing 1 required positional argument: 'id'
2026-09-22 10:40:37 [ERROR   ] sdr_monitor.web_backend (main.py:216): Detection flush error: Detection.__init__() missing 1 required positional argument: 'id'
2026-09-22 10:40:37 [ERROR   ] sdr_monitor.web_backend (main.py:216): Detection flush error: Detection.__init__() missing 1 required positional argument: 'id'
2026-09-22 10:40:38 [ERROR   ] sdr_monitor.web_backend (main.py:216): Detection flush error: Detection.__init__() missing 1 required positional argument: 'id'
2026-09-22 10:40:38 [ERROR   ] sdr_monitor.web_backend (main.py:216): Detection flush error: Detection.__init__() missing 1 required positional argument: 'id'
2026-09-22 10:40:39 [ERROR   ] sdr_monitor.web_backend (main.py:216): Detection flush error: Detection.__init__() missing 1 required positional argument: 'id'
2026-09-22 10:40:40 [ERROR   ] sdr_monitor.web_backend (main.py:216): Detection flush error: Detection.__init__() missing 1 required positional argument: 'id'
2026-09-22 10:40:40 [ERROR   ] sdr_monitor.web_backend (main.py:216): Detection flush error: Detection.__init__() missing 1 required positional argument: 'id'
2026-09-22 10:40:41 [ERROR   ] sdr_monitor.web_backend (main.py:216): Detection flush error: Detection.__init__() missing 1 required positional argument: 'id'
2026-09-22 10:40:41 [ERROR   ] sdr_monitor.web_backend (main.py:216): Detection flush error: Detection.__init__() missing 1 required positional argument: 'id'
2026-09-22 10:40:42 [ERROR   ] sdr_monitor.web_backend (main.py:216): Detection flush error: Detection.__init__() missing 1 required positional argument: 'id'
2026-09-22 10:40:42 [ERROR   ] sdr_monitor.web_backend (main.py:216): Detection flush error: Detection.__init__() missing 1 required positional argument: 'id'
2026-09-22 10:40:43 [ERROR   ] sdr_monitor.web_backend (main.py:216): Detection flush error: Detection.__init__() missing 1 required positional argument: 'id'
2026-09-22 10:40:43 [ERROR   ] sdr_monitor.web_backend (main.py:216): Detection flush error: Detection.__init__() missing 1 required positional argument: 'id'
2026-09-22 10:40:44 [ERROR   ] sdr_monitor.web_backend (main.py:216): Detection flush error: Detection.__init__() missing 1 required positional argument: 'id'
2026-09-22 10:40:44 [ERROR   ] sdr_monitor.web_backend (main.py:216): Detection flush error: Detection.__init__() missing 1 required positional argument: 'id'
2026-09-22 10:40:45 [ERROR   ] sdr_monitor.web_backend (main.py:216): Detection flush error: Detection.__init__() missing 1 required positional argument: 'id'
2026-09-22 10:40:45 [ERROR   ] sdr_monitor.web_backend (main.py:216): Detection flush error: Detection.__init__() missing 1 required positional argument: 'id'
2026-09-22 10:40:46 [ERROR   ] sdr_monitor.web_backend (main.py:216): Detection flush error: Detection.__init__() missing 1 required positional argument: 'id'
2026-09-22 10:40:46 [ERROR   ] sdr_monitor.web_backend (main.py:216): Detection flush error: Detection.__init__() missing 1 required positional argument: 'id'
2026-09-22 10:40:47 [ERROR   ] sdr_monitor.web_backend (main.py:216): Detection flush error: Detection.__init__() missing 1 required positional argument: 'id'
2026-09-22 10:40:47 [ERROR   ] sdr_monitor.web_backend (main.py:216): Detection flush error: Detection.__init__() missing 1 required positional argument: 'id'
2026-09-22 10:40:48 [ERROR   ] sdr_monitor.web_backend (main.py:216): Detection flush error: Detection.__init__() missing 1 required positional argument: 'id'
2026-09-22 10:40:48 [ERROR   ] sdr_monitor.web_backend (main.py:216): Detection flush error: Detection.__init__() missing 1 required positional argument: 'id'
2026-09-22 10:40:49 [ERROR   ] sdr_monitor.web_backend (main.py:216): Detection flush error: Detection.__init__() missing 1 required positional argument: 'id'
2026-09-22 10:40:49 [ERROR   ] sdr_monitor.web_backend (main.py:216): Detection flush error: Detection.__init__() missing 1 required positional argument: 'id'
2026-09-22 10:40:50 [ERROR   ] sdr_monitor.web_backend (main.py:216): Detection flush error: Detection.__init__() missing 1 required positional argument: 'id'
2026-09-22 10:40:50 [ERROR   ] sdr_monitor.web_backend (main.py:216): Detection flush error: Detection.__init__() missing 1 required positional argument: 'id'
2026-09-22 10:40:51 [ERROR   ] sdr_monitor.web_backend (main.py:216): Detection flush error: Detection.__init__() missing 1 required positional argument: 'id'
2026-09-22 10:40:51 [ERROR   ] sdr_monitor.web_backend (main.py:216): Detection flush error: Detection.__init__() missing 1 required positional argument: 'id'
2026-09-22 10:40:52 [ERROR   ] sdr_monitor.web_backend (main.py:216): Detection flush error: Detection.__init__() missing 1 required positional argument: 'id'
2026-09-22 10:40:52 [ERROR   ] sdr_monitor.web_backend (main.py:216): Detection flush error: Detection.__init__() missing 1 required positional argument: 'id'
2026-09-22 10:40:53 [ERROR   ] sdr_monitor.web_backend (main.py:216): Detection flush error: Detection.__init__() missing 1 required positional argument: 'id'
2026-09-22 10:40:53 [ERROR   ] sdr_monitor.web_backend (main.py:216): Detection flush error: Detection.__init__() missing 1 required positional argument: 'id'
2026-09-22 10:40:54 [ERROR   ] sdr_monitor.web_backend (main.py:216): Detection flush error: Detection.__init__() missing 1 required positional argument: 'id'
2026-09-22 10:40:54 [ERROR   ] sdr_monitor.web_backend (main.py:216): Detection flush error: Detection.__init__() missing 1 required positional argument: 'id'
2026-09-22 10:40:55 [ERROR   ] sdr_monitor.web_backend (main.py:216): Detection flush error: Detection.__init__() missing 1 required positional argument: 'id'
2026-09-22 10:40:55 [ERROR   ] sdr_monitor.web_backend (main.py:216): Detection flush error: Detection.__init__() missing 1 required positional argument: 'id'
2026-09-22 10:40:56 [ERROR   ] sdr_monitor.web_backend (main.py:216): Detection flush error: Detection.__init__() missing 1 required positional argument: 'id'
2026-09-22 10:40:56 [ERROR   ] sdr_monitor.web_backend (main.py:216): Detection flush error: Detection.__init__() missing 1 required positional argument: 'id'
2026-09-22 10:40:57 [ERROR   ] sdr_monitor.web_backend (main.py:216): Detection flush error: Detection.__init__() missing 1 required positional argument: 'id'
2026-09-22 10:40:57 [ERROR   ] sdr_monitor.web_backend (main.py:216): Detection flush error: Detection.__init__() missing 1 required positional argument: 'id'
2026-09-22 10:40:58 [ERROR   ] sdr_monitor.web_backend (main.py:216): Detection flush error: Detection.__init__() missing 1 required positional argument: 'id'
2026-09-22 10:40:59 [ERROR   ] sdr_monitor.web_backend (main.py:216): Detection flush error: Detection.__init__() missing 1 required positional argument: 'id'
2026-09-22 10:40:59 [ERROR   ] sdr_monitor.web_backend (main.py:216): Detection flush error: Detection.__init__() missing 1 required positional argument: 'id'
2026-09-22 10:41:00 [ERROR   ] sdr_monitor.web_backend (main.py:216): Detection flush error: Detection.__init__() missing 1 required positional argument: 'id'
2026-09-22 10:41:00 [ERROR   ] sdr_monitor.web_backend (main.py:216): Detection flush error: Detection.__init__() missing 1 required positional argument: 'id'
2026-09-22 10:41:01 [ERROR   ] sdr_monitor.web_backend (main.py:216): Detection flush error: Detection.__init__() missing 1 required positional argument: 'id'
2026-09-22 10:41:01 [ERROR   ] sdr_monitor.web_backend (main.py:216): Detection flush error: Detection.__init__() missing 1 required positional argument: 'id'
2026-09-22 10:41:02 [ERROR   ] sdr_monitor.web_backend (main.py:216): Detection flush error: Detection.__init__() missing 1 required positional argument: 'id'
2026-09-22 10:41:02 [ERROR   ] sdr_monitor.web_backend (main.py:216): Detection flush error: Detection.__init__() missing 1 required positional argument: 'id'
2026-09-22 10:41:03 [ERROR   ] sdr_monitor.web_backend (main.py:216): Detection flush error: Detection.__init__() missing 1 required positional argument: 'id'
2026-09-22 10:41:03 [ERROR   ] sdr_monitor.web_backend (main.py:216): Detection flush error: Detection.__init__() missing 1 required positional argument: 'id'
2026-09-22 10:41:04 [ERROR   ] sdr_monitor.web_backend (main.py:216): Detection flush error: Detection.__init__() missing 1 required positional argument: 'id'
2026-09-22 10:41:04 [ERROR   ] sdr_monitor.web_backend (main.py:216): Detection flush error: Detection.__init__() missing 1 required positional argument: 'id'
2026-09-22 10:41:05 [ERROR   ] sdr_monitor.web_backend (main.py:216): Detection flush error: Detection.__init__() missing 1 required positional argument: 'id'
2026-09-22 10:41:05 [ERROR   ] sdr_monitor.web_backend (main.py:216): Detection flush error: Detection.__init__() missing 1 required positional argument: 'id'
2026-09-22 10:41:06 [ERROR   ] sdr_monitor.web_backend (main.py:216): Detection flush error: Detection.__init__() missing 1 required positional argument: 'id'
2026-09-22 10:41:06 [ERROR   ] sdr_monitor.web_backend (main.py:216): Detection flush error: Detection.__init__() missing 1 required positional argument: 'id'
2026-09-22 10:41:07 [ERROR   ] sdr_monitor.web_backend (main.py:216): Detection flush error: Detection.__init__() missing 1 required positional argument: 'id'
2026-09-22 10:41:07 [ERROR   ] sdr_monitor.web_backend (main.py:216): Detection flush error: Detection.__init__() missing 1 required positional argument: 'id'
2026-09-22 10:41:08 [ERROR   ] sdr_monitor.web_backend (main.py:216): Detection flush error: Detection.__init__() missing 1 required positional argument: 'id'
2026-09-22 10:41:08 [ERROR   ] sdr_monitor.web_backend (main.py:216): Detection flush error: Detection.__init__() missing 1 required positional argument: 'id'
2026-09-22 10:41:09 [ERROR   ] sdr_monitor.web_backend (main.py:216): Detection flush error: Detection.__init__() missing 1 required positional argument: 'id'
2026-09-22 10:41:09 [ERROR   ] sdr_monitor.web_backend (main.py:216): Detection flush error: Detection.__init__() missing 1 required positional argument: 'id'
2026-09-22 10:41:10 [ERROR   ] sdr_monitor.web_backend (main.py:216): Detection flush error: Detection.__init__() missing 1 required positional argument: 'id'
2026-09-22 10:41:10 [ERROR   ] sdr_monitor.web_backend (main.py:216): Detection flush error: Detection.__init__() missing 1 required positional argument: 'id'
2026-09-22 10:41:11 [ERROR   ] sdr_monitor.web_backend (main.py:216): Detection flush error: Detection.__init__() missing 1 required positional argument: 'id'
2026-09-22 10:41:11 [ERROR   ] sdr_monitor.web_backend (main.py:216): Detection flush error: Detection.__init__() missing 1 required positional argument: 'id'
2026-09-22 10:41:12 [ERROR   ] sdr_monitor.web_backend (main.py:216): Detection flush error: Detection.__init__() missing 1 required positional argument: 'id'
2026-09-22 10:41:12 [ERROR   ] sdr_monitor.web_backend (main.py:216): Detection flush error: Detection.__init__() missing 1 required positional argument: 'id'
2026-09-22 10:41:13 [ERROR   ] sdr_monitor.web_backend (main.py:216): Detection flush error: Detection.__init__() missing 1 required positional argument: 'id'
2026-09-22 10:41:13 [ERROR   ] sdr_monitor.web_backend (main.py:216): Detection flush error: Detection.__init__() missing 1 required positional argument: 'id'
2026-09-22 10:41:14 [ERROR   ] sdr_monitor.web_backend (main.py:216): Detection flush error: Detection.__init__() missing 1 required positional argument: 'id'
2026-09-22 10:41:14 [ERROR   ] sdr_monitor.web_backend (main.py:216): Detection flush error: Detection.__init__() missing 1 required positional argument: 'id'
2026-09-22 10:41:15 [ERROR   ] sdr_monitor.web_backend (main.py:216): Detection flush error: Detection.__init__() missing 1 required positional argument: 'id'
2026-09-22 10:41:15 [ERROR   ] sdr_monitor.web_backend (main.py:216): Detection flush error: Detection.__init__() missing 1 required positional argument: 'id'
2026-09-22 10:41:16 [ERROR   ] sdr_monitor.web_backend (main.py:216): Detection flush error: Detection.__init__() missing 1 required positional argument: 'id'
2026-09-22 10:41:16 [ERROR   ] sdr_monitor.web_backend (main.py:216): Detection flush error: Detection.__init__() missing 1 required positional argument: 'id'
2026-09-22 10:41:17 [ERROR   ] sdr_monitor.web_backend (main.py:216): Detection flush error: Detection.__init__() missing 1 required positional argument: 'id'
2026-09-22 10:41:17 [ERROR   ] sdr_monitor.web_backend (main.py:216): Detection flush error: Detection.__init__() missing 1 required positional argument: 'id'
2026-09-22 10:41:18 [ERROR   ] sdr_monitor.web_backend (main.py:216): Detection flush error: Detection.__init__() missing 1 required positional argument: 'id'
2026-09-22 10:41:18 [ERROR   ] sdr_monitor.web_backend (main.py:216): Detection flush error: Detection.__init__() missing 1 required positional argument: 'id'
2026-09-22 10:41:19 [ERROR   ] sdr_monitor.web_backend (main.py:216): Detection flush error: Detection.__init__() missing 1 required positional argument: 'id'
2026-09-22 10:41:19 [ERROR   ] sdr_monitor.web_backend (main.py:216): Detection flush error: Detection.__init__() missing 1 required positional argument: 'id'
2026-09-22 10:41:20 [ERROR   ] sdr_monitor.web_backend (main.py:216): Detection flush error: Detection.__init__() missing 1 required positional argument: 'id'
2026-09-22 10:41:21 [ERROR   ] sdr_monitor.web_backend (main.py:216): Detection flush error: Detection.__init__() missing 1 required positional argument: 'id'
2026-09-22 10:41:21 [ERROR   ] sdr_monitor.web_backend (main.py:216): Detection flush error: Detection.__init__() missing 1 required positional argument: 'id'
2026-09-22 10:41:22 [ERROR   ] sdr_monitor.web_backend (main.py:216): Detection flush error: Detection.__init__() missing 1 required positional argument: 'id'
2026-09-22 10:41:22 [ERROR   ] sdr_monitor.web_backend (main.py:216): Detection flush error: Detection.__init__() missing 1 required positional argument: 'id'
2026-09-22 10:41:23 [ERROR   ] sdr_monitor.web_backend (main.py:216): Detection flush error: Detection.__init__() missing 1 required positional argument: 'id'
2026-09-22 10:41:23 [ERROR   ] sdr_monitor.web_backend (main.py:216): Detection flush error: Detection.__init__() missing 1 required positional argument: 'id'
2026-09-22 10:41:24 [ERROR   ] sdr_monitor.web_backend (main.py:216): Detection flush error: Detection.__init__() missing 1 required positional argument: 'id'
2026-09-22 10:41:24 [ERROR   ] sdr_monitor.web_backend (main.py:216): Detection flush error: Detection.__init__() missing 1 required positional argument: 'id'
2026-09-22 10:41:25 [ERROR   ] sdr_monitor.web_backend (main.py:216): Detection flush error: Detection.__init__() missing 1 required positional argument: 'id'
2026-09-22 10:41:25 [ERROR   ] sdr_monitor.web_backend (main.py:216): Detection flush error: Detection.__init__() missing 1 required positional argument: 'id'
2026-09-22 10:41:26 [ERROR   ] sdr_monitor.web_backend (main.py:216): Detection flush error: Detection.__init__() missing 1 required positional argument: 'id'
2026-09-22 10:41:26 [ERROR   ] sdr_monitor.web_backend (main.py:216): Detection flush error: Detection.__init__() missing 1 required positional argument: 'id'
2026-09-22 10:41:27 [ERROR   ] sdr_monitor.web_backend (main.py:216): Detection flush error: Detection.__init__() missing 1 required positional argument: 'id'
2026-09-22 10:41:27 [ERROR   ] sdr_monitor.web_backend (main.py:216): Detection flush error: Detection.__init__() missing 1 required positional argument: 'id'
2026-09-22 10:41:28 [ERROR   ] sdr_monitor.web_backend (main.py:216): Detection flush error: Detection.__init__() missing 1 required positional argument: 'id'
2026-09-22 10:41:29 [ERROR   ] sdr_monitor.web_backend (main.py:216): Detection flush error: Detection.__init__() missing 1 required positional argument: 'id'
2026-09-22 10:41:29 [ERROR   ] sdr_monitor.web_backend (main.py:216): Detection flush error: Detection.__init__() missing 1 required positional argument: 'id'
2026-09-22 10:41:30 [ERROR   ] sdr_monitor.web_backend (main.py:216): Detection flush error: Detection.__init__() missing 1 required positional argument: 'id'
2026-09-22 10:41:30 [ERROR   ] sdr_monitor.web_backend (main.py:216): Detection flush error: Detection.__init__() missing 1 required positional argument: 'id'
2026-09-22 10:41:31 [ERROR   ] sdr_monitor.web_backend (main.py:216): Detection flush error: Detection.__init__() missing 1 required positional argument: 'id'
2026-09-22 10:41:31 [ERROR   ] sdr_monitor.web_backend (main.py:216): Detection flush error: Detection.__init__() missing 1 required positional argument: 'id'
2026-09-22 10:41:32 [ERROR   ] sdr_monitor.web_backend (main.py:216): Detection flush error: Detection.__init__() missing 1 required positional argument: 'id'
2026-09-22 10:41:32 [ERROR   ] sdr_monitor.web_backend (main.py:216): Detection flush error: Detection.__init__() missing 1 required positional argument: 'id'
2026-09-22 10:41:33 [ERROR   ] sdr_monitor.web_backend (main.py:216): Detection flush error: Detection.__init__() missing 1 required positional argument: 'id'
2026-09-22 10:41:33 [ERROR   ] sdr_monitor.web_backend (main.py:216): Detection flush error: Detection.__init__() missing 1 required positional argument: 'id'
2026-09-22 10:41:34 [ERROR   ] sdr_monitor.web_backend (main.py:216): Detection flush error: Detection.__init__() missing 1 required positional argument: 'id'
2026-09-22 10:41:34 [ERROR   ] sdr_monitor.web_backend (main.py:216): Detection flush error: Detection.__init__() missing 1 required positional argument: 'id'
2026-09-22 10:41:35 [ERROR   ] sdr_monitor.web_backend (main.py:216): Detection flush error: Detection.__init__() missing 1 required positional argument: 'id'
2026-09-22 10:41:35 [ERROR   ] sdr_monitor.web_backend (main.py:216): Detection flush error: Detection.__init__() missing 1 required positional argument: 'id'
2026-09-22 10:41:36 [ERROR   ] sdr_monitor.web_backend (main.py:216): Detection flush error: Detection.__init__() missing 1 required positional argument: 'id'
2026-09-22 10:41:36 [ERROR   ] sdr_monitor.web_backend (main.py:216): Detection flush error: Detection.__init__() missing 1 required positional argument: 'id'
2026-09-22 10:41:37 [ERROR   ] sdr_monitor.web_backend (main.py:216): Detection flush error: Detection.__init__() missing 1 required positional argument: 'id'
2026-09-22 10:41:37 [ERROR   ] sdr_monitor.web_backend (main.py:216): Detection flush error: Detection.__init__() missing 1 required positional argument: 'id'
2026-09-22 10:41:38 [ERROR   ] sdr_monitor.web_backend (main.py:216): Detection flush error: Detection.__init__() missing 1 required positional argument: 'id'
2026-09-22 10:41:38 [ERROR   ] sdr_monitor.web_backend (main.py:216): Detection flush error: Detection.__init__() missing 1 required positional argument: 'id'
2026-09-22 10:41:39 [ERROR   ] sdr_monitor.web_backend (main.py:216): Detection flush error: Detection.__init__() missing 1 required positional argument: 'id'
2026-09-22 10:41:39 [ERROR   ] sdr_monitor.web_backend (main.py:216): Detection flush error: Detection.__init__() missing 1 required positional argument: 'id'
2026-09-22 10:41:40 [ERROR   ] sdr_monitor.web_backend (main.py:216): Detection flush error: Detection.__init__() missing 1 required positional argument: 'id'
2026-09-22 10:41:40 [ERROR   ] sdr_monitor.web_backend (main.py:216): Detection flush error: Detection.__init__() missing 1 required positional argument: 'id'
2026-09-22 10:41:41 [ERROR   ] sdr_monitor.web_backend (main.py:216): Detection flush error: Detection.__init__() missing 1 required positional argument: 'id'
2026-09-22 10:41:41 [ERROR   ] sdr_monitor.web_backend (main.py:216): Detection flush error: Detection.__init__() missing 1 required positional argument: 'id'
2026-09-22 10:41:42 [ERROR   ] sdr_monitor.web_backend (main.py:216): Detection flush error: Detection.__init__() missing 1 required positional argument: 'id'
2026-09-22 10:41:42 [ERROR   ] sdr_monitor.web_backend (main.py:216): Detection flush error: Detection.__init__() missing 1 required positional argument: 'id'
2026-09-22 10:41:43 [ERROR   ] sdr_monitor.web_backend (main.py:216): Detection flush error: Detection.__init__() missing 1 required positional argument: 'id'
2026-09-22 10:41:44 [ERROR   ] sdr_monitor.web_backend (main.py:216): Detection flush error: Detection.__init__() missing 1 required positional argument: 'id'
2026-09-22 10:41:44 [ERROR   ] sdr_monitor.web_backend (main.py:216): Detection flush error: Detection.__init__() missing 1 required positional argument: 'id'
2026-09-22 10:41:45 [ERROR   ] sdr_monitor.web_backend (main.py:216): Detection flush error: Detection.__init__() missing 1 required positional argument: 'id'
2026-09-22 10:41:45 [ERROR   ] sdr_monitor.web_backend (main.py:216): Detection flush error: Detection.__init__() missing 1 required positional argument: 'id'
2026-09-22 10:41:46 [ERROR   ] sdr_monitor.web_backend (main.py:216): Detection flush error: Detection.__init__() missing 1 required positional argument: 'id'
2026-09-22 10:41:46 [ERROR   ] sdr_monitor.web_backend (main.py:216): Detection flush error: Detection.__init__() missing 1 required positional argument: 'id'
2026-09-22 10:41:47 [ERROR   ] sdr_monitor.web_backend (main.py:216): Detection flush error: Detection.__init__() missing 1 required positional argument: 'id'
2026-09-22 10:41:47 [ERROR   ] sdr_monitor.web_backend (main.py:216): Detection flush error: Detection.__init__() missing 1 required positional argument: 'id'
2026-09-22 10:41:48 [ERROR   ] sdr_monitor.web_backend (main.py:216): Detection flush error: Detection.__init__() missing 1 required positional argument: 'id'
2026-09-22 10:41:48 [ERROR   ] sdr_monitor.web_backend (main.py:216): Detection flush error: Detection.__init__() missing 1 required positional argument: 'id'
2026-09-22 10:41:49 [ERROR   ] sdr_monitor.web_backend (main.py:216): Detection flush error: Detection.__init__() missing 1 required positional argument: 'id'
2026-09-22 10:41:49 [ERROR   ] sdr_monitor.web_backend (main.py:216): Detection flush error: Detection.__init__() missing 1 required positional argument: 'id'
2026-09-22 10:41:50 [ERROR   ] sdr_monitor.web_backend (main.py:216): Detection flush error: Detection.__init__() missing 1 required positional argument: 'id'
2026-09-22 10:41:50 [ERROR   ] sdr_monitor.web_backend (main.py:216): Detection flush error: Detection.__init__() missing 1 required positional argument: 'id'
2026-09-22 10:41:51 [ERROR   ] sdr_monitor.web_backend (main.py:216): Detection flush error: Detection.__init__() missing 1 required positional argument: 'id'
2026-09-22 10:41:51 [ERROR   ] sdr_monitor.web_backend (main.py:216): Detection flush error: Detection.__init__() missing 1 required positional argument: 'id'
2026-09-22 10:41:52 [ERROR   ] sdr_monitor.web_backend (main.py:216): Detection flush error: Detection.__init__() missing 1 required positional argument: 'id'
2026-09-22 10:41:52 [ERROR   ] sdr_monitor.web_backend (main.py:216): Detection flush error: Detection.__init__() missing 1 required positional argument: 'id'
2026-09-22 10:41:53 [ERROR   ] sdr_monitor.web_backend (main.py:216): Detection flush error: Detection.__init__() missing 1 required positional argument: 'id'
2026-09-22 10:41:53 [ERROR   ] sdr_monitor.web_backend (main.py:216): Detection flush error: Detection.__init__() missing 1 required positional argument: 'id'
2026-09-22 10:41:54 [ERROR   ] sdr_monitor.web_backend (main.py:216): Detection flush error: Detection.__init__() missing 1 required positional argument: 'id'
2026-09-22 10:41:54 [ERROR   ] sdr_monitor.web_backend (main.py:216): Detection flush error: Detection.__init__() missing 1 required positional argument: 'id'
2026-09-22 10:41:55 [ERROR   ] sdr_monitor.web_backend (main.py:216): Detection flush error: Detection.__init__() missing 1 required positional argument: 'id'
2026-09-22 10:41:55 [ERROR   ] sdr_monitor.web_backend (main.py:216): Detection flush error: Detection.__init__() missing 1 required positional argument: 'id'
2026-09-22 10:41:56 [ERROR   ] sdr_monitor.web_backend (main.py:216): Detection flush error: Detection.__init__() missing 1 required positional argument: 'id'
2026-09-22 10:41:56 [ERROR   ] sdr_monitor.web_backend (main.py:216): Detection flush error: Detection.__init__() missing 1 required positional argument: 'id'
2026-09-22 10:41:57 [ERROR   ] sdr_monitor.web_backend (main.py:216): Detection flush error: Detection.__init__() missing 1 required positional argument: 'id'
2026-09-22 10:41:57 [ERROR   ] sdr_monitor.web_backend (main.py:216): Detection flush error: Detection.__init__() missing 1 required positional argument: 'id'
2026-09-22 10:41:58 [ERROR   ] sdr_monitor.web_backend (main.py:216): Detection flush error: Detection.__init__() missing 1 required positional argument: 'id'
2026-09-22 10:41:58 [ERROR   ] sdr_monitor.web_backend (main.py:216): Detection flush error: Detection.__init__() missing 1 required positional argument: 'id'
2026-09-22 10:41:59 [ERROR   ] sdr_monitor.web_backend (main.py:216): Detection flush error: Detection.__init__() missing 1 required positional argument: 'id'
2026-09-22 10:41:59 [ERROR   ] sdr_monitor.web_backend (main.py:216): Detection flush error: Detection.__init__() missing 1 required positional argument: 'id'
2026-09-22 10:42:00 [ERROR   ] sdr_monitor.web_backend (main.py:216): Detection flush error: Detection.__init__() missing 1 required positional argument: 'id'
2026-09-22 10:42:00 [ERROR   ] sdr_monitor.web_backend (main.py:216): Detection flush error: Detection.__init__() missing 1 required positional argument: 'id'
2026-09-22 10:42:01 [ERROR   ] sdr_monitor.web_backend (main.py:216): Detection flush error: Detection.__init__() missing 1 required positional argument: 'id'
2026-09-22 10:42:01 [ERROR   ] sdr_monitor.web_backend (main.py:216): Detection flush error: Detection.__init__() missing 1 required positional argument: 'id'
2026-09-22 10:42:02 [ERROR   ] sdr_monitor.web_backend (main.py:216): Detection flush error: Detection.__init__() missing 1 required positional argument: 'id'
2026-09-22 10:42:02 [ERROR   ] sdr_monitor.web_backend (main.py:216): Detection flush error: Detection.__init__() missing 1 required positional argument: 'id'
2026-09-22 10:42:03 [ERROR   ] sdr_monitor.web_backend (main.py:216): Detection flush error: Detection.__init__() missing 1 required positional argument: 'id'
2026-09-22 10:42:03 [ERROR   ] sdr_monitor.web_backend (main.py:216): Detection flush error: Detection.__init__() missing 1 required positional argument: 'id'
2026-09-22 10:42:04 [ERROR   ] sdr_monitor.web_backend (main.py:216): Detection flush error: Detection.__init__() missing 1 required positional argument: 'id'
2026-09-22 10:42:04 [ERROR   ] sdr_monitor.web_backend (main.py:216): Detection flush error: Detection.__init__() missing 1 required positional argument: 'id'
2026-09-22 10:42:05 [ERROR   ] sdr_monitor.web_backend (main.py:216): Detection flush error: Detection.__init__() missing 1 required positional argument: 'id'
2026-09-22 10:42:06 [ERROR   ] sdr_monitor.web_backend (main.py:216): Detection flush error: Detection.__init__() missing 1 required positional argument: 'id'
2026-09-22 10:42:06 [ERROR   ] sdr_monitor.web_backend (main.py:216): Detection flush error: Detection.__init__() missing 1 required positional argument: 'id'
2026-09-22 10:42:07 [ERROR   ] sdr_monitor.web_backend (main.py:216): Detection flush error: Detection.__init__() missing 1 required positional argument: 'id'
2026-09-22 10:42:07 [ERROR   ] sdr_monitor.web_backend (main.py:216): Detection flush error: Detection.__init__() missing 1 required positional argument: 'id'
2026-09-22 10:42:08 [ERROR   ] sdr_monitor.web_backend (main.py:216): Detection flush error: Detection.__init__() missing 1 required positional argument: 'id'
2026-09-22 10:42:08 [ERROR   ] sdr_monitor.web_backend (main.py:216): Detection flush error: Detection.__init__() missing 1 required positional argument: 'id'
2026-09-22 10:42:09 [ERROR   ] sdr_monitor.web_backend (main.py:216): Detection flush error: Detection.__init__() missing 1 required positional argument: 'id'
2026-09-22 10:42:09 [ERROR   ] sdr_monitor.web_backend (main.py:216): Detection flush error: Detection.__init__() missing 1 required positional argument: 'id'
2026-09-22 10:42:10 [ERROR   ] sdr_monitor.web_backend (main.py:216): Detection flush error: Detection.__init__() missing 1 required positional argument: 'id'
2026-09-22 10:42:10 [ERROR   ] sdr_monitor.web_backend (main.py:216): Detection flush error: Detection.__init__() missing 1 required positional argument: 'id'
2026-09-22 10:42:11 [ERROR   ] sdr_monitor.web_backend (main.py:216): Detection flush error: Detection.__init__() missing 1 required positional argument: 'id'
2026-09-22 10:42:11 [ERROR   ] sdr_monitor.web_backend (main.py:216): Detection flush error: Detection.__init__() missing 1 required positional argument: 'id'
2026-09-22 10:42:12 [ERROR   ] sdr_monitor.web_backend (main.py:216): Detection flush error: Detection.__init__() missing 1 required positional argument: 'id'
2026-09-22 10:42:12 [ERROR   ] sdr_monitor.web_backend (main.py:216): Detection flush error: Detection.__init__() missing 1 required positional argument: 'id'
2026-09-22 10:42:13 [ERROR   ] sdr_monitor.web_backend (main.py:216): Detection flush error: Detection.__init__() missing 1 required positional argument: 'id'
2026-09-22 10:42:13 [ERROR   ] sdr_monitor.web_backend (main.py:216): Detection flush error: Detection.__init__() missing 1 required positional argument: 'id'
2026-09-22 10:42:14 [ERROR   ] sdr_monitor.web_backend (main.py:216): Detection flush error: Detection.__init__() missing 1 required positional argument: 'id'
2026-09-22 10:42:14 [ERROR   ] sdr_monitor.web_backend (main.py:216): Detection flush error: Detection.__init__() missing 1 required positional argument: 'id'
2026-09-22 10:42:15 [ERROR   ] sdr_monitor.web_backend (main.py:216): Detection flush error: Detection.__init__() missing 1 required positional argument: 'id'
2026-09-22 10:42:15 [ERROR   ] sdr_monitor.web_backend (main.py:216): Detection flush error: Detection.__init__() missing 1 required positional argument: 'id'
2026-09-22 10:42:16 [ERROR   ] sdr_monitor.web_backend (main.py:216): Detection flush error: Detection.__init__() missing 1 required positional argument: 'id'
2026-09-22 10:42:16 [ERROR   ] sdr_monitor.web_backend (main.py:216): Detection flush error: Detection.__init__() missing 1 required positional argument: 'id'
2026-09-22 10:42:17 [ERROR   ] sdr_monitor.web_backend (main.py:216): Detection flush error: Detection.__init__() missing 1 required positional argument: 'id'
2026-09-22 10:42:17 [ERROR   ] sdr_monitor.web_backend (main.py:216): Detection flush error: Detection.__init__() missing 1 required positional argument: 'id'
2026-09-22 10:42:18 [ERROR   ] sdr_monitor.web_backend (main.py:216): Detection flush error: Detection.__init__() missing 1 required positional argument: 'id'
2026-09-22 10:42:18 [ERROR   ] sdr_monitor.web_backend (main.py:216): Detection flush error: Detection.__init__() missing 1 required positional argument: 'id'
2026-09-22 10:42:19 [ERROR   ] sdr_monitor.web_backend (main.py:216): Detection flush error: Detection.__init__() missing 1 required positional argument: 'id'
2026-09-22 10:42:19 [ERROR   ] sdr_monitor.web_backend (main.py:216): Detection flush error: Detection.__init__() missing 1 required positional argument: 'id'
2026-09-22 10:42:20 [ERROR   ] sdr_monitor.web_backend (main.py:216): Detection flush error: Detection.__init__() missing 1 required positional argument: 'id'
2026-09-22 10:42:21 [ERROR   ] sdr_monitor.web_backend (main.py:216): Detection flush error: Detection.__init__() missing 1 required positional argument: 'id'
2026-09-22 10:42:21 [ERROR   ] sdr_monitor.web_backend (main.py:216): Detection flush error: Detection.__init__() missing 1 required positional argument: 'id'
2026-09-22 10:42:22 [ERROR   ] sdr_monitor.web_backend (main.py:216): Detection flush error: Detection.__init__() missing 1 required positional argument: 'id'
2026-09-22 10:42:22 [ERROR   ] sdr_monitor.web_backend (main.py:216): Detection flush error: Detection.__init__() missing 1 required positional argument: 'id'
2026-09-22 10:42:23 [ERROR   ] sdr_monitor.web_backend (main.py:216): Detection flush error: Detection.__init__() missing 1 required positional argument: 'id'
2026-09-22 10:42:23 [ERROR   ] sdr_monitor.web_backend (main.py:216): Detection flush error: Detection.__init__() missing 1 required positional argument: 'id'
2026-09-22 10:42:24 [ERROR   ] sdr_monitor.web_backend (main.py:216): Detection flush error: Detection.__init__() missing 1 required positional argument: 'id'
2026-09-22 10:42:24 [ERROR   ] sdr_monitor.web_backend (main.py:216): Detection flush error: Detection.__init__() missing 1 required positional argument: 'id'
2026-09-22 10:42:25 [ERROR   ] sdr_monitor.web_backend (main.py:216): Detection flush error: Detection.__init__() missing 1 required positional argument: 'id'
2026-09-22 10:42:25 [ERROR   ] sdr_monitor.web_backend (main.py:216): Detection flush error: Detection.__init__() missing 1 required positional argument: 'id'
2026-09-22 10:42:26 [ERROR   ] sdr_monitor.web_backend (main.py:216): Detection flush error: Detection.__init__() missing 1 required positional argument: 'id'
2026-09-22 10:42:26 [ERROR   ] sdr_monitor.web_backend (main.py:216): Detection flush error: Detection.__init__() missing 1 required positional argument: 'id'
2026-09-22 10:42:27 [ERROR   ] sdr_monitor.web_backend (main.py:216): Detection flush error: Detection.__init__() missing 1 required positional argument: 'id'
2026-09-22 10:42:27 [ERROR   ] sdr_monitor.web_backend (main.py:216): Detection flush error: Detection.__init__() missing 1 required positional argument: 'id'
2026-09-22 10:42:28 [ERROR   ] sdr_monitor.web_backend (main.py:216): Detection flush error: Detection.__init__() missing 1 required positional argument: 'id'
2026-09-22 10:42:28 [ERROR   ] sdr_monitor.web_backend (main.py:216): Detection flush error: Detection.__init__() missing 1 required positional argument: 'id'
2026-09-22 10:42:29 [ERROR   ] sdr_monitor.web_backend (main.py:216): Detection flush error: Detection.__init__() missing 1 required positional argument: 'id'
2026-09-22 10:42:29 [ERROR   ] sdr_monitor.web_backend (main.py:216): Detection flush error: Detection.__init__() missing 1 required positional argument: 'id'
2026-09-22 10:42:30 [ERROR   ] sdr_monitor.web_backend (main.py:216): Detection flush error: Detection.__init__() missing 1 required positional argument: 'id'
2026-09-22 10:42:30 [ERROR   ] sdr_monitor.web_backend (main.py:216): Detection flush error: Detection.__init__() missing 1 required positional argument: 'id'
2026-09-22 10:42:31 [ERROR   ] sdr_monitor.web_backend (main.py:216): Detection flush error: Detection.__init__() missing 1 required positional argument: 'id'
2026-09-22 10:42:31 [ERROR   ] sdr_monitor.web_backend (main.py:216): Detection flush error: Detection.__init__() missing 1 required positional argument: 'id'
2026-09-22 10:42:32 [ERROR   ] sdr_monitor.web_backend (main.py:216): Detection flush error: Detection.__init__() missing 1 required positional argument: 'id'
2026-09-22 10:42:32 [ERROR   ] sdr_monitor.web_backend (main.py:216): Detection flush error: Detection.__init__() missing 1 required positional argument: 'id'
2026-09-22 10:42:33 [ERROR   ] sdr_monitor.web_backend (main.py:216): Detection flush error: Detection.__init__() missing 1 required positional argument: 'id'
2026-09-22 10:42:33 [ERROR   ] sdr_monitor.web_backend (main.py:216): Detection flush error: Detection.__init__() missing 1 required positional argument: 'id'
2026-09-22 10:42:34 [ERROR   ] sdr_monitor.web_backend (main.py:216): Detection flush error: Detection.__init__() missing 1 required positional argument: 'id'
2026-09-22 10:42:34 [ERROR   ] sdr_monitor.web_backend (main.py:216): Detection flush error: Detection.__init__() missing 1 required positional argument: 'id'
2026-09-22 10:42:35 [ERROR   ] sdr_monitor.web_backend (main.py:216): Detection flush error: Detection.__init__() missing 1 required positional argument: 'id'
2026-09-22 10:42:35 [ERROR   ] sdr_monitor.web_backend (main.py:216): Detection flush error: Detection.__init__() missing 1 required positional argument: 'id'
2026-09-22 10:42:36 [ERROR   ] sdr_monitor.web_backend (main.py:216): Detection flush error: Detection.__init__() missing 1 required positional argument: 'id'
2026-09-22 10:42:36 [ERROR   ] sdr_monitor.web_backend (main.py:216): Detection flush error: Detection.__init__() missing 1 required positional argument: 'id'
2026-09-22 10:42:37 [ERROR   ] sdr_monitor.web_backend (main.py:216): Detection flush error: Detection.__init__() missing 1 required positional argument: 'id'
2026-09-22 10:42:38 [ERROR   ] sdr_monitor.web_backend (main.py:216): Detection flush error: Detection.__init__() missing 1 required positional argument: 'id'
2026-09-22 10:42:38 [ERROR   ] sdr_monitor.web_backend (main.py:216): Detection flush error: Detection.__init__() missing 1 required positional argument: 'id'
2026-09-22 10:42:39 [ERROR   ] sdr_monitor.web_backend (main.py:216): Detection flush error: Detection.__init__() missing 1 required positional argument: 'id'
2026-09-22 10:42:39 [ERROR   ] sdr_monitor.web_backend (main.py:216): Detection flush error: Detection.__init__() missing 1 required positional argument: 'id'
2026-09-22 10:42:40 [ERROR   ] sdr_monitor.web_backend (main.py:216): Detection flush error: Detection.__init__() missing 1 required positional argument: 'id'
2026-09-22 10:42:40 [ERROR   ] sdr_monitor.web_backend (main.py:216): Detection flush error: Detection.__init__() missing 1 required positional argument: 'id'
2026-09-22 10:42:41 [ERROR   ] sdr_monitor.web_backend (main.py:216): Detection flush error: Detection.__init__() missing 1 required positional argument: 'id'
2026-09-22 10:42:41 [ERROR   ] sdr_monitor.web_backend (main.py:216): Detection flush error: Detection.__init__() missing 1 required positional argument: 'id'
2026-09-22 10:42:42 [ERROR   ] sdr_monitor.web_backend (main.py:216): Detection flush error: Detection.__init__() missing 1 required positional argument: 'id'
2026-09-22 10:42:42 [ERROR   ] sdr_monitor.web_backend (main.py:216): Detection flush error: Detection.__init__() missing 1 required positional argument: 'id'
2026-09-22 10:42:43 [ERROR   ] sdr_monitor.web_backend (main.py:216): Detection flush error: Detection.__init__() missing 1 required positional argument: 'id'
2026-09-22 10:42:43 [ERROR   ] sdr_monitor.web_backend (main.py:216): Detection flush error: Detection.__init__() missing 1 required positional argument: 'id'
2026-09-22 10:42:44 [ERROR   ] sdr_monitor.web_backend (main.py:216): Detection flush error: Detection.__init__() missing 1 required positional argument: 'id'
2026-09-22 10:42:44 [ERROR   ] sdr_monitor.web_backend (main.py:216): Detection flush error: Detection.__init__() missing 1 required positional argument: 'id'
2026-09-22 10:42:45 [ERROR   ] sdr_monitor.web_backend (main.py:216): Detection flush error: Detection.__init__() missing 1 required positional argument: 'id'
2026-09-22 10:42:45 [ERROR   ] sdr_monitor.web_backend (main.py:216): Detection flush error: Detection.__init__() missing 1 required positional argument: 'id'
2026-09-22 10:42:46 [ERROR   ] sdr_monitor.web_backend (main.py:216): Detection flush error: Detection.__init__() missing 1 required positional argument: 'id'
2026-09-22 10:42:46 [ERROR   ] sdr_monitor.web_backend (main.py:216): Detection flush error: Detection.__init__() missing 1 required positional argument: 'id'
2026-09-22 10:42:47 [ERROR   ] sdr_monitor.web_backend (main.py:216): Detection flush error: Detection.__init__() missing 1 required positional argument: 'id'
2026-09-22 10:42:47 [ERROR   ] sdr_monitor.web_backend (main.py:216): Detection flush error: Detection.__init__() missing 1 required positional argument: 'id'
2026-09-22 10:42:48 [ERROR   ] sdr_monitor.web_backend (main.py:216): Detection flush error: Detection.__init__() missing 1 required positional argument: 'id'
2026-09-22 10:42:48 [ERROR   ] sdr_monitor.web_backend (main.py:216): Detection flush error: Detection.__init__() missing 1 required positional argument: 'id'
2026-09-22 10:42:49 [ERROR   ] sdr_monitor.web_backend (main.py:216): Detection flush error: Detection.__init__() missing 1 required positional argument: 'id'
2026-09-22 10:42:49 [ERROR   ] sdr_monitor.web_backend (main.py:216): Detection flush error: Detection.__init__() missing 1 required positional argument: 'id'
2026-09-22 10:42:50 [ERROR   ] sdr_monitor.web_backend (main.py:216): Detection flush error: Detection.__init__() missing 1 required positional argument: 'id'
2026-09-22 10:42:50 [ERROR   ] sdr_monitor.web_backend (main.py:216): Detection flush error: Detection.__init__() missing 1 required positional argument: 'id'
2026-09-22 10:42:51 [ERROR   ] sdr_monitor.web_backend (main.py:216): Detection flush error: Detection.__init__() missing 1 required positional argument: 'id'
2026-09-22 10:42:51 [ERROR   ] sdr_monitor.web_backend (main.py:216): Detection flush error: Detection.__init__() missing 1 required positional argument: 'id'
2026-09-22 10:42:52 [ERROR   ] sdr_monitor.web_backend (main.py:216): Detection flush error: Detection.__init__() missing 1 required positional argument: 'id'
2026-09-22 10:42:52 [ERROR   ] sdr_monitor.web_backend (main.py:216): Detection flush error: Detection.__init__() missing 1 required positional argument: 'id'
2026-09-22 10:42:53 [ERROR   ] sdr_monitor.web_backend (main.py:216): Detection flush error: Detection.__init__() missing 1 required positional argument: 'id'
2026-09-22 10:42:53 [ERROR   ] sdr_monitor.web_backend (main.py:216): Detection flush error: Detection.__init__() missing 1 required positional argument: 'id'
2026-09-22 10:42:54 [ERROR   ] sdr_monitor.web_backend (main.py:216): Detection flush error: Detection.__init__() missing 1 required positional argument: 'id'
2026-09-22 10:42:54 [ERROR   ] sdr_monitor.web_backend (main.py:216): Detection flush error: Detection.__init__() missing 1 required positional argument: 'id'
2026-09-22 10:42:55 [ERROR   ] sdr_monitor.web_backend (main.py:216): Detection flush error: Detection.__init__() missing 1 required positional argument: 'id'
2026-09-22 10:42:55 [ERROR   ] sdr_monitor.web_backend (main.py:216): Detection flush error: Detection.__init__() missing 1 required positional argument: 'id'
2026-09-22 10:42:56 [ERROR   ] sdr_monitor.web_backend (main.py:216): Detection flush error: Detection.__init__() missing 1 required positional argument: 'id'
2026-09-22 10:42:56 [ERROR   ] sdr_monitor.web_backend (main.py:216): Detection flush error: Detection.__init__() missing 1 required positional argument: 'id'
2026-09-22 10:42:57 [ERROR   ] sdr_monitor.web_backend (main.py:216): Detection flush error: Detection.__init__() missing 1 required positional argument: 'id'
2026-09-22 10:42:58 [ERROR   ] sdr_monitor.web_backend (main.py:216): Detection flush error: Detection.__init__() missing 1 required positional argument: 'id'
2026-09-22 10:42:58 [ERROR   ] sdr_monitor.web_backend (main.py:216): Detection flush error: Detection.__init__() missing 1 required positional argument: 'id'
2026-09-22 10:42:59 [ERROR   ] sdr_monitor.web_backend (main.py:216): Detection flush error: Detection.__init__() missing 1 required positional argument: 'id'
2026-09-22 10:42:59 [ERROR   ] sdr_monitor.web_backend (main.py:216): Detection flush error: Detection.__init__() missing 1 required positional argument: 'id'
2026-09-22 10:43:00 [ERROR   ] sdr_monitor.web_backend (main.py:216): Detection flush error: Detection.__init__() missing 1 required positional argument: 'id'
2026-09-22 10:43:00 [ERROR   ] sdr_monitor.web_backend (main.py:216): Detection flush error: Detection.__init__() missing 1 required positional argument: 'id'
2026-09-22 10:43:01 [ERROR   ] sdr_monitor.web_backend (main.py:216): Detection flush error: Detection.__init__() missing 1 required positional argument: 'id'
2026-09-22 10:43:01 [ERROR   ] sdr_monitor.web_backend (main.py:216): Detection flush error: Detection.__init__() missing 1 required positional argument: 'id'
2026-09-22 10:43:02 [ERROR   ] sdr_monitor.web_backend (main.py:216): Detection flush error: Detection.__init__() missing 1 required positional argument: 'id'
2026-09-22 10:43:02 [ERROR   ] sdr_monitor.web_backend (main.py:216): Detection flush error: Detection.__init__() missing 1 required positional argument: 'id'
2026-09-22 10:43:03 [ERROR   ] sdr_monitor.web_backend (main.py:216): Detection flush error: Detection.__init__() missing 1 required positional argument: 'id'
2026-09-22 10:43:03 [ERROR   ] sdr_monitor.web_backend (main.py:216): Detection flush error: Detection.__init__() missing 1 required positional argument: 'id'
2026-09-22 10:43:04 [ERROR   ] sdr_monitor.web_backend (main.py:216): Detection flush error: Detection.__init__() missing 1 required positional argument: 'id'
2026-09-22 10:43:04 [ERROR   ] sdr_monitor.web_backend (main.py:216): Detection flush error: Detection.__init__() missing 1 required positional argument: 'id'
2026-09-22 10:43:05 [ERROR   ] sdr_monitor.web_backend (main.py:216): Detection flush error: Detection.__init__() missing 1 required positional argument: 'id'
2026-09-22 10:43:05 [ERROR   ] sdr_monitor.web_backend (main.py:216): Detection flush error: Detection.__init__() missing 1 required positional argument: 'id'
2026-09-22 10:43:06 [ERROR   ] sdr_monitor.web_backend (main.py:216): Detection flush error: Detection.__init__() missing 1 required positional argument: 'id'
2026-09-22 10:43:06 [ERROR   ] sdr_monitor.web_backend (main.py:216): Detection flush error: Detection.__init__() missing 1 required positional argument: 'id'
2026-09-22 10:43:07 [ERROR   ] sdr_monitor.web_backend (main.py:216): Detection flush error: Detection.__init__() missing 1 required positional argument: 'id'
2026-09-22 10:43:07 [ERROR   ] sdr_monitor.web_backend (main.py:216): Detection flush error: Detection.__init__() missing 1 required positional argument: 'id'
2026-09-22 10:43:08 [ERROR   ] sdr_monitor.web_backend (main.py:216): Detection flush error: Detection.__init__() missing 1 required positional argument: 'id'
2026-09-22 10:43:08 [ERROR   ] sdr_monitor.web_backend (main.py:216): Detection flush error: Detection.__init__() missing 1 required positional argument: 'id'
2026-09-22 10:43:09 [ERROR   ] sdr_monitor.web_backend (main.py:216): Detection flush error: Detection.__init__() missing 1 required positional argument: 'id'
2026-09-22 10:43:09 [ERROR   ] sdr_monitor.web_backend (main.py:216): Detection flush error: Detection.__init__() missing 1 required positional argument: 'id'
2026-09-22 10:43:10 [ERROR   ] sdr_monitor.web_backend (main.py:216): Detection flush error: Detection.__init__() missing 1 required positional argument: 'id'
2026-09-22 10:43:10 [ERROR   ] sdr_monitor.web_backend (main.py:216): Detection flush error: Detection.__init__() missing 1 required positional argument: 'id'
2026-09-22 10:43:11 [ERROR   ] sdr_monitor.web_backend (main.py:216): Detection flush error: Detection.__init__() missing 1 required positional argument: 'id'
2026-09-22 10:43:11 [ERROR   ] sdr_monitor.web_backend (main.py:216): Detection flush error: Detection.__init__() missing 1 required positional argument: 'id'
2026-09-22 10:43:12 [ERROR   ] sdr_monitor.web_backend (main.py:216): Detection flush error: Detection.__init__() missing 1 required positional argument: 'id'
2026-09-22 10:43:12 [ERROR   ] sdr_monitor.web_backend (main.py:216): Detection flush error: Detection.__init__() missing 1 required positional argument: 'id'
2026-09-22 10:43:13 [ERROR   ] sdr_monitor.web_backend (main.py:216): Detection flush error: Detection.__init__() missing 1 required positional argument: 'id'
2026-09-22 10:43:13 [ERROR   ] sdr_monitor.web_backend (main.py:216): Detection flush error: Detection.__init__() missing 1 required positional argument: 'id'
2026-09-22 10:43:14 [ERROR   ] sdr_monitor.web_backend (main.py:216): Detection flush error: Detection.__init__() missing 1 required positional argument: 'id'
2026-09-22 10:43:14 [ERROR   ] sdr_monitor.web_backend (main.py:216): Detection flush error: Detection.__init__() missing 1 required positional argument: 'id'
2026-09-22 10:43:15 [ERROR   ] sdr_monitor.web_backend (main.py:216): Detection flush error: Detection.__init__() missing 1 required positional argument: 'id'
2026-09-22 10:43:15 [ERROR   ] sdr_monitor.web_backend (main.py:216): Detection flush error: Detection.__init__() missing 1 required positional argument: 'id'
2026-09-22 10:43:16 [ERROR   ] sdr_monitor.web_backend (main.py:216): Detection flush error: Detection.__init__() missing 1 required positional argument: 'id'
2026-09-22 10:43:16 [ERROR   ] sdr_monitor.web_backend (main.py:216): Detection flush error: Detection.__init__() missing 1 required positional argument: 'id'
2026-09-22 10:43:17 [ERROR   ] sdr_monitor.web_backend (main.py:216): Detection flush error: Detection.__init__() missing 1 required positional argument: 'id'
2026-09-22 10:43:17 [ERROR   ] sdr_monitor.web_backend (main.py:216): Detection flush error: Detection.__init__() missing 1 required positional argument: 'id'
2026-09-22 10:43:18 [ERROR   ] sdr_monitor.web_backend (main.py:216): Detection flush error: Detection.__init__() missing 1 required positional argument: 'id'
2026-09-22 10:43:18 [ERROR   ] sdr_monitor.web_backend (main.py:216): Detection flush error: Detection.__init__() missing 1 required positional argument: 'id'
2026-09-22 10:43:19 [ERROR   ] sdr_monitor.web_backend (main.py:216): Detection flush error: Detection.__init__() missing 1 required positional argument: 'id'
2026-09-22 10:43:20 [ERROR   ] sdr_monitor.web_backend (main.py:216): Detection flush error: Detection.__init__() missing 1 required positional argument: 'id'
2026-09-22 10:43:20 [ERROR   ] sdr_monitor.web_backend (main.py:216): Detection flush error: Detection.__init__() missing 1 required positional argument: 'id'
2026-09-22 10:43:21 [ERROR   ] sdr_monitor.web_backend (main.py:216): Detection flush error: Detection.__init__() missing 1 required positional argument: 'id'
2026-09-22 10:43:21 [ERROR   ] sdr_monitor.web_backend (main.py:216): Detection flush error: Detection.__init__() missing 1 required positional argument: 'id'
2026-09-22 10:43:22 [ERROR   ] sdr_monitor.web_backend (main.py:216): Detection flush error: Detection.__init__() missing 1 required positional argument: 'id'
2026-09-22 10:43:22 [ERROR   ] sdr_monitor.web_backend (main.py:216): Detection flush error: Detection.__init__() missing 1 required positional argument: 'id'
2026-09-22 10:43:23 [ERROR   ] sdr_monitor.web_backend (main.py:216): Detection flush error: Detection.__init__() missing 1 required positional argument: 'id'
2026-09-22 10:43:23 [ERROR   ] sdr_monitor.web_backend (main.py:216): Detection flush error: Detection.__init__() missing 1 required positional argument: 'id'
2026-09-22 10:43:24 [ERROR   ] sdr_monitor.web_backend (main.py:216): Detection flush error: Detection.__init__() missing 1 required positional argument: 'id'
2026-09-22 10:43:24 [ERROR   ] sdr_monitor.web_backend (main.py:216): Detection flush error: Detection.__init__() missing 1 required positional argument: 'id'
2026-09-22 10:43:25 [ERROR   ] sdr_monitor.web_backend (main.py:216): Detection flush error: Detection.__init__() missing 1 required positional argument: 'id'
2026-09-22 10:43:25 [ERROR   ] sdr_monitor.web_backend (main.py:216): Detection flush error: Detection.__init__() missing 1 required positional argument: 'id'
2026-09-22 10:43:26 [ERROR   ] sdr_monitor.web_backend (main.py:216): Detection flush error: Detection.__init__() missing 1 required positional argument: 'id'
2026-09-22 10:43:26 [ERROR   ] sdr_monitor.web_backend (main.py:216): Detection flush error: Detection.__init__() missing 1 required positional argument: 'id'
2026-09-22 10:43:27 [ERROR   ] sdr_monitor.web_backend (main.py:216): Detection flush error: Detection.__init__() missing 1 required positional argument: 'id'
2026-09-22 10:43:27 [ERROR   ] sdr_monitor.web_backend (main.py:216): Detection flush error: Detection.__init__() missing 1 required positional argument: 'id'
2026-09-22 10:43:28 [ERROR   ] sdr_monitor.web_backend (main.py:216): Detection flush error: Detection.__init__() missing 1 required positional argument: 'id'
2026-09-22 10:43:28 [ERROR   ] sdr_monitor.web_backend (main.py:216): Detection flush error: Detection.__init__() missing 1 required positional argument: 'id'
2026-09-22 10:43:29 [ERROR   ] sdr_monitor.web_backend (main.py:216): Detection flush error: Detection.__init__() missing 1 required positional argument: 'id'
2026-09-22 10:43:29 [ERROR   ] sdr_monitor.web_backend (main.py:216): Detection flush error: Detection.__init__() missing 1 required positional argument: 'id'
2026-09-22 10:43:30 [ERROR   ] sdr_monitor.web_backend (main.py:216): Detection flush error: Detection.__init__() missing 1 required positional argument: 'id'
2026-09-22 10:43:30 [ERROR   ] sdr_monitor.web_backend (main.py:216): Detection flush error: Detection.__init__() missing 1 required positional argument: 'id'
2026-09-22 10:43:31 [ERROR   ] sdr_monitor.web_backend (main.py:216): Detection flush error: Detection.__init__() missing 1 required positional argument: 'id'
2026-09-22 10:43:31 [ERROR   ] sdr_monitor.web_backend (main.py:216): Detection flush error: Detection.__init__() missing 1 required positional argument: 'id'
2026-09-22 10:43:32 [ERROR   ] sdr_monitor.web_backend (main.py:216): Detection flush error: Detection.__init__() missing 1 required positional argument: 'id'
2026-09-22 10:43:32 [ERROR   ] sdr_monitor.web_backend (main.py:216): Detection flush error: Detection.__init__() missing 1 required positional argument: 'id'
2026-09-22 10:43:33 [ERROR   ] sdr_monitor.web_backend (main.py:216): Detection flush error: Detection.__init__() missing 1 required positional argument: 'id'
2026-09-22 10:43:33 [ERROR   ] sdr_monitor.web_backend (main.py:216): Detection flush error: Detection.__init__() missing 1 required positional argument: 'id'
2026-09-22 10:43:34 [ERROR   ] sdr_monitor.web_backend (main.py:216): Detection flush error: Detection.__init__() missing 1 required positional argument: 'id'
2026-09-22 10:43:34 [ERROR   ] sdr_monitor.web_backend (main.py:216): Detection flush error: Detection.__init__() missing 1 required positional argument: 'id'
2026-09-22 10:43:35 [ERROR   ] sdr_monitor.web_backend (main.py:216): Detection flush error: Detection.__init__() missing 1 required positional argument: 'id'
2026-09-22 10:43:36 [ERROR   ] sdr_monitor.web_backend (main.py:216): Detection flush error: Detection.__init__() missing 1 required positional argument: 'id'
2026-09-22 10:43:36 [ERROR   ] sdr_monitor.web_backend (main.py:216): Detection flush error: Detection.__init__() missing 1 required positional argument: 'id'
2026-09-22 10:43:37 [ERROR   ] sdr_monitor.web_backend (main.py:216): Detection flush error: Detection.__init__() missing 1 required positional argument: 'id'
2026-09-22 10:43:37 [ERROR   ] sdr_monitor.web_backend (main.py:216): Detection flush error: Detection.__init__() missing 1 required positional argument: 'id'
2026-09-22 10:43:38 [ERROR   ] sdr_monitor.web_backend (main.py:216): Detection flush error: Detection.__init__() missing 1 required positional argument: 'id'
2026-09-22 10:43:38 [ERROR   ] sdr_monitor.web_backend (main.py:216): Detection flush error: Detection.__init__() missing 1 required positional argument: 'id'
2026-09-22 10:43:39 [ERROR   ] sdr_monitor.web_backend (main.py:216): Detection flush error: Detection.__init__() missing 1 required positional argument: 'id'
2026-09-22 10:43:39 [ERROR   ] sdr_monitor.web_backend (main.py:216): Detection flush error: Detection.__init__() missing 1 required positional argument: 'id'
2026-09-22 10:43:40 [ERROR   ] sdr_monitor.web_backend (main.py:216): Detection flush error: Detection.__init__() missing 1 required positional argument: 'id'
2026-09-22 10:43:40 [ERROR   ] sdr_monitor.web_backend (main.py:216): Detection flush error: Detection.__init__() missing 1 required positional argument: 'id'
2026-09-22 10:43:41 [ERROR   ] sdr_monitor.web_backend (main.py:216): Detection flush error: Detection.__init__() missing 1 required positional argument: 'id'
2026-09-22 10:43:41 [ERROR   ] sdr_monitor.web_backend (main.py:216): Detection flush error: Detection.__init__() missing 1 required positional argument: 'id'
2026-09-22 10:43:42 [ERROR   ] sdr_monitor.web_backend (main.py:216): Detection flush error: Detection.__init__() missing 1 required positional argument: 'id'
2026-09-22 10:43:42 [ERROR   ] sdr_monitor.web_backend (main.py:216): Detection flush error: Detection.__init__() missing 1 required positional argument: 'id'
2026-09-22 10:43:43 [ERROR   ] sdr_monitor.web_backend (main.py:216): Detection flush error: Detection.__init__() missing 1 required positional argument: 'id'
2026-09-22 10:43:43 [ERROR   ] sdr_monitor.web_backend (main.py:216): Detection flush error: Detection.__init__() missing 1 required positional argument: 'id'
2026-09-22 10:43:44 [ERROR   ] sdr_monitor.web_backend (main.py:216): Detection flush error: Detection.__init__() missing 1 required positional argument: 'id'
2026-09-22 10:43:44 [ERROR   ] sdr_monitor.web_backend (main.py:216): Detection flush error: Detection.__init__() missing 1 required positional argument: 'id'
2026-09-22 10:43:45 [ERROR   ] sdr_monitor.web_backend (main.py:216): Detection flush error: Detection.__init__() missing 1 required positional argument: 'id'
2026-09-22 10:43:45 [ERROR   ] sdr_monitor.web_backend (main.py:216): Detection flush error: Detection.__init__() missing 1 required positional argument: 'id'
2026-09-22 10:43:46 [ERROR   ] sdr_monitor.web_backend (main.py:216): Detection flush error: Detection.__init__() missing 1 required positional argument: 'id'
2026-09-22 10:43:46 [ERROR   ] sdr_monitor.web_backend (main.py:216): Detection flush error: Detection.__init__() missing 1 required positional argument: 'id'
2026-09-22 10:43:47 [ERROR   ] sdr_monitor.web_backend (main.py:216): Detection flush error: Detection.__init__() missing 1 required positional argument: 'id'
2026-09-22 10:43:47 [ERROR   ] sdr_monitor.web_backend (main.py:216): Detection flush error: Detection.__init__() missing 1 required positional argument: 'id'
2026-09-22 10:43:48 [ERROR   ] sdr_monitor.web_backend (main.py:216): Detection flush error: Detection.__init__() missing 1 required positional argument: 'id'
2026-09-22 10:43:49 [ERROR   ] sdr_monitor.web_backend (main.py:216): Detection flush error: Detection.__init__() missing 1 required positional argument: 'id'
2026-09-22 10:43:50 [ERROR   ] sdr_monitor.web_backend (main.py:216): Detection flush error: Detection.__init__() missing 1 required positional argument: 'id'
2026-09-22 10:43:50 [ERROR   ] sdr_monitor.web_backend (main.py:216): Detection flush error: Detection.__init__() missing 1 required positional argument: 'id'
2026-09-22 10:43:51 [ERROR   ] sdr_monitor.web_backend (main.py:216): Detection flush error: Detection.__init__() missing 1 required positional argument: 'id'
2026-09-22 10:43:51 [ERROR   ] sdr_monitor.web_backend (main.py:216): Detection flush error: Detection.__init__() missing 1 required positional argument: 'id'
2026-09-22 10:43:52 [ERROR   ] sdr_monitor.web_backend (main.py:216): Detection flush error: Detection.__init__() missing 1 required positional argument: 'id'
2026-09-22 10:43:52 [ERROR   ] sdr_monitor.web_backend (main.py:216): Detection flush error: Detection.__init__() missing 1 required positional argument: 'id'
2026-09-22 10:43:53 [ERROR   ] sdr_monitor.web_backend (main.py:216): Detection flush error: Detection.__init__() missing 1 required positional argument: 'id'
2026-09-22 10:43:53 [ERROR   ] sdr_monitor.web_backend (main.py:216): Detection flush error: Detection.__init__() missing 1 required positional argument: 'id'
2026-09-22 10:43:54 [ERROR   ] sdr_monitor.web_backend (main.py:216): Detection flush error: Detection.__init__() missing 1 required positional argument: 'id'
2026-09-22 10:43:54 [ERROR   ] sdr_monitor.web_backend (main.py:216): Detection flush error: Detection.__init__() missing 1 required positional argument: 'id'
2026-09-22 10:43:55 [ERROR   ] sdr_monitor.web_backend (main.py:216): Detection flush error: Detection.__init__() missing 1 required positional argument: 'id'
2026-09-22 10:43:55 [ERROR   ] sdr_monitor.web_backend (main.py:216): Detection flush error: Detection.__init__() missing 1 required positional argument: 'id'
2026-09-22 10:43:56 [ERROR   ] sdr_monitor.web_backend (main.py:216): Detection flush error: Detection.__init__() missing 1 required positional argument: 'id'
2026-09-22 10:43:56 [ERROR   ] sdr_monitor.web_backend (main.py:216): Detection flush error: Detection.__init__() missing 1 required positional argument: 'id'
2026-09-22 10:43:57 [ERROR   ] sdr_monitor.web_backend (main.py:216): Detection flush error: Detection.__init__() missing 1 required positional argument: 'id'
2026-09-22 10:43:57 [ERROR   ] sdr_monitor.web_backend (main.py:216): Detection flush error: Detection.__init__() missing 1 required positional argument: 'id'
2026-09-22 10:43:58 [ERROR   ] sdr_monitor.web_backend (main.py:216): Detection flush error: Detection.__init__() missing 1 required positional argument: 'id'
2026-09-22 10:43:58 [ERROR   ] sdr_monitor.web_backend (main.py:216): Detection flush error: Detection.__init__() missing 1 required positional argument: 'id'
2026-09-22 10:43:59 [ERROR   ] sdr_monitor.web_backend (main.py:216): Detection flush error: Detection.__init__() missing 1 required positional argument: 'id'
2026-09-22 10:43:59 [ERROR   ] sdr_monitor.web_backend (main.py:216): Detection flush error: Detection.__init__() missing 1 required positional argument: 'id'
2026-09-22 10:44:00 [ERROR   ] sdr_monitor.web_backend (main.py:216): Detection flush error: Detection.__init__() missing 1 required positional argument: 'id'
2026-09-22 10:44:00 [ERROR   ] sdr_monitor.web_backend (main.py:216): Detection flush error: Detection.__init__() missing 1 required positional argument: 'id'
2026-09-22 10:44:01 [ERROR   ] sdr_monitor.web_backend (main.py:216): Detection flush error: Detection.__init__() missing 1 required positional argument: 'id'
2026-09-22 10:44:01 [ERROR   ] sdr_monitor.web_backend (main.py:216): Detection flush error: Detection.__init__() missing 1 required positional argument: 'id'
2026-09-22 10:44:02 [ERROR   ] sdr_monitor.web_backend (main.py:216): Detection flush error: Detection.__init__() missing 1 required positional argument: 'id'
2026-09-22 10:44:02 [ERROR   ] sdr_monitor.web_backend (main.py:216): Detection flush error: Detection.__init__() missing 1 required positional argument: 'id'
2026-09-22 10:44:03 [ERROR   ] sdr_monitor.web_backend (main.py:216): Detection flush error: Detection.__init__() missing 1 required positional argument: 'id'
2026-09-22 10:44:03 [ERROR   ] sdr_monitor.web_backend (main.py:216): Detection flush error: Detection.__init__() missing 1 required positional argument: 'id'
2026-09-22 10:44:04 [ERROR   ] sdr_monitor.web_backend (main.py:216): Detection flush error: Detection.__init__() missing 1 required positional argument: 'id'
2026-09-22 10:44:04 [ERROR   ] sdr_monitor.web_backend (main.py:216): Detection flush error: Detection.__init__() missing 1 required positional argument: 'id'
2026-09-22 10:44:05 [ERROR   ] sdr_monitor.web_backend (main.py:216): Detection flush error: Detection.__init__() missing 1 required positional argument: 'id'
2026-09-22 10:44:05 [ERROR   ] sdr_monitor.web_backend (main.py:216): Detection flush error: Detection.__init__() missing 1 required positional argument: 'id'
2026-09-22 10:44:06 [ERROR   ] sdr_monitor.web_backend (main.py:216): Detection flush error: Detection.__init__() missing 1 required positional argument: 'id'
2026-09-22 10:44:06 [ERROR   ] sdr_monitor.web_backend (main.py:216): Detection flush error: Detection.__init__() missing 1 required positional argument: 'id'
2026-09-22 10:44:07 [ERROR   ] sdr_monitor.web_backend (main.py:216): Detection flush error: Detection.__init__() missing 1 required positional argument: 'id'
2026-09-22 10:44:07 [ERROR   ] sdr_monitor.web_backend (main.py:216): Detection flush error: Detection.__init__() missing 1 required positional argument: 'id'
2026-09-22 10:44:08 [ERROR   ] sdr_monitor.web_backend (main.py:216): Detection flush error: Detection.__init__() missing 1 required positional argument: 'id'
2026-09-22 10:44:08 [ERROR   ] sdr_monitor.web_backend (main.py:216): Detection flush error: Detection.__init__() missing 1 required positional argument: 'id'
2026-09-22 10:44:09 [ERROR   ] sdr_monitor.web_backend (main.py:216): Detection flush error: Detection.__init__() missing 1 required positional argument: 'id'
2026-09-22 10:44:09 [ERROR   ] sdr_monitor.web_backend (main.py:216): Detection flush error: Detection.__init__() missing 1 required positional argument: 'id'
2026-09-22 10:44:10 [ERROR   ] sdr_monitor.web_backend (main.py:216): Detection flush error: Detection.__init__() missing 1 required positional argument: 'id'
2026-09-22 10:44:10 [ERROR   ] sdr_monitor.web_backend (main.py:216): Detection flush error: Detection.__init__() missing 1 required positional argument: 'id'
2026-09-22 10:44:11 [ERROR   ] sdr_monitor.web_backend (main.py:216): Detection flush error: Detection.__init__() missing 1 required positional argument: 'id'
2026-09-22 10:44:12 [ERROR   ] sdr_monitor.web_backend (main.py:216): Detection flush error: Detection.__init__() missing 1 required positional argument: 'id'
2026-09-22 10:44:12 [ERROR   ] sdr_monitor.web_backend (main.py:216): Detection flush error: Detection.__init__() missing 1 required positional argument: 'id'
2026-09-22 10:44:13 [ERROR   ] sdr_monitor.web_backend (main.py:216): Detection flush error: Detection.__init__() missing 1 required positional argument: 'id'
2026-09-22 10:44:13 [ERROR   ] sdr_monitor.web_backend (main.py:216): Detection flush error: Detection.__init__() missing 1 required positional argument: 'id'
2026-09-22 10:44:14 [ERROR   ] sdr_monitor.web_backend (main.py:216): Detection flush error: Detection.__init__() missing 1 required positional argument: 'id'
2026-09-22 10:44:14 [ERROR   ] sdr_monitor.web_backend (main.py:216): Detection flush error: Detection.__init__() missing 1 required positional argument: 'id'
2026-09-22 10:44:15 [ERROR   ] sdr_monitor.web_backend (main.py:216): Detection flush error: Detection.__init__() missing 1 required positional argument: 'id'
2026-09-22 10:44:15 [ERROR   ] sdr_monitor.web_backend (main.py:216): Detection flush error: Detection.__init__() missing 1 required positional argument: 'id'
2026-09-22 10:44:16 [ERROR   ] sdr_monitor.web_backend (main.py:216): Detection flush error: Detection.__init__() missing 1 required positional argument: 'id'
2026-09-22 10:44:16 [ERROR   ] sdr_monitor.web_backend (main.py:216): Detection flush error: Detection.__init__() missing 1 required positional argument: 'id'
2026-09-22 10:44:17 [ERROR   ] sdr_monitor.web_backend (main.py:216): Detection flush error: Detection.__init__() missing 1 required positional argument: 'id'
2026-09-22 10:44:17 [ERROR   ] sdr_monitor.web_backend (main.py:216): Detection flush error: Detection.__init__() missing 1 required positional argument: 'id'
2026-09-22 10:44:18 [ERROR   ] sdr_monitor.web_backend (main.py:216): Detection flush error: Detection.__init__() missing 1 required positional argument: 'id'
2026-09-22 10:44:18 [ERROR   ] sdr_monitor.web_backend (main.py:216): Detection flush error: Detection.__init__() missing 1 required positional argument: 'id'
2026-09-22 10:44:19 [ERROR   ] sdr_monitor.web_backend (main.py:216): Detection flush error: Detection.__init__() missing 1 required positional argument: 'id'
2026-09-22 10:44:19 [ERROR   ] sdr_monitor.web_backend (main.py:216): Detection flush error: Detection.__init__() missing 1 required positional argument: 'id'
2026-09-22 10:44:20 [ERROR   ] sdr_monitor.web_backend (main.py:216): Detection flush error: Detection.__init__() missing 1 required positional argument: 'id'
2026-09-22 10:44:20 [ERROR   ] sdr_monitor.web_backend (main.py:216): Detection flush error: Detection.__init__() missing 1 required positional argument: 'id'
2026-09-22 10:44:21 [ERROR   ] sdr_monitor.web_backend (main.py:216): Detection flush error: Detection.__init__() missing 1 required positional argument: 'id'
2026-09-22 10:44:21 [ERROR   ] sdr_monitor.web_backend (main.py:216): Detection flush error: Detection.__init__() missing 1 required positional argument: 'id'
2026-09-22 10:44:22 [ERROR   ] sdr_monitor.web_backend (main.py:216): Detection flush error: Detection.__init__() missing 1 required positional argument: 'id'
2026-09-22 10:44:22 [ERROR   ] sdr_monitor.web_backend (main.py:216): Detection flush error: Detection.__init__() missing 1 required positional argument: 'id'
2026-09-22 10:44:23 [ERROR   ] sdr_monitor.web_backend (main.py:216): Detection flush error: Detection.__init__() missing 1 required positional argument: 'id'
2026-09-22 10:44:23 [ERROR   ] sdr_monitor.web_backend (main.py:216): Detection flush error: Detection.__init__() missing 1 required positional argument: 'id'
2026-09-22 10:44:24 [ERROR   ] sdr_monitor.web_backend (main.py:216): Detection flush error: Detection.__init__() missing 1 required positional argument: 'id'
2026-09-22 10:44:24 [ERROR   ] sdr_monitor.web_backend (main.py:216): Detection flush error: Detection.__init__() missing 1 required positional argument: 'id'
2026-09-22 10:44:25 [ERROR   ] sdr_monitor.web_backend (main.py:216): Detection flush error: Detection.__init__() missing 1 required positional argument: 'id'
2026-09-22 10:44:25 [ERROR   ] sdr_monitor.web_backend (main.py:216): Detection flush error: Detection.__init__() missing 1 required positional argument: 'id'
2026-09-22 10:44:26 [ERROR   ] sdr_monitor.web_backend (main.py:216): Detection flush error: Detection.__init__() missing 1 required positional argument: 'id'
2026-09-22 10:44:26 [ERROR   ] sdr_monitor.web_backend (main.py:216): Detection flush error: Detection.__init__() missing 1 required positional argument: 'id'
2026-09-22 10:44:27 [ERROR   ] sdr_monitor.web_backend (main.py:216): Detection flush error: Detection.__init__() missing 1 required positional argument: 'id'
2026-09-22 10:44:27 [ERROR   ] sdr_monitor.web_backend (main.py:216): Detection flush error: Detection.__init__() missing 1 required positional argument: 'id'
2026-09-22 10:44:28 [ERROR   ] sdr_monitor.web_backend (main.py:216): Detection flush error: Detection.__init__() missing 1 required positional argument: 'id'
2026-09-22 10:44:28 [ERROR   ] sdr_monitor.web_backend (main.py:216): Detection flush error: Detection.__init__() missing 1 required positional argument: 'id'
2026-09-22 10:44:29 [ERROR   ] sdr_monitor.web_backend (main.py:216): Detection flush error: Detection.__init__() missing 1 required positional argument: 'id'
2026-09-22 10:44:29 [ERROR   ] sdr_monitor.web_backend (main.py:216): Detection flush error: Detection.__init__() missing 1 required positional argument: 'id'
2026-09-22 10:44:30 [ERROR   ] sdr_monitor.web_backend (main.py:216): Detection flush error: Detection.__init__() missing 1 required positional argument: 'id'
2026-09-22 10:44:31 [ERROR   ] sdr_monitor.web_backend (main.py:216): Detection flush error: Detection.__init__() missing 1 required positional argument: 'id'
2026-09-22 10:44:31 [ERROR   ] sdr_monitor.web_backend (main.py:216): Detection flush error: Detection.__init__() missing 1 required positional argument: 'id'
2026-09-22 10:44:32 [ERROR   ] sdr_monitor.web_backend (main.py:216): Detection flush error: Detection.__init__() missing 1 required positional argument: 'id'
2026-09-22 10:44:32 [ERROR   ] sdr_monitor.web_backend (main.py:216): Detection flush error: Detection.__init__() missing 1 required positional argument: 'id'
2026-09-22 10:44:33 [ERROR   ] sdr_monitor.web_backend (main.py:216): Detection flush error: Detection.__init__() missing 1 required positional argument: 'id'
2026-09-22 10:44:33 [ERROR   ] sdr_monitor.web_backend (main.py:216): Detection flush error: Detection.__init__() missing 1 required positional argument: 'id'
2026-09-22 10:44:34 [ERROR   ] sdr_monitor.web_backend (main.py:216): Detection flush error: Detection.__init__() missing 1 required positional argument: 'id'
2026-09-22 10:44:34 [ERROR   ] sdr_monitor.web_backend (main.py:216): Detection flush error: Detection.__init__() missing 1 required positional argument: 'id'
2026-09-22 10:44:35 [ERROR   ] sdr_monitor.web_backend (main.py:216): Detection flush error: Detection.__init__() missing 1 required positional argument: 'id'
2026-09-22 10:44:35 [ERROR   ] sdr_monitor.web_backend (main.py:216): Detection flush error: Detection.__init__() missing 1 required positional argument: 'id'
2026-09-22 10:44:36 [ERROR   ] sdr_monitor.web_backend (main.py:216): Detection flush error: Detection.__init__() missing 1 required positional argument: 'id'
2026-09-22 10:44:36 [ERROR   ] sdr_monitor.web_backend (main.py:216): Detection flush error: Detection.__init__() missing 1 required positional argument: 'id'
2026-09-22 10:44:37 [ERROR   ] sdr_monitor.web_backend (main.py:216): Detection flush error: Detection.__init__() missing 1 required positional argument: 'id'
2026-09-22 10:44:37 [ERROR   ] sdr_monitor.web_backend (main.py:216): Detection flush error: Detection.__init__() missing 1 required positional argument: 'id'
2026-09-22 10:44:38 [ERROR   ] sdr_monitor.web_backend (main.py:216): Detection flush error: Detection.__init__() missing 1 required positional argument: 'id'
2026-09-22 10:44:38 [ERROR   ] sdr_monitor.web_backend (main.py:216): Detection flush error: Detection.__init__() missing 1 required positional argument: 'id'
2026-09-22 10:44:39 [ERROR   ] sdr_monitor.web_backend (main.py:216): Detection flush error: Detection.__init__() missing 1 required positional argument: 'id'
2026-09-22 10:44:39 [ERROR   ] sdr_monitor.web_backend (main.py:216): Detection flush error: Detection.__init__() missing 1 required positional argument: 'id'
2026-09-22 10:44:40 [ERROR   ] sdr_monitor.web_backend (main.py:216): Detection flush error: Detection.__init__() missing 1 required positional argument: 'id'
2026-09-22 10:44:40 [ERROR   ] sdr_monitor.web_backend (main.py:216): Detection flush error: Detection.__init__() missing 1 required positional argument: 'id'
2026-09-22 10:44:41 [ERROR   ] sdr_monitor.web_backend (main.py:216): Detection flush error: Detection.__init__() missing 1 required positional argument: 'id'
2026-09-22 10:44:41 [ERROR   ] sdr_monitor.web_backend (main.py:216): Detection flush error: Detection.__init__() missing 1 required positional argument: 'id'
2026-09-22 10:44:42 [ERROR   ] sdr_monitor.web_backend (main.py:216): Detection flush error: Detection.__init__() missing 1 required positional argument: 'id'
2026-09-22 10:44:42 [ERROR   ] sdr_monitor.web_backend (main.py:216): Detection flush error: Detection.__init__() missing 1 required positional argument: 'id'
2026-09-22 10:44:43 [ERROR   ] sdr_monitor.web_backend (main.py:216): Detection flush error: Detection.__init__() missing 1 required positional argument: 'id'
2026-09-22 10:44:43 [ERROR   ] sdr_monitor.web_backend (main.py:216): Detection flush error: Detection.__init__() missing 1 required positional argument: 'id'
2026-09-22 10:44:44 [ERROR   ] sdr_monitor.web_backend (main.py:216): Detection flush error: Detection.__init__() missing 1 required positional argument: 'id'
2026-09-22 10:44:44 [ERROR   ] sdr_monitor.web_backend (main.py:216): Detection flush error: Detection.__init__() missing 1 required positional argument: 'id'
2026-09-22 10:44:45 [ERROR   ] sdr_monitor.web_backend (main.py:216): Detection flush error: Detection.__init__() missing 1 required positional argument: 'id'
2026-09-22 10:44:45 [ERROR   ] sdr_monitor.web_backend (main.py:216): Detection flush error: Detection.__init__() missing 1 required positional argument: 'id'
2026-09-22 10:44:46 [ERROR   ] sdr_monitor.web_backend (main.py:216): Detection flush error: Detection.__init__() missing 1 required positional argument: 'id'
2026-09-22 10:44:46 [ERROR   ] sdr_monitor.web_backend (main.py:216): Detection flush error: Detection.__init__() missing 1 required positional argument: 'id'
2026-09-22 10:44:47 [ERROR   ] sdr_monitor.web_backend (main.py:216): Detection flush error: Detection.__init__() missing 1 required positional argument: 'id'
2026-09-22 10:44:47 [ERROR   ] sdr_monitor.web_backend (main.py:216): Detection flush error: Detection.__init__() missing 1 required positional argument: 'id'
2026-09-22 10:44:48 [ERROR   ] sdr_monitor.web_backend (main.py:216): Detection flush error: Detection.__init__() missing 1 required positional argument: 'id'
2026-09-22 10:44:48 [ERROR   ] sdr_monitor.web_backend (main.py:216): Detection flush error: Detection.__init__() missing 1 required positional argument: 'id'
2026-09-22 10:44:49 [ERROR   ] sdr_monitor.web_backend (main.py:216): Detection flush error: Detection.__init__() missing 1 required positional argument: 'id'
2026-09-22 10:44:50 [ERROR   ] sdr_monitor.web_backend (main.py:216): Detection flush error: Detection.__init__() missing 1 required positional argument: 'id'
2026-09-22 10:44:50 [ERROR   ] sdr_monitor.web_backend (main.py:216): Detection flush error: Detection.__init__() missing 1 required positional argument: 'id'
2026-09-22 10:44:51 [ERROR   ] sdr_monitor.web_backend (main.py:216): Detection flush error: Detection.__init__() missing 1 required positional argument: 'id'
2026-09-22 10:44:51 [ERROR   ] sdr_monitor.web_backend (main.py:216): Detection flush error: Detection.__init__() missing 1 required positional argument: 'id'
2026-09-22 10:44:52 [ERROR   ] sdr_monitor.web_backend (main.py:216): Detection flush error: Detection.__init__() missing 1 required positional argument: 'id'
2026-09-22 10:44:52 [ERROR   ] sdr_monitor.web_backend (main.py:216): Detection flush error: Detection.__init__() missing 1 required positional argument: 'id'
2026-09-22 10:44:53 [ERROR   ] sdr_monitor.web_backend (main.py:216): Detection flush error: Detection.__init__() missing 1 required positional argument: 'id'
2026-09-22 10:44:53 [ERROR   ] sdr_monitor.web_backend (main.py:216): Detection flush error: Detection.__init__() missing 1 required positional argument: 'id'
2026-09-22 10:44:54 [ERROR   ] sdr_monitor.web_backend (main.py:216): Detection flush error: Detection.__init__() missing 1 required positional argument: 'id'
2026-09-22 10:44:54 [ERROR   ] sdr_monitor.web_backend (main.py:216): Detection flush error: Detection.__init__() missing 1 required positional argument: 'id'
2026-09-22 10:44:55 [ERROR   ] sdr_monitor.web_backend (main.py:216): Detection flush error: Detection.__init__() missing 1 required positional argument: 'id'
2026-09-22 10:44:55 [ERROR   ] sdr_monitor.web_backend (main.py:216): Detection flush error: Detection.__init__() missing 1 required positional argument: 'id'
2026-09-22 10:44:56 [ERROR   ] sdr_monitor.web_backend (main.py:216): Detection flush error: Detection.__init__() missing 1 required positional argument: 'id'
2026-09-22 10:44:56 [ERROR   ] sdr_monitor.web_backend (main.py:216): Detection flush error: Detection.__init__() missing 1 required positional argument: 'id'
2026-09-22 10:44:57 [ERROR   ] sdr_monitor.web_backend (main.py:216): Detection flush error: Detection.__init__() missing 1 required positional argument: 'id'
2026-09-22 10:44:57 [ERROR   ] sdr_monitor.web_backend (main.py:216): Detection flush error: Detection.__init__() missing 1 required positional argument: 'id'
2026-09-22 10:44:58 [ERROR   ] sdr_monitor.web_backend (main.py:216): Detection flush error: Detection.__init__() missing 1 required positional argument: 'id'
2026-09-22 10:44:58 [ERROR   ] sdr_monitor.web_backend (main.py:216): Detection flush error: Detection.__init__() missing 1 required positional argument: 'id'
2026-09-22 10:44:59 [ERROR   ] sdr_monitor.web_backend (main.py:216): Detection flush error: Detection.__init__() missing 1 required positional argument: 'id'
2026-09-22 10:44:59 [ERROR   ] sdr_monitor.web_backend (main.py:216): Detection flush error: Detection.__init__() missing 1 required positional argument: 'id'
2026-09-22 10:45:00 [ERROR   ] sdr_monitor.web_backend (main.py:216): Detection flush error: Detection.__init__() missing 1 required positional argument: 'id'
2026-09-22 10:45:00 [ERROR   ] sdr_monitor.web_backend (main.py:216): Detection flush error: Detection.__init__() missing 1 required positional argument: 'id'
2026-09-22 10:45:01 [ERROR   ] sdr_monitor.web_backend (main.py:216): Detection flush error: Detection.__init__() missing 1 required positional argument: 'id'
2026-09-22 10:45:01 [ERROR   ] sdr_monitor.web_backend (main.py:216): Detection flush error: Detection.__init__() missing 1 required positional argument: 'id'
2026-09-22 10:45:02 [ERROR   ] sdr_monitor.web_backend (main.py:216): Detection flush error: Detection.__init__() missing 1 required positional argument: 'id'
2026-09-22 10:45:02 [ERROR   ] sdr_monitor.web_backend (main.py:216): Detection flush error: Detection.__init__() missing 1 required positional argument: 'id'
2026-09-22 10:45:03 [ERROR   ] sdr_monitor.web_backend (main.py:216): Detection flush error: Detection.__init__() missing 1 required positional argument: 'id'
2026-09-22 10:45:03 [ERROR   ] sdr_monitor.web_backend (main.py:216): Detection flush error: Detection.__init__() missing 1 required positional argument: 'id'
2026-09-22 10:45:04 [ERROR   ] sdr_monitor.web_backend (main.py:216): Detection flush error: Detection.__init__() missing 1 required positional argument: 'id'
2026-09-22 10:45:04 [ERROR   ] sdr_monitor.web_backend (main.py:216): Detection flush error: Detection.__init__() missing 1 required positional argument: 'id'
2026-09-22 10:45:05 [ERROR   ] sdr_monitor.web_backend (main.py:216): Detection flush error: Detection.__init__() missing 1 required positional argument: 'id'
2026-09-22 10:45:05 [ERROR   ] sdr_monitor.web_backend (main.py:216): Detection flush error: Detection.__init__() missing 1 required positional argument: 'id'
2026-09-22 10:45:06 [ERROR   ] sdr_monitor.web_backend (main.py:216): Detection flush error: Detection.__init__() missing 1 required positional argument: 'id'
2026-09-22 10:45:06 [ERROR   ] sdr_monitor.web_backend (main.py:216): Detection flush error: Detection.__init__() missing 1 required positional argument: 'id'
2026-09-22 10:45:07 [ERROR   ] sdr_monitor.web_backend (main.py:216): Detection flush error: Detection.__init__() missing 1 required positional argument: 'id'
2026-09-22 10:45:08 [ERROR   ] sdr_monitor.web_backend (main.py:216): Detection flush error: Detection.__init__() missing 1 required positional argument: 'id'
2026-09-22 10:45:08 [ERROR   ] sdr_monitor.web_backend (main.py:216): Detection flush error: Detection.__init__() missing 1 required positional argument: 'id'
2026-09-22 10:45:09 [ERROR   ] sdr_monitor.web_backend (main.py:216): Detection flush error: Detection.__init__() missing 1 required positional argument: 'id'
2026-09-22 10:45:09 [ERROR   ] sdr_monitor.web_backend (main.py:216): Detection flush error: Detection.__init__() missing 1 required positional argument: 'id'
2026-09-22 10:45:10 [ERROR   ] sdr_monitor.web_backend (main.py:216): Detection flush error: Detection.__init__() missing 1 required positional argument: 'id'
2026-09-22 10:45:10 [ERROR   ] sdr_monitor.web_backend (main.py:216): Detection flush error: Detection.__init__() missing 1 required positional argument: 'id'
2026-09-22 10:45:11 [ERROR   ] sdr_monitor.web_backend (main.py:216): Detection flush error: Detection.__init__() missing 1 required positional argument: 'id'
2026-09-22 10:45:11 [ERROR   ] sdr_monitor.web_backend (main.py:216): Detection flush error: Detection.__init__() missing 1 required positional argument: 'id'
2026-09-22 10:45:12 [ERROR   ] sdr_monitor.web_backend (main.py:216): Detection flush error: Detection.__init__() missing 1 required positional argument: 'id'
2026-09-22 10:45:12 [ERROR   ] sdr_monitor.web_backend (main.py:216): Detection flush error: Detection.__init__() missing 1 required positional argument: 'id'
2026-09-22 10:45:13 [ERROR   ] sdr_monitor.web_backend (main.py:216): Detection flush error: Detection.__init__() missing 1 required positional argument: 'id'
2026-09-22 10:45:13 [ERROR   ] sdr_monitor.web_backend (main.py:216): Detection flush error: Detection.__init__() missing 1 required positional argument: 'id'
2026-09-22 10:45:14 [ERROR   ] sdr_monitor.web_backend (main.py:216): Detection flush error: Detection.__init__() missing 1 required positional argument: 'id'
2026-09-22 10:45:14 [ERROR   ] sdr_monitor.web_backend (main.py:216): Detection flush error: Detection.__init__() missing 1 required positional argument: 'id'
2026-09-22 10:45:15 [ERROR   ] sdr_monitor.web_backend (main.py:216): Detection flush error: Detection.__init__() missing 1 required positional argument: 'id'
2026-09-22 10:45:15 [ERROR   ] sdr_monitor.web_backend (main.py:216): Detection flush error: Detection.__init__() missing 1 required positional argument: 'id'
2026-09-22 10:45:16 [ERROR   ] sdr_monitor.web_backend (main.py:216): Detection flush error: Detection.__init__() missing 1 required positional argument: 'id'
2026-09-22 10:45:16 [ERROR   ] sdr_monitor.web_backend (main.py:216): Detection flush error: Detection.__init__() missing 1 required positional argument: 'id'
2026-09-22 10:45:17 [ERROR   ] sdr_monitor.web_backend (main.py:216): Detection flush error: Detection.__init__() missing 1 required positional argument: 'id'
2026-09-22 10:45:17 [ERROR   ] sdr_monitor.web_backend (main.py:216): Detection flush error: Detection.__init__() missing 1 required positional argument: 'id'
2026-09-22 10:45:18 [ERROR   ] sdr_monitor.web_backend (main.py:216): Detection flush error: Detection.__init__() missing 1 required positional argument: 'id'
2026-09-22 10:45:18 [ERROR   ] sdr_monitor.web_backend (main.py:216): Detection flush error: Detection.__init__() missing 1 required positional argument: 'id'
2026-09-22 10:45:19 [ERROR   ] sdr_monitor.web_backend (main.py:216): Detection flush error: Detection.__init__() missing 1 required positional argument: 'id'
2026-09-22 10:45:19 [ERROR   ] sdr_monitor.web_backend (main.py:216): Detection flush error: Detection.__init__() missing 1 required positional argument: 'id'
2026-09-22 10:45:20 [ERROR   ] sdr_monitor.web_backend (main.py:216): Detection flush error: Detection.__init__() missing 1 required positional argument: 'id'
2026-09-22 10:45:21 [ERROR   ] sdr_monitor.web_backend (main.py:216): Detection flush error: Detection.__init__() missing 1 required positional argument: 'id'
2026-09-22 10:45:21 [ERROR   ] sdr_monitor.web_backend (main.py:216): Detection flush error: Detection.__init__() missing 1 required positional argument: 'id'
2026-09-22 10:45:22 [ERROR   ] sdr_monitor.web_backend (main.py:216): Detection flush error: Detection.__init__() missing 1 required positional argument: 'id'
2026-09-22 10:45:22 [ERROR   ] sdr_monitor.web_backend (main.py:216): Detection flush error: Detection.__init__() missing 1 required positional argument: 'id'
2026-09-22 10:45:23 [ERROR   ] sdr_monitor.web_backend (main.py:216): Detection flush error: Detection.__init__() missing 1 required positional argument: 'id'
2026-09-22 10:45:23 [ERROR   ] sdr_monitor.web_backend (main.py:216): Detection flush error: Detection.__init__() missing 1 required positional argument: 'id'
2026-09-22 10:45:24 [ERROR   ] sdr_monitor.web_backend (main.py:216): Detection flush error: Detection.__init__() missing 1 required positional argument: 'id'
2026-09-22 10:45:24 [ERROR   ] sdr_monitor.web_backend (main.py:216): Detection flush error: Detection.__init__() missing 1 required positional argument: 'id'
2026-09-22 10:45:25 [ERROR   ] sdr_monitor.web_backend (main.py:216): Detection flush error: Detection.__init__() missing 1 required positional argument: 'id'
2026-09-22 10:45:25 [ERROR   ] sdr_monitor.web_backend (main.py:216): Detection flush error: Detection.__init__() missing 1 required positional argument: 'id'
2026-09-22 10:45:26 [ERROR   ] sdr_monitor.web_backend (main.py:216): Detection flush error: Detection.__init__() missing 1 required positional argument: 'id'
2026-09-22 10:45:26 [ERROR   ] sdr_monitor.web_backend (main.py:216): Detection flush error: Detection.__init__() missing 1 required positional argument: 'id'
2026-09-22 10:45:27 [ERROR   ] sdr_monitor.web_backend (main.py:216): Detection flush error: Detection.__init__() missing 1 required positional argument: 'id'
2026-09-22 10:45:27 [ERROR   ] sdr_monitor.web_backend (main.py:216): Detection flush error: Detection.__init__() missing 1 required positional argument: 'id'
2026-09-22 10:45:28 [ERROR   ] sdr_monitor.web_backend (main.py:216): Detection flush error: Detection.__init__() missing 1 required positional argument: 'id'
2026-09-22 10:45:28 [ERROR   ] sdr_monitor.web_backend (main.py:216): Detection flush error: Detection.__init__() missing 1 required positional argument: 'id'
2026-09-22 10:45:29 [ERROR   ] sdr_monitor.web_backend (main.py:216): Detection flush error: Detection.__init__() missing 1 required positional argument: 'id'
2026-09-22 10:45:29 [ERROR   ] sdr_monitor.web_backend (main.py:216): Detection flush error: Detection.__init__() missing 1 required positional argument: 'id'
2026-09-22 10:45:30 [ERROR   ] sdr_monitor.web_backend (main.py:216): Detection flush error: Detection.__init__() missing 1 required positional argument: 'id'
2026-09-22 10:45:30 [ERROR   ] sdr_monitor.web_backend (main.py:216): Detection flush error: Detection.__init__() missing 1 required positional argument: 'id'
2026-09-22 10:45:31 [ERROR   ] sdr_monitor.web_backend (main.py:216): Detection flush error: Detection.__init__() missing 1 required positional argument: 'id'
2026-09-22 10:45:31 [ERROR   ] sdr_monitor.web_backend (main.py:216): Detection flush error: Detection.__init__() missing 1 required positional argument: 'id'
2026-09-22 10:45:32 [ERROR   ] sdr_monitor.web_backend (main.py:216): Detection flush error: Detection.__init__() missing 1 required positional argument: 'id'
2026-09-22 10:45:32 [ERROR   ] sdr_monitor.web_backend (main.py:216): Detection flush error: Detection.__init__() missing 1 required positional argument: 'id'
2026-09-22 10:45:33 [ERROR   ] sdr_monitor.web_backend (main.py:216): Detection flush error: Detection.__init__() missing 1 required positional argument: 'id'
2026-09-22 10:45:33 [ERROR   ] sdr_monitor.web_backend (main.py:216): Detection flush error: Detection.__init__() missing 1 required positional argument: 'id'
2026-09-22 10:45:34 [ERROR   ] sdr_monitor.web_backend (main.py:216): Detection flush error: Detection.__init__() missing 1 required positional argument: 'id'
2026-09-22 10:45:34 [ERROR   ] sdr_monitor.web_backend (main.py:216): Detection flush error: Detection.__init__() missing 1 required positional argument: 'id'
2026-09-22 10:45:35 [ERROR   ] sdr_monitor.web_backend (main.py:216): Detection flush error: Detection.__init__() missing 1 required positional argument: 'id'
2026-09-22 10:45:35 [ERROR   ] sdr_monitor.web_backend (main.py:216): Detection flush error: Detection.__init__() missing 1 required positional argument: 'id'
2026-09-22 10:45:36 [ERROR   ] sdr_monitor.web_backend (main.py:216): Detection flush error: Detection.__init__() missing 1 required positional argument: 'id'
2026-09-22 10:45:36 [ERROR   ] sdr_monitor.web_backend (main.py:216): Detection flush error: Detection.__init__() missing 1 required positional argument: 'id'
2026-09-22 10:45:37 [ERROR   ] sdr_monitor.web_backend (main.py:216): Detection flush error: Detection.__init__() missing 1 required positional argument: 'id'
2026-09-22 10:45:37 [ERROR   ] sdr_monitor.web_backend (main.py:216): Detection flush error: Detection.__init__() missing 1 required positional argument: 'id'
2026-09-22 10:45:38 [ERROR   ] sdr_monitor.web_backend (main.py:216): Detection flush error: Detection.__init__() missing 1 required positional argument: 'id'
2026-09-22 10:45:38 [ERROR   ] sdr_monitor.web_backend (main.py:216): Detection flush error: Detection.__init__() missing 1 required positional argument: 'id'
2026-09-22 10:45:39 [ERROR   ] sdr_monitor.web_backend (main.py:216): Detection flush error: Detection.__init__() missing 1 required positional argument: 'id'
2026-09-22 10:45:39 [ERROR   ] sdr_monitor.web_backend (main.py:216): Detection flush error: Detection.__init__() missing 1 required positional argument: 'id'
2026-09-22 10:45:40 [ERROR   ] sdr_monitor.web_backend (main.py:216): Detection flush error: Detection.__init__() missing 1 required positional argument: 'id'
2026-09-22 10:45:41 [ERROR   ] sdr_monitor.web_backend (main.py:216): Detection flush error: Detection.__init__() missing 1 required positional argument: 'id'
2026-09-22 10:45:41 [ERROR   ] sdr_monitor.web_backend (main.py:216): Detection flush error: Detection.__init__() missing 1 required positional argument: 'id'
2026-09-22 10:45:42 [ERROR   ] sdr_monitor.web_backend (main.py:216): Detection flush error: Detection.__init__() missing 1 required positional argument: 'id'
2026-09-22 10:45:42 [ERROR   ] sdr_monitor.web_backend (main.py:216): Detection flush error: Detection.__init__() missing 1 required positional argument: 'id'
2026-09-22 10:45:43 [ERROR   ] sdr_monitor.web_backend (main.py:216): Detection flush error: Detection.__init__() missing 1 required positional argument: 'id'
2026-09-22 10:45:43 [ERROR   ] sdr_monitor.web_backend (main.py:216): Detection flush error: Detection.__init__() missing 1 required positional argument: 'id'
2026-09-22 10:45:44 [ERROR   ] sdr_monitor.web_backend (main.py:216): Detection flush error: Detection.__init__() missing 1 required positional argument: 'id'
2026-09-22 10:45:44 [ERROR   ] sdr_monitor.web_backend (main.py:216): Detection flush error: Detection.__init__() missing 1 required positional argument: 'id'
2026-09-22 10:45:45 [ERROR   ] sdr_monitor.web_backend (main.py:216): Detection flush error: Detection.__init__() missing 1 required positional argument: 'id'
2026-09-22 10:45:45 [ERROR   ] sdr_monitor.web_backend (main.py:216): Detection flush error: Detection.__init__() missing 1 required positional argument: 'id'
2026-09-22 10:45:46 [ERROR   ] sdr_monitor.web_backend (main.py:216): Detection flush error: Detection.__init__() missing 1 required positional argument: 'id'
2026-09-22 10:45:46 [ERROR   ] sdr_monitor.web_backend (main.py:216): Detection flush error: Detection.__init__() missing 1 required positional argument: 'id'
2026-09-22 10:45:47 [ERROR   ] sdr_monitor.web_backend (main.py:216): Detection flush error: Detection.__init__() missing 1 required positional argument: 'id'
2026-09-22 10:45:47 [ERROR   ] sdr_monitor.web_backend (main.py:216): Detection flush error: Detection.__init__() missing 1 required positional argument: 'id'
2026-09-22 10:45:48 [ERROR   ] sdr_monitor.web_backend (main.py:216): Detection flush error: Detection.__init__() missing 1 required positional argument: 'id'
2026-09-22 10:45:48 [ERROR   ] sdr_monitor.web_backend (main.py:216): Detection flush error: Detection.__init__() missing 1 required positional argument: 'id'
2026-09-22 10:45:49 [ERROR   ] sdr_monitor.web_backend (main.py:216): Detection flush error: Detection.__init__() missing 1 required positional argument: 'id'
2026-09-22 10:45:49 [ERROR   ] sdr_monitor.web_backend (main.py:216): Detection flush error: Detection.__init__() missing 1 required positional argument: 'id'
2026-09-22 10:45:50 [ERROR   ] sdr_monitor.web_backend (main.py:216): Detection flush error: Detection.__init__() missing 1 required positional argument: 'id'
2026-09-22 10:45:50 [ERROR   ] sdr_monitor.web_backend (main.py:216): Detection flush error: Detection.__init__() missing 1 required positional argument: 'id'
2026-09-22 10:45:51 [ERROR   ] sdr_monitor.web_backend (main.py:216): Detection flush error: Detection.__init__() missing 1 required positional argument: 'id'
2026-09-22 10:45:51 [ERROR   ] sdr_monitor.web_backend (main.py:216): Detection flush error: Detection.__init__() missing 1 required positional argument: 'id'
2026-09-22 10:45:52 [ERROR   ] sdr_monitor.web_backend (main.py:216): Detection flush error: Detection.__init__() missing 1 required positional argument: 'id'
2026-09-22 10:45:52 [ERROR   ] sdr_monitor.web_backend (main.py:216): Detection flush error: Detection.__init__() missing 1 required positional argument: 'id'
2026-09-22 10:45:53 [ERROR   ] sdr_monitor.web_backend (main.py:216): Detection flush error: Detection.__init__() missing 1 required positional argument: 'id'
2026-09-22 10:45:53 [ERROR   ] sdr_monitor.web_backend (main.py:216): Detection flush error: Detection.__init__() missing 1 required positional argument: 'id'
2026-09-22 10:45:54 [ERROR   ] sdr_monitor.web_backend (main.py:216): Detection flush error: Detection.__init__() missing 1 required positional argument: 'id'
2026-09-22 10:45:54 [ERROR   ] sdr_monitor.web_backend (main.py:216): Detection flush error: Detection.__init__() missing 1 required positional argument: 'id'
2026-09-22 10:45:55 [ERROR   ] sdr_monitor.web_backend (main.py:216): Detection flush error: Detection.__init__() missing 1 required positional argument: 'id'
2026-09-22 10:45:55 [ERROR   ] sdr_monitor.web_backend (main.py:216): Detection flush error: Detection.__init__() missing 1 required positional argument: 'id'
2026-09-22 10:45:56 [ERROR   ] sdr_monitor.web_backend (main.py:216): Detection flush error: Detection.__init__() missing 1 required positional argument: 'id'
2026-09-22 10:45:56 [ERROR   ] sdr_monitor.web_backend (main.py:216): Detection flush error: Detection.__init__() missing 1 required positional argument: 'id'
2026-09-22 10:45:57 [ERROR   ] sdr_monitor.web_backend (main.py:216): Detection flush error: Detection.__init__() missing 1 required positional argument: 'id'
2026-09-22 10:45:57 [ERROR   ] sdr_monitor.web_backend (main.py:216): Detection flush error: Detection.__init__() missing 1 required positional argument: 'id'
2026-09-22 10:45:58 [ERROR   ] sdr_monitor.web_backend (main.py:216): Detection flush error: Detection.__init__() missing 1 required positional argument: 'id'
2026-09-22 10:45:58 [ERROR   ] sdr_monitor.web_backend (main.py:216): Detection flush error: Detection.__init__() missing 1 required positional argument: 'id'
2026-09-22 10:45:59 [ERROR   ] sdr_monitor.web_backend (main.py:216): Detection flush error: Detection.__init__() missing 1 required positional argument: 'id'
2026-09-22 10:46:00 [ERROR   ] sdr_monitor.web_backend (main.py:216): Detection flush error: Detection.__init__() missing 1 required positional argument: 'id'
2026-09-22 10:46:00 [ERROR   ] sdr_monitor.web_backend (main.py:216): Detection flush error: Detection.__init__() missing 1 required positional argument: 'id'
2026-09-22 10:46:01 [ERROR   ] sdr_monitor.web_backend (main.py:216): Detection flush error: Detection.__init__() missing 1 required positional argument: 'id'
2026-09-22 10:46:01 [ERROR   ] sdr_monitor.web_backend (main.py:216): Detection flush error: Detection.__init__() missing 1 required positional argument: 'id'
2026-09-22 10:46:02 [ERROR   ] sdr_monitor.web_backend (main.py:216): Detection flush error: Detection.__init__() missing 1 required positional argument: 'id'
2026-09-22 10:46:02 [ERROR   ] sdr_monitor.web_backend (main.py:216): Detection flush error: Detection.__init__() missing 1 required positional argument: 'id'
2026-09-22 10:46:03 [ERROR   ] sdr_monitor.web_backend (main.py:216): Detection flush error: Detection.__init__() missing 1 required positional argument: 'id'
2026-09-22 10:46:03 [ERROR   ] sdr_monitor.web_backend (main.py:216): Detection flush error: Detection.__init__() missing 1 required positional argument: 'id'
2026-09-22 10:46:04 [ERROR   ] sdr_monitor.web_backend (main.py:216): Detection flush error: Detection.__init__() missing 1 required positional argument: 'id'
2026-09-22 10:46:04 [ERROR   ] sdr_monitor.web_backend (main.py:216): Detection flush error: Detection.__init__() missing 1 required positional argument: 'id'
2026-09-22 10:46:05 [ERROR   ] sdr_monitor.web_backend (main.py:216): Detection flush error: Detection.__init__() missing 1 required positional argument: 'id'
2026-09-22 10:46:05 [ERROR   ] sdr_monitor.web_backend (main.py:216): Detection flush error: Detection.__init__() missing 1 required positional argument: 'id'
2026-09-22 10:46:06 [ERROR   ] sdr_monitor.web_backend (main.py:216): Detection flush error: Detection.__init__() missing 1 required positional argument: 'id'
2026-09-22 10:46:06 [ERROR   ] sdr_monitor.web_backend (main.py:216): Detection flush error: Detection.__init__() missing 1 required positional argument: 'id'
2026-09-22 10:46:07 [ERROR   ] sdr_monitor.web_backend (main.py:216): Detection flush error: Detection.__init__() missing 1 required positional argument: 'id'
2026-09-22 10:46:07 [ERROR   ] sdr_monitor.web_backend (main.py:216): Detection flush error: Detection.__init__() missing 1 required positional argument: 'id'
2026-09-22 10:46:08 [ERROR   ] sdr_monitor.web_backend (main.py:216): Detection flush error: Detection.__init__() missing 1 required positional argument: 'id'
2026-09-22 10:46:08 [ERROR   ] sdr_monitor.web_backend (main.py:216): Detection flush error: Detection.__init__() missing 1 required positional argument: 'id'
2026-09-22 10:46:09 [ERROR   ] sdr_monitor.web_backend (main.py:216): Detection flush error: Detection.__init__() missing 1 required positional argument: 'id'
2026-09-22 10:46:09 [ERROR   ] sdr_monitor.web_backend (main.py:216): Detection flush error: Detection.__init__() missing 1 required positional argument: 'id'
2026-09-22 10:46:10 [ERROR   ] sdr_monitor.web_backend (main.py:216): Detection flush error: Detection.__init__() missing 1 required positional argument: 'id'
2026-09-22 10:46:10 [ERROR   ] sdr_monitor.web_backend (main.py:216): Detection flush error: Detection.__init__() missing 1 required positional argument: 'id'
2026-09-22 10:46:11 [ERROR   ] sdr_monitor.web_backend (main.py:216): Detection flush error: Detection.__init__() missing 1 required positional argument: 'id'
2026-09-22 10:46:11 [ERROR   ] sdr_monitor.web_backend (main.py:216): Detection flush error: Detection.__init__() missing 1 required positional argument: 'id'
2026-09-22 10:46:12 [ERROR   ] sdr_monitor.web_backend (main.py:216): Detection flush error: Detection.__init__() missing 1 required positional argument: 'id'
2026-09-22 10:46:12 [ERROR   ] sdr_monitor.web_backend (main.py:216): Detection flush error: Detection.__init__() missing 1 required positional argument: 'id'
2026-09-22 10:46:13 [ERROR   ] sdr_monitor.web_backend (main.py:216): Detection flush error: Detection.__init__() missing 1 required positional argument: 'id'
2026-09-22 10:46:13 [ERROR   ] sdr_monitor.web_backend (main.py:216): Detection flush error: Detection.__init__() missing 1 required positional argument: 'id'
2026-09-22 10:46:14 [ERROR   ] sdr_monitor.web_backend (main.py:216): Detection flush error: Detection.__init__() missing 1 required positional argument: 'id'
2026-09-22 10:46:14 [ERROR   ] sdr_monitor.web_backend (main.py:216): Detection flush error: Detection.__init__() missing 1 required positional argument: 'id'
2026-09-22 10:46:15 [ERROR   ] sdr_monitor.web_backend (main.py:216): Detection flush error: Detection.__init__() missing 1 required positional argument: 'id'
2026-09-22 10:46:15 [ERROR   ] sdr_monitor.web_backend (main.py:216): Detection flush error: Detection.__init__() missing 1 required positional argument: 'id'
2026-09-22 10:46:16 [ERROR   ] sdr_monitor.web_backend (main.py:216): Detection flush error: Detection.__init__() missing 1 required positional argument: 'id'
2026-09-22 10:46:16 [ERROR   ] sdr_monitor.web_backend (main.py:216): Detection flush error: Detection.__init__() missing 1 required positional argument: 'id'
2026-09-22 10:46:17 [ERROR   ] sdr_monitor.web_backend (main.py:216): Detection flush error: Detection.__init__() missing 1 required positional argument: 'id'
2026-09-22 10:46:17 [ERROR   ] sdr_monitor.web_backend (main.py:216): Detection flush error: Detection.__init__() missing 1 required positional argument: 'id'
2026-09-22 10:46:18 [ERROR   ] sdr_monitor.web_backend (main.py:216): Detection flush error: Detection.__init__() missing 1 required positional argument: 'id'
2026-09-22 10:46:19 [ERROR   ] sdr_monitor.web_backend (main.py:216): Detection flush error: Detection.__init__() missing 1 required positional argument: 'id'
2026-09-22 10:46:19 [ERROR   ] sdr_monitor.web_backend (main.py:216): Detection flush error: Detection.__init__() missing 1 required positional argument: 'id'
2026-09-22 10:46:20 [ERROR   ] sdr_monitor.web_backend (main.py:216): Detection flush error: Detection.__init__() missing 1 required positional argument: 'id'
2026-09-22 10:46:20 [ERROR   ] sdr_monitor.web_backend (main.py:216): Detection flush error: Detection.__init__() missing 1 required positional argument: 'id'
2026-09-22 10:46:21 [ERROR   ] sdr_monitor.web_backend (main.py:216): Detection flush error: Detection.__init__() missing 1 required positional argument: 'id'
2026-09-22 10:46:21 [ERROR   ] sdr_monitor.web_backend (main.py:216): Detection flush error: Detection.__init__() missing 1 required positional argument: 'id'
2026-09-22 10:46:22 [ERROR   ] sdr_monitor.web_backend (main.py:216): Detection flush error: Detection.__init__() missing 1 required positional argument: 'id'
2026-09-22 10:46:22 [ERROR   ] sdr_monitor.web_backend (main.py:216): Detection flush error: Detection.__init__() missing 1 required positional argument: 'id'
2026-09-22 10:46:23 [ERROR   ] sdr_monitor.web_backend (main.py:216): Detection flush error: Detection.__init__() missing 1 required positional argument: 'id'
2026-09-22 10:46:23 [ERROR   ] sdr_monitor.web_backend (main.py:216): Detection flush error: Detection.__init__() missing 1 required positional argument: 'id'
2026-09-22 10:46:24 [ERROR   ] sdr_monitor.web_backend (main.py:216): Detection flush error: Detection.__init__() missing 1 required positional argument: 'id'
2026-09-22 10:46:24 [ERROR   ] sdr_monitor.web_backend (main.py:216): Detection flush error: Detection.__init__() missing 1 required positional argument: 'id'
2026-09-22 10:46:25 [ERROR   ] sdr_monitor.web_backend (main.py:216): Detection flush error: Detection.__init__() missing 1 required positional argument: 'id'
2026-09-22 10:46:25 [ERROR   ] sdr_monitor.web_backend (main.py:216): Detection flush error: Detection.__init__() missing 1 required positional argument: 'id'
2026-09-22 10:46:26 [ERROR   ] sdr_monitor.web_backend (main.py:216): Detection flush error: Detection.__init__() missing 1 required positional argument: 'id'
2026-09-22 10:46:26 [ERROR   ] sdr_monitor.web_backend (main.py:216): Detection flush error: Detection.__init__() missing 1 required positional argument: 'id'
2026-09-22 10:46:27 [ERROR   ] sdr_monitor.web_backend (main.py:216): Detection flush error: Detection.__init__() missing 1 required positional argument: 'id'
2026-09-22 10:46:27 [ERROR   ] sdr_monitor.web_backend (main.py:216): Detection flush error: Detection.__init__() missing 1 required positional argument: 'id'
2026-09-22 10:46:28 [ERROR   ] sdr_monitor.web_backend (main.py:216): Detection flush error: Detection.__init__() missing 1 required positional argument: 'id'
2026-09-22 10:46:28 [ERROR   ] sdr_monitor.web_backend (main.py:216): Detection flush error: Detection.__init__() missing 1 required positional argument: 'id'
2026-09-22 10:46:29 [ERROR   ] sdr_monitor.web_backend (main.py:216): Detection flush error: Detection.__init__() missing 1 required positional argument: 'id'
2026-09-22 10:46:29 [ERROR   ] sdr_monitor.web_backend (main.py:216): Detection flush error: Detection.__init__() missing 1 required positional argument: 'id'
2026-09-22 10:46:30 [ERROR   ] sdr_monitor.web_backend (main.py:216): Detection flush error: Detection.__init__() missing 1 required positional argument: 'id'
2026-09-22 10:46:30 [ERROR   ] sdr_monitor.web_backend (main.py:216): Detection flush error: Detection.__init__() missing 1 required positional argument: 'id'
2026-09-22 10:46:31 [ERROR   ] sdr_monitor.web_backend (main.py:216): Detection flush error: Detection.__init__() missing 1 required positional argument: 'id'
2026-09-22 10:46:31 [ERROR   ] sdr_monitor.web_backend (main.py:216): Detection flush error: Detection.__init__() missing 1 required positional argument: 'id'
2026-09-22 10:46:32 [ERROR   ] sdr_monitor.web_backend (main.py:216): Detection flush error: Detection.__init__() missing 1 required positional argument: 'id'
2026-09-22 10:46:32 [ERROR   ] sdr_monitor.web_backend (main.py:216): Detection flush error: Detection.__init__() missing 1 required positional argument: 'id'
2026-09-22 10:46:33 [ERROR   ] sdr_monitor.web_backend (main.py:216): Detection flush error: Detection.__init__() missing 1 required positional argument: 'id'
2026-09-22 10:46:33 [ERROR   ] sdr_monitor.web_backend (main.py:216): Detection flush error: Detection.__init__() missing 1 required positional argument: 'id'
2026-09-22 10:46:34 [ERROR   ] sdr_monitor.web_backend (main.py:216): Detection flush error: Detection.__init__() missing 1 required positional argument: 'id'
2026-09-22 10:46:34 [ERROR   ] sdr_monitor.web_backend (main.py:216): Detection flush error: Detection.__init__() missing 1 required positional argument: 'id'
2026-09-22 10:46:35 [ERROR   ] sdr_monitor.web_backend (main.py:216): Detection flush error: Detection.__init__() missing 1 required positional argument: 'id'
2026-09-22 10:46:35 [ERROR   ] sdr_monitor.web_backend (main.py:216): Detection flush error: Detection.__init__() missing 1 required positional argument: 'id'
2026-09-22 10:46:36 [ERROR   ] sdr_monitor.web_backend (main.py:216): Detection flush error: Detection.__init__() missing 1 required positional argument: 'id'
2026-09-22 10:46:37 [ERROR   ] sdr_monitor.web_backend (main.py:216): Detection flush error: Detection.__init__() missing 1 required positional argument: 'id'
2026-09-22 10:46:37 [ERROR   ] sdr_monitor.web_backend (main.py:216): Detection flush error: Detection.__init__() missing 1 required positional argument: 'id'
2026-09-22 10:46:38 [ERROR   ] sdr_monitor.web_backend (main.py:216): Detection flush error: Detection.__init__() missing 1 required positional argument: 'id'
2026-09-22 10:46:38 [ERROR   ] sdr_monitor.web_backend (main.py:216): Detection flush error: Detection.__init__() missing 1 required positional argument: 'id'
2026-09-22 10:46:39 [ERROR   ] sdr_monitor.web_backend (main.py:216): Detection flush error: Detection.__init__() missing 1 required positional argument: 'id'
2026-09-22 10:46:39 [ERROR   ] sdr_monitor.web_backend (main.py:216): Detection flush error: Detection.__init__() missing 1 required positional argument: 'id'
2026-09-22 10:46:40 [ERROR   ] sdr_monitor.web_backend (main.py:216): Detection flush error: Detection.__init__() missing 1 required positional argument: 'id'
2026-09-22 10:46:40 [ERROR   ] sdr_monitor.web_backend (main.py:216): Detection flush error: Detection.__init__() missing 1 required positional argument: 'id'
2026-09-22 10:46:41 [ERROR   ] sdr_monitor.web_backend (main.py:216): Detection flush error: Detection.__init__() missing 1 required positional argument: 'id'
2026-09-22 10:46:41 [ERROR   ] sdr_monitor.web_backend (main.py:216): Detection flush error: Detection.__init__() missing 1 required positional argument: 'id'
2026-09-22 10:46:42 [ERROR   ] sdr_monitor.web_backend (main.py:216): Detection flush error: Detection.__init__() missing 1 required positional argument: 'id'
2026-09-22 10:46:42 [ERROR   ] sdr_monitor.web_backend (main.py:216): Detection flush error: Detection.__init__() missing 1 required positional argument: 'id'
2026-09-22 10:46:43 [ERROR   ] sdr_monitor.web_backend (main.py:216): Detection flush error: Detection.__init__() missing 1 required positional argument: 'id'
2026-09-22 10:46:43 [ERROR   ] sdr_monitor.web_backend (main.py:216): Detection flush error: Detection.__init__() missing 1 required positional argument: 'id'
2026-09-22 10:46:44 [ERROR   ] sdr_monitor.web_backend (main.py:216): Detection flush error: Detection.__init__() missing 1 required positional argument: 'id'
2026-09-22 10:46:44 [ERROR   ] sdr_monitor.web_backend (main.py:216): Detection flush error: Detection.__init__() missing 1 required positional argument: 'id'
2026-09-22 10:46:45 [ERROR   ] sdr_monitor.web_backend (main.py:216): Detection flush error: Detection.__init__() missing 1 required positional argument: 'id'
2026-09-22 10:46:45 [ERROR   ] sdr_monitor.web_backend (main.py:216): Detection flush error: Detection.__init__() missing 1 required positional argument: 'id'
2026-09-22 10:46:46 [ERROR   ] sdr_monitor.web_backend (main.py:216): Detection flush error: Detection.__init__() missing 1 required positional argument: 'id'
2026-09-22 10:46:46 [ERROR   ] sdr_monitor.web_backend (main.py:216): Detection flush error: Detection.__init__() missing 1 required positional argument: 'id'
2026-09-22 10:46:47 [ERROR   ] sdr_monitor.web_backend (main.py:216): Detection flush error: Detection.__init__() missing 1 required positional argument: 'id'
2026-09-22 10:46:47 [ERROR   ] sdr_monitor.web_backend (main.py:216): Detection flush error: Detection.__init__() missing 1 required positional argument: 'id'
2026-09-22 10:46:48 [ERROR   ] sdr_monitor.web_backend (main.py:216): Detection flush error: Detection.__init__() missing 1 required positional argument: 'id'
2026-09-22 10:46:48 [ERROR   ] sdr_monitor.web_backend (main.py:216): Detection flush error: Detection.__init__() missing 1 required positional argument: 'id'
2026-09-22 10:46:49 [ERROR   ] sdr_monitor.web_backend (main.py:216): Detection flush error: Detection.__init__() missing 1 required positional argument: 'id'
2026-09-22 10:46:49 [ERROR   ] sdr_monitor.web_backend (main.py:216): Detection flush error: Detection.__init__() missing 1 required positional argument: 'id'
2026-09-22 10:46:50 [ERROR   ] sdr_monitor.web_backend (main.py:216): Detection flush error: Detection.__init__() missing 1 required positional argument: 'id'
2026-09-22 10:46:50 [ERROR   ] sdr_monitor.web_backend (main.py:216): Detection flush error: Detection.__init__() missing 1 required positional argument: 'id'
2026-09-22 10:46:51 [ERROR   ] sdr_monitor.web_backend (main.py:216): Detection flush error: Detection.__init__() missing 1 required positional argument: 'id'
2026-09-22 10:46:51 [ERROR   ] sdr_monitor.web_backend (main.py:216): Detection flush error: Detection.__init__() missing 1 required positional argument: 'id'
2026-09-22 10:46:52 [ERROR   ] sdr_monitor.web_backend (main.py:216): Detection flush error: Detection.__init__() missing 1 required positional argument: 'id'
2026-09-22 10:46:52 [ERROR   ] sdr_monitor.web_backend (main.py:216): Detection flush error: Detection.__init__() missing 1 required positional argument: 'id'
2026-09-22 10:46:53 [ERROR   ] sdr_monitor.web_backend (main.py:216): Detection flush error: Detection.__init__() missing 1 required positional argument: 'id'
2026-09-22 10:46:53 [ERROR   ] sdr_monitor.web_backend (main.py:216): Detection flush error: Detection.__init__() missing 1 required positional argument: 'id'
2026-09-22 10:46:54 [ERROR   ] sdr_monitor.web_backend (main.py:216): Detection flush error: Detection.__init__() missing 1 required positional argument: 'id'
2026-09-22 10:46:54 [ERROR   ] sdr_monitor.web_backend (main.py:216): Detection flush error: Detection.__init__() missing 1 required positional argument: 'id'
2026-09-22 10:46:55 [ERROR   ] sdr_monitor.web_backend (main.py:216): Detection flush error: Detection.__init__() missing 1 required positional argument: 'id'
2026-09-22 10:46:56 [ERROR   ] sdr_monitor.web_backend (main.py:216): Detection flush error: Detection.__init__() missing 1 required positional argument: 'id'
2026-09-22 10:46:56 [ERROR   ] sdr_monitor.web_backend (main.py:216): Detection flush error: Detection.__init__() missing 1 required positional argument: 'id'
2026-09-22 10:46:57 [ERROR   ] sdr_monitor.web_backend (main.py:216): Detection flush error: Detection.__init__() missing 1 required positional argument: 'id'
2026-09-22 10:46:57 [ERROR   ] sdr_monitor.web_backend (main.py:216): Detection flush error: Detection.__init__() missing 1 required positional argument: 'id'
2026-09-22 10:46:58 [ERROR   ] sdr_monitor.web_backend (main.py:216): Detection flush error: Detection.__init__() missing 1 required positional argument: 'id'
2026-09-22 10:46:58 [ERROR   ] sdr_monitor.web_backend (main.py:216): Detection flush error: Detection.__init__() missing 1 required positional argument: 'id'
2026-09-22 10:46:59 [ERROR   ] sdr_monitor.web_backend (main.py:216): Detection flush error: Detection.__init__() missing 1 required positional argument: 'id'
2026-09-22 10:46:59 [ERROR   ] sdr_monitor.web_backend (main.py:216): Detection flush error: Detection.__init__() missing 1 required positional argument: 'id'
2026-09-22 10:47:00 [ERROR   ] sdr_monitor.web_backend (main.py:216): Detection flush error: Detection.__init__() missing 1 required positional argument: 'id'
2026-09-22 10:47:00 [ERROR   ] sdr_monitor.web_backend (main.py:216): Detection flush error: Detection.__init__() missing 1 required positional argument: 'id'
2026-09-22 10:47:01 [ERROR   ] sdr_monitor.web_backend (main.py:216): Detection flush error: Detection.__init__() missing 1 required positional argument: 'id'
2026-09-22 10:47:01 [ERROR   ] sdr_monitor.web_backend (main.py:216): Detection flush error: Detection.__init__() missing 1 required positional argument: 'id'
2026-09-22 10:47:02 [ERROR   ] sdr_monitor.web_backend (main.py:216): Detection flush error: Detection.__init__() missing 1 required positional argument: 'id'
2026-09-22 10:47:02 [ERROR   ] sdr_monitor.web_backend (main.py:216): Detection flush error: Detection.__init__() missing 1 required positional argument: 'id'
2026-09-22 10:47:03 [ERROR   ] sdr_monitor.web_backend (main.py:216): Detection flush error: Detection.__init__() missing 1 required positional argument: 'id'
2026-09-22 10:47:03 [ERROR   ] sdr_monitor.web_backend (main.py:216): Detection flush error: Detection.__init__() missing 1 required positional argument: 'id'
2026-09-22 10:47:04 [ERROR   ] sdr_monitor.web_backend (main.py:216): Detection flush error: Detection.__init__() missing 1 required positional argument: 'id'
2026-09-22 10:47:05 [ERROR   ] sdr_monitor.web_backend (main.py:216): Detection flush error: Detection.__init__() missing 1 required positional argument: 'id'
2026-09-22 10:47:05 [ERROR   ] sdr_monitor.web_backend (main.py:216): Detection flush error: Detection.__init__() missing 1 required positional argument: 'id'
2026-09-22 10:47:06 [ERROR   ] sdr_monitor.web_backend (main.py:216): Detection flush error: Detection.__init__() missing 1 required positional argument: 'id'
2026-09-22 10:47:06 [ERROR   ] sdr_monitor.web_backend (main.py:216): Detection flush error: Detection.__init__() missing 1 required positional argument: 'id'
2026-09-22 10:47:07 [ERROR   ] sdr_monitor.web_backend (main.py:216): Detection flush error: Detection.__init__() missing 1 required positional argument: 'id'
2026-09-22 10:47:08 [ERROR   ] sdr_monitor.web_backend (main.py:216): Detection flush error: Detection.__init__() missing 1 required positional argument: 'id'
2026-09-22 10:47:08 [ERROR   ] sdr_monitor.web_backend (main.py:216): Detection flush error: Detection.__init__() missing 1 required positional argument: 'id'
2026-09-22 10:47:09 [ERROR   ] sdr_monitor.web_backend (main.py:216): Detection flush error: Detection.__init__() missing 1 required positional argument: 'id'
2026-09-22 10:47:09 [ERROR   ] sdr_monitor.web_backend (main.py:216): Detection flush error: Detection.__init__() missing 1 required positional argument: 'id'
2026-09-22 10:47:10 [ERROR   ] sdr_monitor.web_backend (main.py:216): Detection flush error: Detection.__init__() missing 1 required positional argument: 'id'
2026-09-22 10:47:10 [ERROR   ] sdr_monitor.web_backend (main.py:216): Detection flush error: Detection.__init__() missing 1 required positional argument: 'id'
2026-09-22 10:47:11 [ERROR   ] sdr_monitor.web_backend (main.py:216): Detection flush error: Detection.__init__() missing 1 required positional argument: 'id'
2026-09-22 10:47:11 [ERROR   ] sdr_monitor.web_backend (main.py:216): Detection flush error: Detection.__init__() missing 1 required positional argument: 'id'
2026-09-22 10:47:12 [ERROR   ] sdr_monitor.web_backend (main.py:216): Detection flush error: Detection.__init__() missing 1 required positional argument: 'id'
2026-09-22 10:47:12 [ERROR   ] sdr_monitor.web_backend (main.py:216): Detection flush error: Detection.__init__() missing 1 required positional argument: 'id'
2026-09-22 10:47:13 [ERROR   ] sdr_monitor.web_backend (main.py:216): Detection flush error: Detection.__init__() missing 1 required positional argument: 'id'
2026-09-22 10:47:13 [ERROR   ] sdr_monitor.web_backend (main.py:216): Detection flush error: Detection.__init__() missing 1 required positional argument: 'id'
2026-09-22 10:47:14 [ERROR   ] sdr_monitor.web_backend (main.py:216): Detection flush error: Detection.__init__() missing 1 required positional argument: 'id'
2026-09-22 10:47:14 [ERROR   ] sdr_monitor.web_backend (main.py:216): Detection flush error: Detection.__init__() missing 1 required positional argument: 'id'
2026-09-22 10:47:15 [ERROR   ] sdr_monitor.web_backend (main.py:216): Detection flush error: Detection.__init__() missing 1 required positional argument: 'id'
2026-09-22 10:47:15 [ERROR   ] sdr_monitor.web_backend (main.py:216): Detection flush error: Detection.__init__() missing 1 required positional argument: 'id'
2026-09-22 10:47:16 [ERROR   ] sdr_monitor.web_backend (main.py:216): Detection flush error: Detection.__init__() missing 1 required positional argument: 'id'
2026-09-22 10:47:16 [ERROR   ] sdr_monitor.web_backend (main.py:216): Detection flush error: Detection.__init__() missing 1 required positional argument: 'id'
2026-09-22 10:47:17 [ERROR   ] sdr_monitor.web_backend (main.py:216): Detection flush error: Detection.__init__() missing 1 required positional argument: 'id'
2026-09-22 10:47:17 [ERROR   ] sdr_monitor.web_backend (main.py:216): Detection flush error: Detection.__init__() missing 1 required positional argument: 'id'
2026-09-22 10:47:18 [ERROR   ] sdr_monitor.web_backend (main.py:216): Detection flush error: Detection.__init__() missing 1 required positional argument: 'id'
2026-09-22 10:47:18 [ERROR   ] sdr_monitor.web_backend (main.py:216): Detection flush error: Detection.__init__() missing 1 required positional argument: 'id'
2026-09-22 10:47:19 [ERROR   ] sdr_monitor.web_backend (main.py:216): Detection flush error: Detection.__init__() missing 1 required positional argument: 'id'
2026-09-22 10:47:19 [ERROR   ] sdr_monitor.web_backend (main.py:216): Detection flush error: Detection.__init__() missing 1 required positional argument: 'id'
2026-09-22 10:47:20 [ERROR   ] sdr_monitor.web_backend (main.py:216): Detection flush error: Detection.__init__() missing 1 required positional argument: 'id'
2026-09-22 10:47:20 [ERROR   ] sdr_monitor.web_backend (main.py:216): Detection flush error: Detection.__init__() missing 1 required positional argument: 'id'
2026-09-22 10:47:21 [ERROR   ] sdr_monitor.web_backend (main.py:216): Detection flush error: Detection.__init__() missing 1 required positional argument: 'id'
2026-09-22 10:47:22 [ERROR   ] sdr_monitor.web_backend (main.py:216): Detection flush error: Detection.__init__() missing 1 required positional argument: 'id'
2026-09-22 10:47:22 [ERROR   ] sdr_monitor.web_backend (main.py:216): Detection flush error: Detection.__init__() missing 1 required positional argument: 'id'
2026-09-22 10:47:23 [ERROR   ] sdr_monitor.web_backend (main.py:216): Detection flush error: Detection.__init__() missing 1 required positional argument: 'id'
2026-09-22 10:47:24 [ERROR   ] sdr_monitor.web_backend (main.py:216): Detection flush error: Detection.__init__() missing 1 required positional argument: 'id'
2026-09-22 10:47:24 [ERROR   ] sdr_monitor.web_backend (main.py:216): Detection flush error: Detection.__init__() missing 1 required positional argument: 'id'
2026-09-22 10:47:25 [ERROR   ] sdr_monitor.web_backend (main.py:216): Detection flush error: Detection.__init__() missing 1 required positional argument: 'id'
2026-09-22 10:47:26 [ERROR   ] sdr_monitor.web_backend (main.py:216): Detection flush error: Detection.__init__() missing 1 required positional argument: 'id'
2026-09-22 10:47:26 [ERROR   ] sdr_monitor.web_backend (main.py:216): Detection flush error: Detection.__init__() missing 1 required positional argument: 'id'
2026-09-22 10:47:27 [ERROR   ] sdr_monitor.web_backend (main.py:216): Detection flush error: Detection.__init__() missing 1 required positional argument: 'id'
2026-09-22 10:47:27 [ERROR   ] sdr_monitor.web_backend (main.py:216): Detection flush error: Detection.__init__() missing 1 required positional argument: 'id'
2026-09-22 10:47:28 [ERROR   ] sdr_monitor.web_backend (main.py:216): Detection flush error: Detection.__init__() missing 1 required positional argument: 'id'
2026-09-22 10:47:28 [ERROR   ] sdr_monitor.web_backend (main.py:216): Detection flush error: Detection.__init__() missing 1 required positional argument: 'id'
2026-09-22 10:47:29 [ERROR   ] sdr_monitor.web_backend (main.py:216): Detection flush error: Detection.__init__() missing 1 required positional argument: 'id'
2026-09-22 10:47:29 [ERROR   ] sdr_monitor.web_backend (main.py:216): Detection flush error: Detection.__init__() missing 1 required positional argument: 'id'
2026-09-22 10:47:30 [ERROR   ] sdr_monitor.web_backend (main.py:216): Detection flush error: Detection.__init__() missing 1 required positional argument: 'id'
2026-09-22 10:47:30 [ERROR   ] sdr_monitor.web_backend (main.py:216): Detection flush error: Detection.__init__() missing 1 required positional argument: 'id'
2026-09-22 10:47:31 [ERROR   ] sdr_monitor.web_backend (main.py:216): Detection flush error: Detection.__init__() missing 1 required positional argument: 'id'
2026-09-22 10:47:31 [ERROR   ] sdr_monitor.web_backend (main.py:216): Detection flush error: Detection.__init__() missing 1 required positional argument: 'id'
2026-09-22 10:47:32 [ERROR   ] sdr_monitor.web_backend (main.py:216): Detection flush error: Detection.__init__() missing 1 required positional argument: 'id'
2026-09-22 10:47:32 [ERROR   ] sdr_monitor.web_backend (main.py:216): Detection flush error: Detection.__init__() missing 1 required positional argument: 'id'
2026-09-22 10:47:33 [ERROR   ] sdr_monitor.web_backend (main.py:216): Detection flush error: Detection.__init__() missing 1 required positional argument: 'id'
2026-09-22 10:47:34 [ERROR   ] sdr_monitor.web_backend (main.py:216): Detection flush error: Detection.__init__() missing 1 required positional argument: 'id'
2026-09-22 10:47:34 [ERROR   ] sdr_monitor.web_backend (main.py:216): Detection flush error: Detection.__init__() missing 1 required positional argument: 'id'
2026-09-22 10:47:35 [ERROR   ] sdr_monitor.web_backend (main.py:216): Detection flush error: Detection.__init__() missing 1 required positional argument: 'id'
2026-09-22 10:47:35 [ERROR   ] sdr_monitor.web_backend (main.py:216): Detection flush error: Detection.__init__() missing 1 required positional argument: 'id'
2026-09-22 10:47:36 [ERROR   ] sdr_monitor.web_backend (main.py:216): Detection flush error: Detection.__init__() missing 1 required positional argument: 'id'
2026-09-22 10:47:36 [ERROR   ] sdr_monitor.web_backend (main.py:216): Detection flush error: Detection.__init__() missing 1 required positional argument: 'id'
2026-09-22 10:47:37 [ERROR   ] sdr_monitor.web_backend (main.py:216): Detection flush error: Detection.__init__() missing 1 required positional argument: 'id'
2026-09-22 10:47:37 [ERROR   ] sdr_monitor.web_backend (main.py:216): Detection flush error: Detection.__init__() missing 1 required positional argument: 'id'
2026-09-22 10:47:38 [ERROR   ] sdr_monitor.web_backend (main.py:216): Detection flush error: Detection.__init__() missing 1 required positional argument: 'id'
2026-09-22 10:47:38 [ERROR   ] sdr_monitor.web_backend (main.py:216): Detection flush error: Detection.__init__() missing 1 required positional argument: 'id'
2026-09-22 10:47:39 [ERROR   ] sdr_monitor.web_backend (main.py:216): Detection flush error: Detection.__init__() missing 1 required positional argument: 'id'
2026-09-22 10:47:39 [ERROR   ] sdr_monitor.web_backend (main.py:216): Detection flush error: Detection.__init__() missing 1 required positional argument: 'id'
2026-09-22 10:47:40 [ERROR   ] sdr_monitor.web_backend (main.py:216): Detection flush error: Detection.__init__() missing 1 required positional argument: 'id'
2026-09-22 10:47:40 [ERROR   ] sdr_monitor.web_backend (main.py:216): Detection flush error: Detection.__init__() missing 1 required positional argument: 'id'
2026-09-22 10:47:41 [ERROR   ] sdr_monitor.web_backend (main.py:216): Detection flush error: Detection.__init__() missing 1 required positional argument: 'id'
2026-09-22 10:47:41 [ERROR   ] sdr_monitor.web_backend (main.py:216): Detection flush error: Detection.__init__() missing 1 required positional argument: 'id'
2026-09-22 10:47:42 [ERROR   ] sdr_monitor.web_backend (main.py:216): Detection flush error: Detection.__init__() missing 1 required positional argument: 'id'
2026-09-22 10:47:42 [ERROR   ] sdr_monitor.web_backend (main.py:216): Detection flush error: Detection.__init__() missing 1 required positional argument: 'id'
2026-09-22 10:47:43 [ERROR   ] sdr_monitor.web_backend (main.py:216): Detection flush error: Detection.__init__() missing 1 required positional argument: 'id'
2026-09-22 10:47:43 [ERROR   ] sdr_monitor.web_backend (main.py:216): Detection flush error: Detection.__init__() missing 1 required positional argument: 'id'
2026-09-22 10:47:44 [ERROR   ] sdr_monitor.web_backend (main.py:216): Detection flush error: Detection.__init__() missing 1 required positional argument: 'id'
2026-09-22 10:47:44 [ERROR   ] sdr_monitor.web_backend (main.py:216): Detection flush error: Detection.__init__() missing 1 required positional argument: 'id'
2026-09-22 10:47:45 [ERROR   ] sdr_monitor.web_backend (main.py:216): Detection flush error: Detection.__init__() missing 1 required positional argument: 'id'
2026-09-22 10:47:46 [ERROR   ] sdr_monitor.web_backend (main.py:216): Detection flush error: Detection.__init__() missing 1 required positional argument: 'id'
2026-09-22 10:47:46 [ERROR   ] sdr_monitor.web_backend (main.py:216): Detection flush error: Detection.__init__() missing 1 required positional argument: 'id'
2026-09-22 10:47:47 [ERROR   ] sdr_monitor.web_backend (main.py:216): Detection flush error: Detection.__init__() missing 1 required positional argument: 'id'
2026-09-22 10:47:47 [ERROR   ] sdr_monitor.web_backend (main.py:216): Detection flush error: Detection.__init__() missing 1 required positional argument: 'id'
2026-09-22 10:47:48 [ERROR   ] sdr_monitor.web_backend (main.py:216): Detection flush error: Detection.__init__() missing 1 required positional argument: 'id'
2026-09-22 10:47:48 [ERROR   ] sdr_monitor.web_backend (main.py:216): Detection flush error: Detection.__init__() missing 1 required positional argument: 'id'
2026-09-22 10:47:49 [ERROR   ] sdr_monitor.web_backend (main.py:216): Detection flush error: Detection.__init__() missing 1 required positional argument: 'id'
2026-09-22 10:47:49 [ERROR   ] sdr_monitor.web_backend (main.py:216): Detection flush error: Detection.__init__() missing 1 required positional argument: 'id'
2026-09-22 10:47:50 [ERROR   ] sdr_monitor.web_backend (main.py:216): Detection flush error: Detection.__init__() missing 1 required positional argument: 'id'
2026-09-22 10:47:50 [ERROR   ] sdr_monitor.web_backend (main.py:216): Detection flush error: Detection.__init__() missing 1 required positional argument: 'id'
2026-09-22 10:47:51 [ERROR   ] sdr_monitor.web_backend (main.py:216): Detection flush error: Detection.__init__() missing 1 required positional argument: 'id'
2026-09-22 10:47:51 [ERROR   ] sdr_monitor.web_backend (main.py:216): Detection flush error: Detection.__init__() missing 1 required positional argument: 'id'
2026-09-22 10:47:52 [ERROR   ] sdr_monitor.web_backend (main.py:216): Detection flush error: Detection.__init__() missing 1 required positional argument: 'id'
2026-09-22 10:47:52 [ERROR   ] sdr_monitor.web_backend (main.py:216): Detection flush error: Detection.__init__() missing 1 required positional argument: 'id'
2026-09-22 10:47:53 [ERROR   ] sdr_monitor.web_backend (main.py:216): Detection flush error: Detection.__init__() missing 1 required positional argument: 'id'
2026-09-22 10:47:53 [ERROR   ] sdr_monitor.web_backend (main.py:216): Detection flush error: Detection.__init__() missing 1 required positional argument: 'id'
2026-09-22 10:47:54 [ERROR   ] sdr_monitor.web_backend (main.py:216): Detection flush error: Detection.__init__() missing 1 required positional argument: 'id'
2026-09-22 10:47:54 [ERROR   ] sdr_monitor.web_backend (main.py:216): Detection flush error: Detection.__init__() missing 1 required positional argument: 'id'
2026-09-22 10:47:55 [ERROR   ] sdr_monitor.web_backend (main.py:216): Detection flush error: Detection.__init__() missing 1 required positional argument: 'id'
2026-09-22 10:47:55 [ERROR   ] sdr_monitor.web_backend (main.py:216): Detection flush error: Detection.__init__() missing 1 required positional argument: 'id'
2026-09-22 10:47:56 [ERROR   ] sdr_monitor.web_backend (main.py:216): Detection flush error: Detection.__init__() missing 1 required positional argument: 'id'
2026-09-22 10:47:56 [ERROR   ] sdr_monitor.web_backend (main.py:216): Detection flush error: Detection.__init__() missing 1 required positional argument: 'id'
2026-09-22 10:47:57 [ERROR   ] sdr_monitor.web_backend (main.py:216): Detection flush error: Detection.__init__() missing 1 required positional argument: 'id'
2026-09-22 10:47:57 [ERROR   ] sdr_monitor.web_backend (main.py:216): Detection flush error: Detection.__init__() missing 1 required positional argument: 'id'
2026-09-22 10:47:58 [ERROR   ] sdr_monitor.web_backend (main.py:216): Detection flush error: Detection.__init__() missing 1 required positional argument: 'id'
2026-09-22 10:47:58 [ERROR   ] sdr_monitor.web_backend (main.py:216): Detection flush error: Detection.__init__() missing 1 required positional argument: 'id'
2026-09-22 10:47:59 [ERROR   ] sdr_monitor.web_backend (main.py:216): Detection flush error: Detection.__init__() missing 1 required positional argument: 'id'
2026-09-22 10:47:59 [ERROR   ] sdr_monitor.web_backend (main.py:216): Detection flush error: Detection.__init__() missing 1 required positional argument: 'id'
2026-09-22 10:48:00 [ERROR   ] sdr_monitor.web_backend (main.py:216): Detection flush error: Detection.__init__() missing 1 required positional argument: 'id'
2026-09-22 10:48:00 [ERROR   ] sdr_monitor.web_backend (main.py:216): Detection flush error: Detection.__init__() missing 1 required positional argument: 'id'
2026-09-22 10:48:01 [ERROR   ] sdr_monitor.web_backend (main.py:216): Detection flush error: Detection.__init__() missing 1 required positional argument: 'id'
2026-09-22 10:48:01 [ERROR   ] sdr_monitor.web_backend (main.py:216): Detection flush error: Detection.__init__() missing 1 required positional argument: 'id'
2026-09-22 10:48:02 [ERROR   ] sdr_monitor.web_backend (main.py:216): Detection flush error: Detection.__init__() missing 1 required positional argument: 'id'
2026-09-22 10:48:02 [ERROR   ] sdr_monitor.web_backend (main.py:216): Detection flush error: Detection.__init__() missing 1 required positional argument: 'id'
2026-09-22 10:48:03 [ERROR   ] sdr_monitor.web_backend (main.py:216): Detection flush error: Detection.__init__() missing 1 required positional argument: 'id'
2026-09-22 10:48:03 [ERROR   ] sdr_monitor.web_backend (main.py:216): Detection flush error: Detection.__init__() missing 1 required positional argument: 'id'
2026-09-22 10:48:04 [ERROR   ] sdr_monitor.web_backend (main.py:216): Detection flush error: Detection.__init__() missing 1 required positional argument: 'id'
2026-09-22 10:48:04 [ERROR   ] sdr_monitor.web_backend (main.py:216): Detection flush error: Detection.__init__() missing 1 required positional argument: 'id'
2026-09-22 10:48:05 [ERROR   ] sdr_monitor.web_backend (main.py:216): Detection flush error: Detection.__init__() missing 1 required positional argument: 'id'
2026-09-22 10:48:05 [ERROR   ] sdr_monitor.web_backend (main.py:216): Detection flush error: Detection.__init__() missing 1 required positional argument: 'id'
2026-09-22 10:48:06 [ERROR   ] sdr_monitor.web_backend (main.py:216): Detection flush error: Detection.__init__() missing 1 required positional argument: 'id'
2026-09-22 10:48:06 [ERROR   ] sdr_monitor.web_backend (main.py:216): Detection flush error: Detection.__init__() missing 1 required positional argument: 'id'
2026-09-22 10:48:07 [ERROR   ] sdr_monitor.web_backend (main.py:216): Detection flush error: Detection.__init__() missing 1 required positional argument: 'id'
2026-09-22 10:48:08 [ERROR   ] sdr_monitor.web_backend (main.py:216): Detection flush error: Detection.__init__() missing 1 required positional argument: 'id'
2026-09-22 10:48:08 [ERROR   ] sdr_monitor.web_backend (main.py:216): Detection flush error: Detection.__init__() missing 1 required positional argument: 'id'
2026-09-22 10:48:09 [ERROR   ] sdr_monitor.web_backend (main.py:216): Detection flush error: Detection.__init__() missing 1 required positional argument: 'id'
2026-09-22 10:48:09 [ERROR   ] sdr_monitor.web_backend (main.py:216): Detection flush error: Detection.__init__() missing 1 required positional argument: 'id'
2026-09-22 10:48:10 [ERROR   ] sdr_monitor.web_backend (main.py:216): Detection flush error: Detection.__init__() missing 1 required positional argument: 'id'
2026-09-22 10:48:10 [ERROR   ] sdr_monitor.web_backend (main.py:216): Detection flush error: Detection.__init__() missing 1 required positional argument: 'id'
2026-09-22 10:48:11 [ERROR   ] sdr_monitor.web_backend (main.py:216): Detection flush error: Detection.__init__() missing 1 required positional argument: 'id'
2026-09-22 10:48:11 [ERROR   ] sdr_monitor.web_backend (main.py:216): Detection flush error: Detection.__init__() missing 1 required positional argument: 'id'
2026-09-22 10:48:12 [ERROR   ] sdr_monitor.web_backend (main.py:216): Detection flush error: Detection.__init__() missing 1 required positional argument: 'id'
2026-09-22 10:48:13 [ERROR   ] sdr_monitor.web_backend (main.py:216): Detection flush error: Detection.__init__() missing 1 required positional argument: 'id'
2026-09-22 10:48:13 [ERROR   ] sdr_monitor.web_backend (main.py:216): Detection flush error: Detection.__init__() missing 1 required positional argument: 'id'
2026-09-22 10:48:14 [ERROR   ] sdr_monitor.web_backend (main.py:216): Detection flush error: Detection.__init__() missing 1 required positional argument: 'id'
2026-09-22 10:48:14 [ERROR   ] sdr_monitor.web_backend (main.py:216): Detection flush error: Detection.__init__() missing 1 required positional argument: 'id'
2026-09-22 10:48:15 [ERROR   ] sdr_monitor.web_backend (main.py:216): Detection flush error: Detection.__init__() missing 1 required positional argument: 'id'
2026-09-22 10:48:16 [ERROR   ] sdr_monitor.web_backend (main.py:216): Detection flush error: Detection.__init__() missing 1 required positional argument: 'id'
2026-09-22 10:48:16 [ERROR   ] sdr_monitor.web_backend (main.py:216): Detection flush error: Detection.__init__() missing 1 required positional argument: 'id'
2026-09-22 10:48:17 [ERROR   ] sdr_monitor.web_backend (main.py:216): Detection flush error: Detection.__init__() missing 1 required positional argument: 'id'
2026-09-22 10:48:17 [ERROR   ] sdr_monitor.web_backend (main.py:216): Detection flush error: Detection.__init__() missing 1 required positional argument: 'id'
2026-09-22 10:48:18 [ERROR   ] sdr_monitor.web_backend (main.py:216): Detection flush error: Detection.__init__() missing 1 required positional argument: 'id'
2026-09-22 10:48:18 [ERROR   ] sdr_monitor.web_backend (main.py:216): Detection flush error: Detection.__init__() missing 1 required positional argument: 'id'
2026-09-22 10:48:19 [ERROR   ] sdr_monitor.web_backend (main.py:216): Detection flush error: Detection.__init__() missing 1 required positional argument: 'id'
2026-09-22 10:48:19 [ERROR   ] sdr_monitor.web_backend (main.py:216): Detection flush error: Detection.__init__() missing 1 required positional argument: 'id'
2026-09-22 10:48:20 [ERROR   ] sdr_monitor.web_backend (main.py:216): Detection flush error: Detection.__init__() missing 1 required positional argument: 'id'
2026-09-22 10:48:20 [ERROR   ] sdr_monitor.web_backend (main.py:216): Detection flush error: Detection.__init__() missing 1 required positional argument: 'id'
2026-09-22 10:48:21 [ERROR   ] sdr_monitor.web_backend (main.py:216): Detection flush error: Detection.__init__() missing 1 required positional argument: 'id'
2026-09-22 10:48:22 [ERROR   ] sdr_monitor.web_backend (main.py:216): Detection flush error: Detection.__init__() missing 1 required positional argument: 'id'
2026-09-22 10:48:22 [ERROR   ] sdr_monitor.web_backend (main.py:216): Detection flush error: Detection.__init__() missing 1 required positional argument: 'id'
2026-09-22 10:48:23 [ERROR   ] sdr_monitor.web_backend (main.py:216): Detection flush error: Detection.__init__() missing 1 required positional argument: 'id'
2026-09-22 10:48:24 [ERROR   ] sdr_monitor.web_backend (main.py:216): Detection flush error: Detection.__init__() missing 1 required positional argument: 'id'
2026-09-22 10:48:24 [ERROR   ] sdr_monitor.web_backend (main.py:216): Detection flush error: Detection.__init__() missing 1 required positional argument: 'id'
2026-09-22 10:48:25 [ERROR   ] sdr_monitor.web_backend (main.py:216): Detection flush error: Detection.__init__() missing 1 required positional argument: 'id'
2026-09-22 10:48:25 [ERROR   ] sdr_monitor.web_backend (main.py:216): Detection flush error: Detection.__init__() missing 1 required positional argument: 'id'
2026-09-22 10:48:26 [ERROR   ] sdr_monitor.web_backend (main.py:216): Detection flush error: Detection.__init__() missing 1 required positional argument: 'id'
2026-09-22 10:48:26 [ERROR   ] sdr_monitor.web_backend (main.py:216): Detection flush error: Detection.__init__() missing 1 required positional argument: 'id'
2026-09-22 10:48:27 [ERROR   ] sdr_monitor.web_backend (main.py:216): Detection flush error: Detection.__init__() missing 1 required positional argument: 'id'
2026-09-22 10:48:27 [ERROR   ] sdr_monitor.web_backend (main.py:216): Detection flush error: Detection.__init__() missing 1 required positional argument: 'id'
2026-09-22 10:48:28 [ERROR   ] sdr_monitor.web_backend (main.py:216): Detection flush error: Detection.__init__() missing 1 required positional argument: 'id'
2026-09-22 10:48:28 [ERROR   ] sdr_monitor.web_backend (main.py:216): Detection flush error: Detection.__init__() missing 1 required positional argument: 'id'
2026-09-22 10:48:29 [ERROR   ] sdr_monitor.web_backend (main.py:216): Detection flush error: Detection.__init__() missing 1 required positional argument: 'id'
2026-09-22 10:48:29 [ERROR   ] sdr_monitor.web_backend (main.py:216): Detection flush error: Detection.__init__() missing 1 required positional argument: 'id'
2026-09-22 10:48:30 [ERROR   ] sdr_monitor.web_backend (main.py:216): Detection flush error: Detection.__init__() missing 1 required positional argument: 'id'
2026-09-22 10:48:31 [ERROR   ] sdr_monitor.web_backend (main.py:216): Detection flush error: Detection.__init__() missing 1 required positional argument: 'id'
2026-09-22 10:48:31 [ERROR   ] sdr_monitor.web_backend (main.py:216): Detection flush error: Detection.__init__() missing 1 required positional argument: 'id'
2026-09-22 10:48:32 [ERROR   ] sdr_monitor.web_backend (main.py:216): Detection flush error: Detection.__init__() missing 1 required positional argument: 'id'
2026-09-22 10:48:32 [ERROR   ] sdr_monitor.web_backend (main.py:216): Detection flush error: Detection.__init__() missing 1 required positional argument: 'id'
2026-09-22 10:48:33 [ERROR   ] sdr_monitor.web_backend (main.py:216): Detection flush error: Detection.__init__() missing 1 required positional argument: 'id'
2026-09-22 10:48:33 [ERROR   ] sdr_monitor.web_backend (main.py:216): Detection flush error: Detection.__init__() missing 1 required positional argument: 'id'
2026-09-22 10:48:34 [ERROR   ] sdr_monitor.web_backend (main.py:216): Detection flush error: Detection.__init__() missing 1 required positional argument: 'id'
2026-09-22 10:48:34 [ERROR   ] sdr_monitor.web_backend (main.py:216): Detection flush error: Detection.__init__() missing 1 required positional argument: 'id'
2026-09-22 10:48:35 [ERROR   ] sdr_monitor.web_backend (main.py:216): Detection flush error: Detection.__init__() missing 1 required positional argument: 'id'
2026-09-22 10:48:35 [ERROR   ] sdr_monitor.web_backend (main.py:216): Detection flush error: Detection.__init__() missing 1 required positional argument: 'id'
2026-09-22 10:48:36 [ERROR   ] sdr_monitor.web_backend (main.py:216): Detection flush error: Detection.__init__() missing 1 required positional argument: 'id'
2026-09-22 10:48:36 [ERROR   ] sdr_monitor.web_backend (main.py:216): Detection flush error: Detection.__init__() missing 1 required positional argument: 'id'
2026-09-22 10:48:37 [ERROR   ] sdr_monitor.web_backend (main.py:216): Detection flush error: Detection.__init__() missing 1 required positional argument: 'id'
2026-09-22 10:48:37 [ERROR   ] sdr_monitor.web_backend (main.py:216): Detection flush error: Detection.__init__() missing 1 required positional argument: 'id'
2026-09-22 10:48:38 [ERROR   ] sdr_monitor.web_backend (main.py:216): Detection flush error: Detection.__init__() missing 1 required positional argument: 'id'
2026-09-22 10:48:38 [ERROR   ] sdr_monitor.web_backend (main.py:216): Detection flush error: Detection.__init__() missing 1 required positional argument: 'id'
2026-09-22 10:48:39 [ERROR   ] sdr_monitor.web_backend (main.py:216): Detection flush error: Detection.__init__() missing 1 required positional argument: 'id'
2026-09-22 10:48:39 [ERROR   ] sdr_monitor.web_backend (main.py:216): Detection flush error: Detection.__init__() missing 1 required positional argument: 'id'
2026-09-22 10:48:40 [ERROR   ] sdr_monitor.web_backend (main.py:216): Detection flush error: Detection.__init__() missing 1 required positional argument: 'id'
2026-09-22 10:48:40 [ERROR   ] sdr_monitor.web_backend (main.py:216): Detection flush error: Detection.__init__() missing 1 required positional argument: 'id'
2026-09-22 10:48:41 [ERROR   ] sdr_monitor.web_backend (main.py:216): Detection flush error: Detection.__init__() missing 1 required positional argument: 'id'
2026-09-22 10:48:42 [ERROR   ] sdr_monitor.web_backend (main.py:216): Detection flush error: Detection.__init__() missing 1 required positional argument: 'id'
2026-09-22 10:48:42 [ERROR   ] sdr_monitor.web_backend (main.py:216): Detection flush error: Detection.__init__() missing 1 required positional argument: 'id'
2026-09-22 10:48:43 [ERROR   ] sdr_monitor.web_backend (main.py:216): Detection flush error: Detection.__init__() missing 1 required positional argument: 'id'
2026-09-22 10:48:43 [ERROR   ] sdr_monitor.web_backend (main.py:216): Detection flush error: Detection.__init__() missing 1 required positional argument: 'id'
2026-09-22 10:48:44 [ERROR   ] sdr_monitor.web_backend (main.py:216): Detection flush error: Detection.__init__() missing 1 required positional argument: 'id'
2026-09-22 10:48:44 [ERROR   ] sdr_monitor.web_backend (main.py:216): Detection flush error: Detection.__init__() missing 1 required positional argument: 'id'
2026-09-22 10:48:45 [ERROR   ] sdr_monitor.web_backend (main.py:216): Detection flush error: Detection.__init__() missing 1 required positional argument: 'id'
2026-09-22 10:48:45 [ERROR   ] sdr_monitor.web_backend (main.py:216): Detection flush error: Detection.__init__() missing 1 required positional argument: 'id'
2026-09-22 10:48:46 [ERROR   ] sdr_monitor.web_backend (main.py:216): Detection flush error: Detection.__init__() missing 1 required positional argument: 'id'
2026-09-22 10:48:46 [ERROR   ] sdr_monitor.web_backend (main.py:216): Detection flush error: Detection.__init__() missing 1 required positional argument: 'id'
2026-09-22 10:48:47 [ERROR   ] sdr_monitor.web_backend (main.py:216): Detection flush error: Detection.__init__() missing 1 required positional argument: 'id'
2026-09-22 10:48:47 [ERROR   ] sdr_monitor.web_backend (main.py:216): Detection flush error: Detection.__init__() missing 1 required positional argument: 'id'
2026-09-22 10:48:48 [ERROR   ] sdr_monitor.web_backend (main.py:216): Detection flush error: Detection.__init__() missing 1 required positional argument: 'id'
2026-09-22 10:48:48 [ERROR   ] sdr_monitor.web_backend (main.py:216): Detection flush error: Detection.__init__() missing 1 required positional argument: 'id'
2026-09-22 10:48:49 [ERROR   ] sdr_monitor.web_backend (main.py:216): Detection flush error: Detection.__init__() missing 1 required positional argument: 'id'
2026-09-22 10:48:49 [ERROR   ] sdr_monitor.web_backend (main.py:216): Detection flush error: Detection.__init__() missing 1 required positional argument: 'id'
2026-09-22 10:48:50 [ERROR   ] sdr_monitor.web_backend (main.py:216): Detection flush error: Detection.__init__() missing 1 required positional argument: 'id'
2026-09-22 10:48:50 [ERROR   ] sdr_monitor.web_backend (main.py:216): Detection flush error: Detection.__init__() missing 1 required positional argument: 'id'
2026-09-22 10:48:51 [ERROR   ] sdr_monitor.web_backend (main.py:216): Detection flush error: Detection.__init__() missing 1 required positional argument: 'id'
2026-09-22 10:48:51 [ERROR   ] sdr_monitor.web_backend (main.py:216): Detection flush error: Detection.__init__() missing 1 required positional argument: 'id'
2026-09-22 10:48:52 [ERROR   ] sdr_monitor.web_backend (main.py:216): Detection flush error: Detection.__init__() missing 1 required positional argument: 'id'
2026-09-22 10:48:52 [ERROR   ] sdr_monitor.web_backend (main.py:216): Detection flush error: Detection.__init__() missing 1 required positional argument: 'id'
2026-09-22 10:48:53 [ERROR   ] sdr_monitor.web_backend (main.py:216): Detection flush error: Detection.__init__() missing 1 required positional argument: 'id'
2026-09-22 10:48:53 [ERROR   ] sdr_monitor.web_backend (main.py:216): Detection flush error: Detection.__init__() missing 1 required positional argument: 'id'
2026-09-22 10:48:54 [ERROR   ] sdr_monitor.web_backend (main.py:216): Detection flush error: Detection.__init__() missing 1 required positional argument: 'id'
2026-09-22 10:48:55 [ERROR   ] sdr_monitor.web_backend (main.py:216): Detection flush error: Detection.__init__() missing 1 required positional argument: 'id'
2026-09-22 10:48:55 [ERROR   ] sdr_monitor.web_backend (main.py:216): Detection flush error: Detection.__init__() missing 1 required positional argument: 'id'
2026-09-22 10:48:56 [ERROR   ] sdr_monitor.web_backend (main.py:216): Detection flush error: Detection.__init__() missing 1 required positional argument: 'id'
2026-09-22 10:48:56 [ERROR   ] sdr_monitor.web_backend (main.py:216): Detection flush error: Detection.__init__() missing 1 required positional argument: 'id'
2026-09-22 10:48:57 [ERROR   ] sdr_monitor.web_backend (main.py:216): Detection flush error: Detection.__init__() missing 1 required positional argument: 'id'
2026-09-22 10:48:57 [ERROR   ] sdr_monitor.web_backend (main.py:216): Detection flush error: Detection.__init__() missing 1 required positional argument: 'id'
2026-09-22 10:48:58 [ERROR   ] sdr_monitor.web_backend (main.py:216): Detection flush error: Detection.__init__() missing 1 required positional argument: 'id'
2026-09-22 10:48:58 [ERROR   ] sdr_monitor.web_backend (main.py:216): Detection flush error: Detection.__init__() missing 1 required positional argument: 'id'
2026-09-22 10:48:59 [ERROR   ] sdr_monitor.web_backend (main.py:216): Detection flush error: Detection.__init__() missing 1 required positional argument: 'id'
2026-09-22 10:48:59 [ERROR   ] sdr_monitor.web_backend (main.py:216): Detection flush error: Detection.__init__() missing 1 required positional argument: 'id'
2026-09-22 10:49:00 [ERROR   ] sdr_monitor.web_backend (main.py:216): Detection flush error: Detection.__init__() missing 1 required positional argument: 'id'
2026-09-22 10:49:01 [ERROR   ] sdr_monitor.web_backend (main.py:216): Detection flush error: Detection.__init__() missing 1 required positional argument: 'id'
2026-09-22 10:49:02 [ERROR   ] sdr_monitor.web_backend (main.py:216): Detection flush error: Detection.__init__() missing 1 required positional argument: 'id'
2026-09-22 10:49:03 [ERROR   ] sdr_monitor.web_backend (main.py:216): Detection flush error: Detection.__init__() missing 1 required positional argument: 'id'
2026-09-22 10:49:03 [ERROR   ] sdr_monitor.web_backend (main.py:216): Detection flush error: Detection.__init__() missing 1 required positional argument: 'id'
2026-09-22 10:49:04 [ERROR   ] sdr_monitor.web_backend (main.py:216): Detection flush error: Detection.__init__() missing 1 required positional argument: 'id'
2026-09-22 10:49:05 [ERROR   ] sdr_monitor.web_backend (main.py:216): Detection flush error: Detection.__init__() missing 1 required positional argument: 'id'
2026-09-22 10:49:07 [ERROR   ] sdr_monitor.web_backend (main.py:216): Detection flush error: Detection.__init__() missing 1 required positional argument: 'id'
2026-09-22 10:49:08 [ERROR   ] sdr_monitor.web_backend (main.py:216): Detection flush error: Detection.__init__() missing 1 required positional argument: 'id'
2026-09-22 10:49:08 [ERROR   ] sdr_monitor.web_backend (main.py:216): Detection flush error: Detection.__init__() missing 1 required positional argument: 'id'
2026-09-22 10:49:09 [ERROR   ] sdr_monitor.web_backend (main.py:216): Detection flush error: Detection.__init__() missing 1 required positional argument: 'id'
2026-09-22 10:49:09 [ERROR   ] sdr_monitor.web_backend (main.py:216): Detection flush error: Detection.__init__() missing 1 required positional argument: 'id'
2026-09-22 10:49:10 [ERROR   ] sdr_monitor.web_backend (main.py:216): Detection flush error: Detection.__init__() missing 1 required positional argument: 'id'
2026-09-22 10:49:10 [ERROR   ] sdr_monitor.web_backend (main.py:216): Detection flush error: Detection.__init__() missing 1 required positional argument: 'id'
2026-09-22 10:49:11 [ERROR   ] sdr_monitor.web_backend (main.py:216): Detection flush error: Detection.__init__() missing 1 required positional argument: 'id'
2026-09-22 10:49:11 [ERROR   ] sdr_monitor.web_backend (main.py:216): Detection flush error: Detection.__init__() missing 1 required positional argument: 'id'
2026-09-22 10:49:12 [ERROR   ] sdr_monitor.web_backend (main.py:216): Detection flush error: Detection.__init__() missing 1 required positional argument: 'id'
2026-09-22 10:49:12 [ERROR   ] sdr_monitor.web_backend (main.py:216): Detection flush error: Detection.__init__() missing 1 required positional argument: 'id'
2026-09-22 10:49:13 [ERROR   ] sdr_monitor.web_backend (main.py:216): Detection flush error: Detection.__init__() missing 1 required positional argument: 'id'
2026-09-22 10:49:13 [ERROR   ] sdr_monitor.web_backend (main.py:216): Detection flush error: Detection.__init__() missing 1 required positional argument: 'id'
2026-09-22 10:49:14 [ERROR   ] sdr_monitor.web_backend (main.py:216): Detection flush error: Detection.__init__() missing 1 required positional argument: 'id'
2026-09-22 10:49:14 [ERROR   ] sdr_monitor.web_backend (main.py:216): Detection flush error: Detection.__init__() missing 1 required positional argument: 'id'
2026-09-22 10:49:15 [ERROR   ] sdr_monitor.web_backend (main.py:216): Detection flush error: Detection.__init__() missing 1 required positional argument: 'id'
2026-09-22 10:49:16 [ERROR   ] sdr_monitor.web_backend (main.py:216): Detection flush error: Detection.__init__() missing 1 required positional argument: 'id'
2026-09-22 10:49:16 [ERROR   ] sdr_monitor.web_backend (main.py:216): Detection flush error: Detection.__init__() missing 1 required positional argument: 'id'
2026-09-22 10:49:17 [ERROR   ] sdr_monitor.web_backend (main.py:216): Detection flush error: Detection.__init__() missing 1 required positional argument: 'id'
2026-09-22 10:49:17 [ERROR   ] sdr_monitor.web_backend (main.py:216): Detection flush error: Detection.__init__() missing 1 required positional argument: 'id'
2026-09-22 10:49:18 [ERROR   ] sdr_monitor.web_backend (main.py:216): Detection flush error: Detection.__init__() missing 1 required positional argument: 'id'
2026-09-22 10:49:18 [ERROR   ] sdr_monitor.web_backend (main.py:216): Detection flush error: Detection.__init__() missing 1 required positional argument: 'id'
2026-09-22 10:49:19 [ERROR   ] sdr_monitor.web_backend (main.py:216): Detection flush error: Detection.__init__() missing 1 required positional argument: 'id'
2026-09-22 10:49:19 [ERROR   ] sdr_monitor.web_backend (main.py:216): Detection flush error: Detection.__init__() missing 1 required positional argument: 'id'
2026-09-22 10:49:20 [ERROR   ] sdr_monitor.web_backend (main.py:216): Detection flush error: Detection.__init__() missing 1 required positional argument: 'id'
2026-09-22 10:49:20 [ERROR   ] sdr_monitor.web_backend (main.py:216): Detection flush error: Detection.__init__() missing 1 required positional argument: 'id'
2026-09-22 10:49:21 [ERROR   ] sdr_monitor.web_backend (main.py:216): Detection flush error: Detection.__init__() missing 1 required positional argument: 'id'
2026-09-22 10:49:21 [ERROR   ] sdr_monitor.web_backend (main.py:216): Detection flush error: Detection.__init__() missing 1 required positional argument: 'id'
2026-09-22 10:49:22 [ERROR   ] sdr_monitor.web_backend (main.py:216): Detection flush error: Detection.__init__() missing 1 required positional argument: 'id'
2026-09-22 10:49:22 [ERROR   ] sdr_monitor.web_backend (main.py:216): Detection flush error: Detection.__init__() missing 1 required positional argument: 'id'
2026-09-22 10:49:23 [ERROR   ] sdr_monitor.web_backend (main.py:216): Detection flush error: Detection.__init__() missing 1 required positional argument: 'id'
2026-09-22 10:49:23 [ERROR   ] sdr_monitor.web_backend (main.py:216): Detection flush error: Detection.__init__() missing 1 required positional argument: 'id'
2026-09-22 10:49:24 [ERROR   ] sdr_monitor.web_backend (main.py:216): Detection flush error: Detection.__init__() missing 1 required positional argument: 'id'
2026-09-22 10:49:24 [ERROR   ] sdr_monitor.web_backend (main.py:216): Detection flush error: Detection.__init__() missing 1 required positional argument: 'id'
2026-09-22 10:49:25 [ERROR   ] sdr_monitor.web_backend (main.py:216): Detection flush error: Detection.__init__() missing 1 required positional argument: 'id'
2026-09-22 10:49:25 [ERROR   ] sdr_monitor.web_backend (main.py:216): Detection flush error: Detection.__init__() missing 1 required positional argument: 'id'
2026-09-22 10:49:26 [ERROR   ] sdr_monitor.web_backend (main.py:216): Detection flush error: Detection.__init__() missing 1 required positional argument: 'id'
2026-09-22 10:49:26 [ERROR   ] sdr_monitor.web_backend (main.py:216): Detection flush error: Detection.__init__() missing 1 required positional argument: 'id'
2026-09-22 10:49:27 [ERROR   ] sdr_monitor.web_backend (main.py:216): Detection flush error: Detection.__init__() missing 1 required positional argument: 'id'
2026-09-22 10:49:27 [ERROR   ] sdr_monitor.web_backend (main.py:216): Detection flush error: Detection.__init__() missing 1 required positional argument: 'id'
2026-09-22 10:49:28 [ERROR   ] sdr_monitor.web_backend (main.py:216): Detection flush error: Detection.__init__() missing 1 required positional argument: 'id'
2026-09-22 10:49:28 [ERROR   ] sdr_monitor.web_backend (main.py:216): Detection flush error: Detection.__init__() missing 1 required positional argument: 'id'
2026-09-22 10:49:29 [ERROR   ] sdr_monitor.web_backend (main.py:216): Detection flush error: Detection.__init__() missing 1 required positional argument: 'id'
2026-09-22 10:49:29 [ERROR   ] sdr_monitor.web_backend (main.py:216): Detection flush error: Detection.__init__() missing 1 required positional argument: 'id'
2026-09-22 10:49:30 [ERROR   ] sdr_monitor.web_backend (main.py:216): Detection flush error: Detection.__init__() missing 1 required positional argument: 'id'
2026-09-22 10:49:30 [ERROR   ] sdr_monitor.web_backend (main.py:216): Detection flush error: Detection.__init__() missing 1 required positional argument: 'id'
2026-09-22 10:49:31 [ERROR   ] sdr_monitor.web_backend (main.py:216): Detection flush error: Detection.__init__() missing 1 required positional argument: 'id'
2026-09-22 10:49:32 [ERROR   ] sdr_monitor.web_backend (main.py:216): Detection flush error: Detection.__init__() missing 1 required positional argument: 'id'
2026-09-22 10:49:32 [ERROR   ] sdr_monitor.web_backend (main.py:216): Detection flush error: Detection.__init__() missing 1 required positional argument: 'id'
2026-09-22 10:49:33 [ERROR   ] sdr_monitor.web_backend (main.py:216): Detection flush error: Detection.__init__() missing 1 required positional argument: 'id'
2026-09-22 10:49:33 [ERROR   ] sdr_monitor.web_backend (main.py:216): Detection flush error: Detection.__init__() missing 1 required positional argument: 'id'
2026-09-22 10:49:34 [ERROR   ] sdr_monitor.web_backend (main.py:216): Detection flush error: Detection.__init__() missing 1 required positional argument: 'id'
2026-09-22 10:49:34 [ERROR   ] sdr_monitor.web_backend (main.py:216): Detection flush error: Detection.__init__() missing 1 required positional argument: 'id'
2026-09-22 10:49:35 [ERROR   ] sdr_monitor.web_backend (main.py:216): Detection flush error: Detection.__init__() missing 1 required positional argument: 'id'
2026-09-22 10:49:35 [ERROR   ] sdr_monitor.web_backend (main.py:216): Detection flush error: Detection.__init__() missing 1 required positional argument: 'id'
2026-09-22 10:49:36 [ERROR   ] sdr_monitor.web_backend (main.py:216): Detection flush error: Detection.__init__() missing 1 required positional argument: 'id'
2026-09-22 10:49:36 [ERROR   ] sdr_monitor.web_backend (main.py:216): Detection flush error: Detection.__init__() missing 1 required positional argument: 'id'
2026-09-22 10:49:37 [ERROR   ] sdr_monitor.web_backend (main.py:216): Detection flush error: Detection.__init__() missing 1 required positional argument: 'id'
2026-09-22 10:49:37 [ERROR   ] sdr_monitor.web_backend (main.py:216): Detection flush error: Detection.__init__() missing 1 required positional argument: 'id'
2026-09-22 10:49:38 [ERROR   ] sdr_monitor.web_backend (main.py:216): Detection flush error: Detection.__init__() missing 1 required positional argument: 'id'
2026-09-22 10:49:38 [ERROR   ] sdr_monitor.web_backend (main.py:216): Detection flush error: Detection.__init__() missing 1 required positional argument: 'id'
2026-09-22 10:49:39 [ERROR   ] sdr_monitor.web_backend (main.py:216): Detection flush error: Detection.__init__() missing 1 required positional argument: 'id'
2026-09-22 10:49:39 [ERROR   ] sdr_monitor.web_backend (main.py:216): Detection flush error: Detection.__init__() missing 1 required positional argument: 'id'
2026-09-22 10:49:40 [ERROR   ] sdr_monitor.web_backend (main.py:216): Detection flush error: Detection.__init__() missing 1 required positional argument: 'id'
2026-09-22 10:49:40 [ERROR   ] sdr_monitor.web_backend (main.py:216): Detection flush error: Detection.__init__() missing 1 required positional argument: 'id'
2026-09-22 10:49:41 [ERROR   ] sdr_monitor.web_backend (main.py:216): Detection flush error: Detection.__init__() missing 1 required positional argument: 'id'
2026-09-22 10:49:41 [ERROR   ] sdr_monitor.web_backend (main.py:216): Detection flush error: Detection.__init__() missing 1 required positional argument: 'id'
2026-09-22 10:49:42 [ERROR   ] sdr_monitor.web_backend (main.py:216): Detection flush error: Detection.__init__() missing 1 required positional argument: 'id'
2026-09-22 10:49:43 [ERROR   ] sdr_monitor.web_backend (main.py:216): Detection flush error: Detection.__init__() missing 1 required positional argument: 'id'
2026-09-22 10:49:43 [ERROR   ] sdr_monitor.web_backend (main.py:216): Detection flush error: Detection.__init__() missing 1 required positional argument: 'id'
2026-09-22 10:49:44 [ERROR   ] sdr_monitor.web_backend (main.py:216): Detection flush error: Detection.__init__() missing 1 required positional argument: 'id'
2026-09-22 10:49:44 [ERROR   ] sdr_monitor.web_backend (main.py:216): Detection flush error: Detection.__init__() missing 1 required positional argument: 'id'
2026-09-22 10:49:45 [ERROR   ] sdr_monitor.web_backend (main.py:216): Detection flush error: Detection.__init__() missing 1 required positional argument: 'id'
2026-09-22 10:49:45 [ERROR   ] sdr_monitor.web_backend (main.py:216): Detection flush error: Detection.__init__() missing 1 required positional argument: 'id'
2026-09-22 10:49:46 [ERROR   ] sdr_monitor.web_backend (main.py:216): Detection flush error: Detection.__init__() missing 1 required positional argument: 'id'
2026-09-22 10:49:46 [ERROR   ] sdr_monitor.web_backend (main.py:216): Detection flush error: Detection.__init__() missing 1 required positional argument: 'id'
2026-09-22 10:49:47 [ERROR   ] sdr_monitor.web_backend (main.py:216): Detection flush error: Detection.__init__() missing 1 required positional argument: 'id'
2026-09-22 10:49:47 [ERROR   ] sdr_monitor.web_backend (main.py:216): Detection flush error: Detection.__init__() missing 1 required positional argument: 'id'
2026-09-22 10:49:48 [ERROR   ] sdr_monitor.web_backend (main.py:216): Detection flush error: Detection.__init__() missing 1 required positional argument: 'id'
2026-09-22 10:49:48 [ERROR   ] sdr_monitor.web_backend (main.py:216): Detection flush error: Detection.__init__() missing 1 required positional argument: 'id'
2026-09-22 10:49:49 [ERROR   ] sdr_monitor.web_backend (main.py:216): Detection flush error: Detection.__init__() missing 1 required positional argument: 'id'
2026-09-22 10:49:49 [ERROR   ] sdr_monitor.web_backend (main.py:216): Detection flush error: Detection.__init__() missing 1 required positional argument: 'id'
2026-09-22 10:49:50 [ERROR   ] sdr_monitor.web_backend (main.py:216): Detection flush error: Detection.__init__() missing 1 required positional argument: 'id'
2026-09-22 10:49:51 [ERROR   ] sdr_monitor.web_backend (main.py:216): Detection flush error: Detection.__init__() missing 1 required positional argument: 'id'
2026-09-22 10:49:52 [ERROR   ] sdr_monitor.web_backend (main.py:216): Detection flush error: Detection.__init__() missing 1 required positional argument: 'id'
2026-09-22 10:49:52 [ERROR   ] sdr_monitor.web_backend (main.py:216): Detection flush error: Detection.__init__() missing 1 required positional argument: 'id'
2026-09-22 10:49:53 [ERROR   ] sdr_monitor.web_backend (main.py:216): Detection flush error: Detection.__init__() missing 1 required positional argument: 'id'
2026-09-22 10:49:53 [ERROR   ] sdr_monitor.web_backend (main.py:216): Detection flush error: Detection.__init__() missing 1 required positional argument: 'id'
2026-09-22 10:49:54 [ERROR   ] sdr_monitor.web_backend (main.py:216): Detection flush error: Detection.__init__() missing 1 required positional argument: 'id'
2026-09-22 10:49:54 [ERROR   ] sdr_monitor.web_backend (main.py:216): Detection flush error: Detection.__init__() missing 1 required positional argument: 'id'
2026-09-22 10:49:55 [ERROR   ] sdr_monitor.web_backend (main.py:216): Detection flush error: Detection.__init__() missing 1 required positional argument: 'id'
2026-09-22 10:49:55 [ERROR   ] sdr_monitor.web_backend (main.py:216): Detection flush error: Detection.__init__() missing 1 required positional argument: 'id'
2026-09-22 10:49:56 [ERROR   ] sdr_monitor.web_backend (main.py:216): Detection flush error: Detection.__init__() missing 1 required positional argument: 'id'
2026-09-22 10:49:56 [ERROR   ] sdr_monitor.web_backend (main.py:216): Detection flush error: Detection.__init__() missing 1 required positional argument: 'id'
2026-09-22 10:49:57 [ERROR   ] sdr_monitor.web_backend (main.py:216): Detection flush error: Detection.__init__() missing 1 required positional argument: 'id'
2026-09-22 10:49:57 [ERROR   ] sdr_monitor.web_backend (main.py:216): Detection flush error: Detection.__init__() missing 1 required positional argument: 'id'
2026-09-22 10:49:58 [ERROR   ] sdr_monitor.web_backend (main.py:216): Detection flush error: Detection.__init__() missing 1 required positional argument: 'id'
2026-09-22 10:49:58 [ERROR   ] sdr_monitor.web_backend (main.py:216): Detection flush error: Detection.__init__() missing 1 required positional argument: 'id'
2026-09-22 10:49:59 [ERROR   ] sdr_monitor.web_backend (main.py:216): Detection flush error: Detection.__init__() missing 1 required positional argument: 'id'
2026-09-22 10:49:59 [ERROR   ] sdr_monitor.web_backend (main.py:216): Detection flush error: Detection.__init__() missing 1 required positional argument: 'id'
2026-09-22 10:50:00 [ERROR   ] sdr_monitor.web_backend (main.py:216): Detection flush error: Detection.__init__() missing 1 required positional argument: 'id'
2026-09-22 10:50:00 [ERROR   ] sdr_monitor.web_backend (main.py:216): Detection flush error: Detection.__init__() missing 1 required positional argument: 'id'
2026-09-22 10:50:01 [ERROR   ] sdr_monitor.web_backend (main.py:216): Detection flush error: Detection.__init__() missing 1 required positional argument: 'id'
2026-09-22 10:50:01 [ERROR   ] sdr_monitor.web_backend (main.py:216): Detection flush error: Detection.__init__() missing 1 required positional argument: 'id'
2026-09-22 10:50:02 [ERROR   ] sdr_monitor.web_backend (main.py:216): Detection flush error: Detection.__init__() missing 1 required positional argument: 'id'
2026-09-22 10:50:02 [ERROR   ] sdr_monitor.web_backend (main.py:216): Detection flush error: Detection.__init__() missing 1 required positional argument: 'id'
2026-09-22 10:50:03 [ERROR   ] sdr_monitor.web_backend (main.py:216): Detection flush error: Detection.__init__() missing 1 required positional argument: 'id'
2026-09-22 10:50:04 [ERROR   ] sdr_monitor.web_backend (main.py:216): Detection flush error: Detection.__init__() missing 1 required positional argument: 'id'
2026-09-22 10:50:04 [ERROR   ] sdr_monitor.web_backend (main.py:216): Detection flush error: Detection.__init__() missing 1 required positional argument: 'id'
2026-09-22 10:50:05 [ERROR   ] sdr_monitor.web_backend (main.py:216): Detection flush error: Detection.__init__() missing 1 required positional argument: 'id'
2026-09-22 10:50:05 [ERROR   ] sdr_monitor.web_backend (main.py:216): Detection flush error: Detection.__init__() missing 1 required positional argument: 'id'
2026-09-22 10:50:06 [ERROR   ] sdr_monitor.web_backend (main.py:216): Detection flush error: Detection.__init__() missing 1 required positional argument: 'id'
2026-09-22 10:50:06 [ERROR   ] sdr_monitor.web_backend (main.py:216): Detection flush error: Detection.__init__() missing 1 required positional argument: 'id'
2026-09-22 10:50:07 [ERROR   ] sdr_monitor.web_backend (main.py:216): Detection flush error: Detection.__init__() missing 1 required positional argument: 'id'
2026-09-22 10:50:07 [ERROR   ] sdr_monitor.web_backend (main.py:216): Detection flush error: Detection.__init__() missing 1 required positional argument: 'id'
2026-09-22 10:50:08 [ERROR   ] sdr_monitor.web_backend (main.py:216): Detection flush error: Detection.__init__() missing 1 required positional argument: 'id'
2026-09-22 10:50:08 [ERROR   ] sdr_monitor.web_backend (main.py:216): Detection flush error: Detection.__init__() missing 1 required positional argument: 'id'
2026-09-22 10:50:09 [ERROR   ] sdr_monitor.web_backend (main.py:216): Detection flush error: Detection.__init__() missing 1 required positional argument: 'id'
2026-09-22 10:50:09 [ERROR   ] sdr_monitor.web_backend (main.py:216): Detection flush error: Detection.__init__() missing 1 required positional argument: 'id'
2026-09-22 10:50:10 [ERROR   ] sdr_monitor.web_backend (main.py:216): Detection flush error: Detection.__init__() missing 1 required positional argument: 'id'
2026-09-22 10:50:10 [ERROR   ] sdr_monitor.web_backend (main.py:216): Detection flush error: Detection.__init__() missing 1 required positional argument: 'id'
2026-09-22 10:50:11 [ERROR   ] sdr_monitor.web_backend (main.py:216): Detection flush error: Detection.__init__() missing 1 required positional argument: 'id'
2026-09-22 10:50:11 [ERROR   ] sdr_monitor.web_backend (main.py:216): Detection flush error: Detection.__init__() missing 1 required positional argument: 'id'
2026-09-22 10:50:12 [ERROR   ] sdr_monitor.web_backend (main.py:216): Detection flush error: Detection.__init__() missing 1 required positional argument: 'id'
2026-09-22 10:50:12 [ERROR   ] sdr_monitor.web_backend (main.py:216): Detection flush error: Detection.__init__() missing 1 required positional argument: 'id'
2026-09-22 10:50:13 [ERROR   ] sdr_monitor.web_backend (main.py:216): Detection flush error: Detection.__init__() missing 1 required positional argument: 'id'
2026-09-22 10:50:13 [ERROR   ] sdr_monitor.web_backend (main.py:216): Detection flush error: Detection.__init__() missing 1 required positional argument: 'id'
2026-09-22 10:50:14 [ERROR   ] sdr_monitor.web_backend (main.py:216): Detection flush error: Detection.__init__() missing 1 required positional argument: 'id'
2026-09-22 10:50:14 [ERROR   ] sdr_monitor.web_backend (main.py:216): Detection flush error: Detection.__init__() missing 1 required positional argument: 'id'
2026-09-22 10:50:15 [ERROR   ] sdr_monitor.web_backend (main.py:216): Detection flush error: Detection.__init__() missing 1 required positional argument: 'id'
2026-09-22 10:50:15 [ERROR   ] sdr_monitor.web_backend (main.py:216): Detection flush error: Detection.__init__() missing 1 required positional argument: 'id'
2026-09-22 10:50:16 [ERROR   ] sdr_monitor.web_backend (main.py:216): Detection flush error: Detection.__init__() missing 1 required positional argument: 'id'
2026-09-22 10:50:16 [ERROR   ] sdr_monitor.web_backend (main.py:216): Detection flush error: Detection.__init__() missing 1 required positional argument: 'id'
2026-09-22 10:50:17 [ERROR   ] sdr_monitor.web_backend (main.py:216): Detection flush error: Detection.__init__() missing 1 required positional argument: 'id'
2026-09-22 10:50:17 [ERROR   ] sdr_monitor.web_backend (main.py:216): Detection flush error: Detection.__init__() missing 1 required positional argument: 'id'
2026-09-22 10:50:18 [ERROR   ] sdr_monitor.web_backend (main.py:216): Detection flush error: Detection.__init__() missing 1 required positional argument: 'id'
2026-09-22 10:50:18 [ERROR   ] sdr_monitor.web_backend (main.py:216): Detection flush error: Detection.__init__() missing 1 required positional argument: 'id'
2026-09-22 10:50:19 [ERROR   ] sdr_monitor.web_backend (main.py:216): Detection flush error: Detection.__init__() missing 1 required positional argument: 'id'
2026-09-22 10:50:19 [ERROR   ] sdr_monitor.web_backend (main.py:216): Detection flush error: Detection.__init__() missing 1 required positional argument: 'id'
2026-09-22 10:50:20 [ERROR   ] sdr_monitor.web_backend (main.py:216): Detection flush error: Detection.__init__() missing 1 required positional argument: 'id'
2026-09-22 10:50:20 [ERROR   ] sdr_monitor.web_backend (main.py:216): Detection flush error: Detection.__init__() missing 1 required positional argument: 'id'
2026-09-22 10:50:21 [ERROR   ] sdr_monitor.web_backend (main.py:216): Detection flush error: Detection.__init__() missing 1 required positional argument: 'id'
2026-09-22 10:50:21 [ERROR   ] sdr_monitor.web_backend (main.py:216): Detection flush error: Detection.__init__() missing 1 required positional argument: 'id'
2026-09-22 10:50:22 [ERROR   ] sdr_monitor.web_backend (main.py:216): Detection flush error: Detection.__init__() missing 1 required positional argument: 'id'
2026-09-22 10:50:22 [ERROR   ] sdr_monitor.web_backend (main.py:216): Detection flush error: Detection.__init__() missing 1 required positional argument: 'id'
2026-09-22 10:50:23 [ERROR   ] sdr_monitor.web_backend (main.py:216): Detection flush error: Detection.__init__() missing 1 required positional argument: 'id'
2026-09-22 10:50:23 [ERROR   ] sdr_monitor.web_backend (main.py:216): Detection flush error: Detection.__init__() missing 1 required positional argument: 'id'
2026-09-22 10:50:24 [ERROR   ] sdr_monitor.web_backend (main.py:216): Detection flush error: Detection.__init__() missing 1 required positional argument: 'id'
2026-09-22 10:50:25 [ERROR   ] sdr_monitor.web_backend (main.py:216): Detection flush error: Detection.__init__() missing 1 required positional argument: 'id'
2026-09-22 10:50:25 [ERROR   ] sdr_monitor.web_backend (main.py:216): Detection flush error: Detection.__init__() missing 1 required positional argument: 'id'
2026-09-22 10:50:26 [ERROR   ] sdr_monitor.web_backend (main.py:216): Detection flush error: Detection.__init__() missing 1 required positional argument: 'id'
2026-09-22 10:50:26 [ERROR   ] sdr_monitor.web_backend (main.py:216): Detection flush error: Detection.__init__() missing 1 required positional argument: 'id'
2026-09-22 10:50:27 [ERROR   ] sdr_monitor.web_backend (main.py:216): Detection flush error: Detection.__init__() missing 1 required positional argument: 'id'
2026-09-22 10:50:27 [ERROR   ] sdr_monitor.web_backend (main.py:216): Detection flush error: Detection.__init__() missing 1 required positional argument: 'id'
2026-09-22 10:50:28 [ERROR   ] sdr_monitor.web_backend (main.py:216): Detection flush error: Detection.__init__() missing 1 required positional argument: 'id'
2026-09-22 10:50:28 [ERROR   ] sdr_monitor.web_backend (main.py:216): Detection flush error: Detection.__init__() missing 1 required positional argument: 'id'
2026-09-22 10:50:29 [ERROR   ] sdr_monitor.web_backend (main.py:216): Detection flush error: Detection.__init__() missing 1 required positional argument: 'id'
2026-09-22 10:50:29 [ERROR   ] sdr_monitor.web_backend (main.py:216): Detection flush error: Detection.__init__() missing 1 required positional argument: 'id'
2026-09-22 10:50:30 [ERROR   ] sdr_monitor.web_backend (main.py:216): Detection flush error: Detection.__init__() missing 1 required positional argument: 'id'
2026-09-22 10:50:30 [ERROR   ] sdr_monitor.web_backend (main.py:216): Detection flush error: Detection.__init__() missing 1 required positional argument: 'id'
2026-09-22 10:50:31 [ERROR   ] sdr_monitor.web_backend (main.py:216): Detection flush error: Detection.__init__() missing 1 required positional argument: 'id'
2026-09-22 10:50:31 [ERROR   ] sdr_monitor.web_backend (main.py:216): Detection flush error: Detection.__init__() missing 1 required positional argument: 'id'
2026-09-22 10:50:32 [ERROR   ] sdr_monitor.web_backend (main.py:216): Detection flush error: Detection.__init__() missing 1 required positional argument: 'id'
2026-09-22 10:50:32 [ERROR   ] sdr_monitor.web_backend (main.py:216): Detection flush error: Detection.__init__() missing 1 required positional argument: 'id'
2026-09-22 10:50:33 [ERROR   ] sdr_monitor.web_backend (main.py:216): Detection flush error: Detection.__init__() missing 1 required positional argument: 'id'
2026-09-22 10:50:33 [ERROR   ] sdr_monitor.web_backend (main.py:216): Detection flush error: Detection.__init__() missing 1 required positional argument: 'id'
2026-09-22 10:50:34 [ERROR   ] sdr_monitor.web_backend (main.py:216): Detection flush error: Detection.__init__() missing 1 required positional argument: 'id'
2026-09-22 10:50:34 [ERROR   ] sdr_monitor.web_backend (main.py:216): Detection flush error: Detection.__init__() missing 1 required positional argument: 'id'
2026-09-22 10:50:35 [ERROR   ] sdr_monitor.web_backend (main.py:216): Detection flush error: Detection.__init__() missing 1 required positional argument: 'id'
2026-09-22 10:50:35 [ERROR   ] sdr_monitor.web_backend (main.py:216): Detection flush error: Detection.__init__() missing 1 required positional argument: 'id'
2026-09-22 10:50:36 [ERROR   ] sdr_monitor.web_backend (main.py:216): Detection flush error: Detection.__init__() missing 1 required positional argument: 'id'
2026-09-22 10:50:36 [ERROR   ] sdr_monitor.web_backend (main.py:216): Detection flush error: Detection.__init__() missing 1 required positional argument: 'id'
2026-09-22 10:50:37 [ERROR   ] sdr_monitor.web_backend (main.py:216): Detection flush error: Detection.__init__() missing 1 required positional argument: 'id'
2026-09-22 10:50:37 [ERROR   ] sdr_monitor.web_backend (main.py:216): Detection flush error: Detection.__init__() missing 1 required positional argument: 'id'
2026-09-22 10:50:38 [ERROR   ] sdr_monitor.web_backend (main.py:216): Detection flush error: Detection.__init__() missing 1 required positional argument: 'id'
2026-09-22 10:50:39 [ERROR   ] sdr_monitor.web_backend (main.py:216): Detection flush error: Detection.__init__() missing 1 required positional argument: 'id'
2026-09-22 10:50:39 [ERROR   ] sdr_monitor.web_backend (main.py:216): Detection flush error: Detection.__init__() missing 1 required positional argument: 'id'
2026-09-22 10:50:40 [ERROR   ] sdr_monitor.web_backend (main.py:216): Detection flush error: Detection.__init__() missing 1 required positional argument: 'id'
2026-09-22 10:50:40 [ERROR   ] sdr_monitor.web_backend (main.py:216): Detection flush error: Detection.__init__() missing 1 required positional argument: 'id'
2026-09-22 10:50:41 [ERROR   ] sdr_monitor.web_backend (main.py:216): Detection flush error: Detection.__init__() missing 1 required positional argument: 'id'
2026-09-22 10:50:41 [ERROR   ] sdr_monitor.web_backend (main.py:216): Detection flush error: Detection.__init__() missing 1 required positional argument: 'id'
2026-09-22 10:50:42 [ERROR   ] sdr_monitor.web_backend (main.py:216): Detection flush error: Detection.__init__() missing 1 required positional argument: 'id'
2026-09-22 10:50:42 [ERROR   ] sdr_monitor.web_backend (main.py:216): Detection flush error: Detection.__init__() missing 1 required positional argument: 'id'
2026-09-22 10:50:43 [ERROR   ] sdr_monitor.web_backend (main.py:216): Detection flush error: Detection.__init__() missing 1 required positional argument: 'id'
2026-09-22 10:50:43 [ERROR   ] sdr_monitor.web_backend (main.py:216): Detection flush error: Detection.__init__() missing 1 required positional argument: 'id'
2026-09-22 10:50:44 [ERROR   ] sdr_monitor.web_backend (main.py:216): Detection flush error: Detection.__init__() missing 1 required positional argument: 'id'
2026-09-22 10:50:44 [ERROR   ] sdr_monitor.web_backend (main.py:216): Detection flush error: Detection.__init__() missing 1 required positional argument: 'id'
2026-09-22 10:50:45 [ERROR   ] sdr_monitor.web_backend (main.py:216): Detection flush error: Detection.__init__() missing 1 required positional argument: 'id'
2026-09-22 10:50:45 [ERROR   ] sdr_monitor.web_backend (main.py:216): Detection flush error: Detection.__init__() missing 1 required positional argument: 'id'
2026-09-22 10:50:46 [ERROR   ] sdr_monitor.web_backend (main.py:216): Detection flush error: Detection.__init__() missing 1 required positional argument: 'id'
2026-09-22 10:50:46 [ERROR   ] sdr_monitor.web_backend (main.py:216): Detection flush error: Detection.__init__() missing 1 required positional argument: 'id'
2026-09-22 10:50:47 [ERROR   ] sdr_monitor.web_backend (main.py:216): Detection flush error: Detection.__init__() missing 1 required positional argument: 'id'
2026-09-22 10:50:47 [ERROR   ] sdr_monitor.web_backend (main.py:216): Detection flush error: Detection.__init__() missing 1 required positional argument: 'id'
2026-09-22 10:50:48 [ERROR   ] sdr_monitor.web_backend (main.py:216): Detection flush error: Detection.__init__() missing 1 required positional argument: 'id'
2026-09-22 10:50:48 [ERROR   ] sdr_monitor.web_backend (main.py:216): Detection flush error: Detection.__init__() missing 1 required positional argument: 'id'
2026-09-22 10:50:49 [ERROR   ] sdr_monitor.web_backend (main.py:216): Detection flush error: Detection.__init__() missing 1 required positional argument: 'id'
2026-09-22 10:50:49 [ERROR   ] sdr_monitor.web_backend (main.py:216): Detection flush error: Detection.__init__() missing 1 required positional argument: 'id'
2026-09-22 10:50:50 [ERROR   ] sdr_monitor.web_backend (main.py:216): Detection flush error: Detection.__init__() missing 1 required positional argument: 'id'
2026-09-22 10:50:50 [ERROR   ] sdr_monitor.web_backend (main.py:216): Detection flush error: Detection.__init__() missing 1 required positional argument: 'id'
2026-09-22 10:50:51 [ERROR   ] sdr_monitor.web_backend (main.py:216): Detection flush error: Detection.__init__() missing 1 required positional argument: 'id'
2026-09-22 10:50:51 [ERROR   ] sdr_monitor.web_backend (main.py:216): Detection flush error: Detection.__init__() missing 1 required positional argument: 'id'
2026-09-22 10:50:52 [ERROR   ] sdr_monitor.web_backend (main.py:216): Detection flush error: Detection.__init__() missing 1 required positional argument: 'id'
2026-09-22 10:50:52 [ERROR   ] sdr_monitor.web_backend (main.py:216): Detection flush error: Detection.__init__() missing 1 required positional argument: 'id'
2026-09-22 10:50:53 [ERROR   ] sdr_monitor.web_backend (main.py:216): Detection flush error: Detection.__init__() missing 1 required positional argument: 'id'
2026-09-22 10:50:53 [ERROR   ] sdr_monitor.web_backend (main.py:216): Detection flush error: Detection.__init__() missing 1 required positional argument: 'id'
2026-09-22 10:50:54 [ERROR   ] sdr_monitor.web_backend (main.py:216): Detection flush error: Detection.__init__() missing 1 required positional argument: 'id'
2026-09-22 10:50:54 [ERROR   ] sdr_monitor.web_backend (main.py:216): Detection flush error: Detection.__init__() missing 1 required positional argument: 'id'
2026-09-22 10:50:55 [ERROR   ] sdr_monitor.web_backend (main.py:216): Detection flush error: Detection.__init__() missing 1 required positional argument: 'id'
2026-09-22 10:50:55 [ERROR   ] sdr_monitor.web_backend (main.py:216): Detection flush error: Detection.__init__() missing 1 required positional argument: 'id'
2026-09-22 10:50:56 [ERROR   ] sdr_monitor.web_backend (main.py:216): Detection flush error: Detection.__init__() missing 1 required positional argument: 'id'
2026-09-22 10:50:56 [ERROR   ] sdr_monitor.web_backend (main.py:216): Detection flush error: Detection.__init__() missing 1 required positional argument: 'id'
2026-09-22 10:50:57 [ERROR   ] sdr_monitor.web_backend (main.py:216): Detection flush error: Detection.__init__() missing 1 required positional argument: 'id'
2026-09-22 10:50:57 [ERROR   ] sdr_monitor.web_backend (main.py:216): Detection flush error: Detection.__init__() missing 1 required positional argument: 'id'
2026-09-22 10:50:58 [ERROR   ] sdr_monitor.web_backend (main.py:216): Detection flush error: Detection.__init__() missing 1 required positional argument: 'id'
2026-09-22 10:50:59 [ERROR   ] sdr_monitor.web_backend (main.py:216): Detection flush error: Detection.__init__() missing 1 required positional argument: 'id'
2026-09-22 10:50:59 [ERROR   ] sdr_monitor.web_backend (main.py:216): Detection flush error: Detection.__init__() missing 1 required positional argument: 'id'
2026-09-22 10:51:00 [ERROR   ] sdr_monitor.web_backend (main.py:216): Detection flush error: Detection.__init__() missing 1 required positional argument: 'id'
2026-09-22 10:51:00 [ERROR   ] sdr_monitor.web_backend (main.py:216): Detection flush error: Detection.__init__() missing 1 required positional argument: 'id'
2026-09-22 10:51:01 [ERROR   ] sdr_monitor.web_backend (main.py:216): Detection flush error: Detection.__init__() missing 1 required positional argument: 'id'
2026-09-22 10:51:01 [ERROR   ] sdr_monitor.web_backend (main.py:216): Detection flush error: Detection.__init__() missing 1 required positional argument: 'id'
2026-09-22 10:51:02 [ERROR   ] sdr_monitor.web_backend (main.py:216): Detection flush error: Detection.__init__() missing 1 required positional argument: 'id'
2026-09-22 10:51:02 [ERROR   ] sdr_monitor.web_backend (main.py:216): Detection flush error: Detection.__init__() missing 1 required positional argument: 'id'
2026-09-22 10:51:03 [ERROR   ] sdr_monitor.web_backend (main.py:216): Detection flush error: Detection.__init__() missing 1 required positional argument: 'id'
2026-09-22 10:51:03 [ERROR   ] sdr_monitor.web_backend (main.py:216): Detection flush error: Detection.__init__() missing 1 required positional argument: 'id'
2026-09-22 10:51:04 [ERROR   ] sdr_monitor.web_backend (main.py:216): Detection flush error: Detection.__init__() missing 1 required positional argument: 'id'
2026-09-22 10:51:04 [ERROR   ] sdr_monitor.web_backend (main.py:216): Detection flush error: Detection.__init__() missing 1 required positional argument: 'id'
2026-09-22 10:51:05 [ERROR   ] sdr_monitor.web_backend (main.py:216): Detection flush error: Detection.__init__() missing 1 required positional argument: 'id'
2026-09-22 10:51:05 [ERROR   ] sdr_monitor.web_backend (main.py:216): Detection flush error: Detection.__init__() missing 1 required positional argument: 'id'
2026-09-22 10:51:06 [ERROR   ] sdr_monitor.web_backend (main.py:216): Detection flush error: Detection.__init__() missing 1 required positional argument: 'id'
2026-09-22 10:51:06 [ERROR   ] sdr_monitor.web_backend (main.py:216): Detection flush error: Detection.__init__() missing 1 required positional argument: 'id'
2026-09-22 10:51:07 [ERROR   ] sdr_monitor.web_backend (main.py:216): Detection flush error: Detection.__init__() missing 1 required positional argument: 'id'
2026-09-22 10:51:07 [ERROR   ] sdr_monitor.web_backend (main.py:216): Detection flush error: Detection.__init__() missing 1 required positional argument: 'id'
2026-09-22 10:51:08 [ERROR   ] sdr_monitor.web_backend (main.py:216): Detection flush error: Detection.__init__() missing 1 required positional argument: 'id'
2026-09-22 10:51:09 [ERROR   ] sdr_monitor.web_backend (main.py:216): Detection flush error: Detection.__init__() missing 1 required positional argument: 'id'
2026-09-22 10:51:09 [ERROR   ] sdr_monitor.web_backend (main.py:216): Detection flush error: Detection.__init__() missing 1 required positional argument: 'id'
2026-09-22 10:51:10 [ERROR   ] sdr_monitor.web_backend (main.py:216): Detection flush error: Detection.__init__() missing 1 required positional argument: 'id'
2026-09-22 10:51:11 [ERROR   ] sdr_monitor.web_backend (main.py:216): Detection flush error: Detection.__init__() missing 1 required positional argument: 'id'
2026-09-22 10:51:11 [ERROR   ] sdr_monitor.web_backend (main.py:216): Detection flush error: Detection.__init__() missing 1 required positional argument: 'id'
2026-09-22 10:51:12 [ERROR   ] sdr_monitor.web_backend (main.py:216): Detection flush error: Detection.__init__() missing 1 required positional argument: 'id'
2026-09-22 10:51:12 [ERROR   ] sdr_monitor.web_backend (main.py:216): Detection flush error: Detection.__init__() missing 1 required positional argument: 'id'
2026-09-22 10:51:13 [ERROR   ] sdr_monitor.web_backend (main.py:216): Detection flush error: Detection.__init__() missing 1 required positional argument: 'id'
2026-09-22 10:51:13 [ERROR   ] sdr_monitor.web_backend (main.py:216): Detection flush error: Detection.__init__() missing 1 required positional argument: 'id'
2026-09-22 10:51:14 [ERROR   ] sdr_monitor.web_backend (main.py:216): Detection flush error: Detection.__init__() missing 1 required positional argument: 'id'
2026-09-22 10:51:15 [ERROR   ] sdr_monitor.web_backend (main.py:216): Detection flush error: Detection.__init__() missing 1 required positional argument: 'id'
2026-09-22 10:51:15 [ERROR   ] sdr_monitor.web_backend (main.py:216): Detection flush error: Detection.__init__() missing 1 required positional argument: 'id'
2026-09-22 10:51:16 [ERROR   ] sdr_monitor.web_backend (main.py:216): Detection flush error: Detection.__init__() missing 1 required positional argument: 'id'
2026-09-22 10:51:17 [ERROR   ] sdr_monitor.web_backend (main.py:216): Detection flush error: Detection.__init__() missing 1 required positional argument: 'id'
2026-09-22 10:51:18 [ERROR   ] sdr_monitor.web_backend (main.py:216): Detection flush error: Detection.__init__() missing 1 required positional argument: 'id'
2026-09-22 10:51:18 [ERROR   ] sdr_monitor.web_backend (main.py:216): Detection flush error: Detection.__init__() missing 1 required positional argument: 'id'
2026-09-22 10:51:19 [ERROR   ] sdr_monitor.web_backend (main.py:216): Detection flush error: Detection.__init__() missing 1 required positional argument: 'id'
2026-09-22 10:51:20 [ERROR   ] sdr_monitor.web_backend (main.py:216): Detection flush error: Detection.__init__() missing 1 required positional argument: 'id'
2026-09-22 10:51:20 [ERROR   ] sdr_monitor.web_backend (main.py:216): Detection flush error: Detection.__init__() missing 1 required positional argument: 'id'
2026-09-22 10:51:21 [ERROR   ] sdr_monitor.web_backend (main.py:216): Detection flush error: Detection.__init__() missing 1 required positional argument: 'id'
2026-09-22 10:51:21 [ERROR   ] sdr_monitor.web_backend (main.py:216): Detection flush error: Detection.__init__() missing 1 required positional argument: 'id'
2026-09-22 10:51:22 [ERROR   ] sdr_monitor.web_backend (main.py:216): Detection flush error: Detection.__init__() missing 1 required positional argument: 'id'
2026-09-22 10:51:23 [ERROR   ] sdr_monitor.web_backend (main.py:216): Detection flush error: Detection.__init__() missing 1 required positional argument: 'id'
2026-09-22 10:51:23 [ERROR   ] sdr_monitor.web_backend (main.py:216): Detection flush error: Detection.__init__() missing 1 required positional argument: 'id'
2026-09-22 10:51:24 [ERROR   ] sdr_monitor.web_backend (main.py:216): Detection flush error: Detection.__init__() missing 1 required positional argument: 'id'
2026-09-22 10:51:24 [ERROR   ] sdr_monitor.web_backend (main.py:216): Detection flush error: Detection.__init__() missing 1 required positional argument: 'id'
2026-09-22 10:51:25 [ERROR   ] sdr_monitor.web_backend (main.py:216): Detection flush error: Detection.__init__() missing 1 required positional argument: 'id'
2026-09-22 10:51:25 [ERROR   ] sdr_monitor.web_backend (main.py:216): Detection flush error: Detection.__init__() missing 1 required positional argument: 'id'
2026-09-22 10:51:26 [ERROR   ] sdr_monitor.web_backend (main.py:216): Detection flush error: Detection.__init__() missing 1 required positional argument: 'id'
2026-09-22 10:51:26 [ERROR   ] sdr_monitor.web_backend (main.py:216): Detection flush error: Detection.__init__() missing 1 required positional argument: 'id'
2026-09-22 10:51:27 [ERROR   ] sdr_monitor.web_backend (main.py:216): Detection flush error: Detection.__init__() missing 1 required positional argument: 'id'
2026-09-22 10:51:28 [ERROR   ] sdr_monitor.web_backend (main.py:216): Detection flush error: Detection.__init__() missing 1 required positional argument: 'id'
2026-09-22 10:51:28 [ERROR   ] sdr_monitor.web_backend (main.py:216): Detection flush error: Detection.__init__() missing 1 required positional argument: 'id'
2026-09-22 10:51:29 [ERROR   ] sdr_monitor.web_backend (main.py:216): Detection flush error: Detection.__init__() missing 1 required positional argument: 'id'
2026-09-22 10:51:30 [ERROR   ] sdr_monitor.web_backend (main.py:216): Detection flush error: Detection.__init__() missing 1 required positional argument: 'id'
2026-09-22 10:51:30 [ERROR   ] sdr_monitor.web_backend (main.py:216): Detection flush error: Detection.__init__() missing 1 required positional argument: 'id'
2026-09-22 10:51:31 [ERROR   ] sdr_monitor.web_backend (main.py:216): Detection flush error: Detection.__init__() missing 1 required positional argument: 'id'
2026-09-22 10:51:31 [ERROR   ] sdr_monitor.web_backend (main.py:216): Detection flush error: Detection.__init__() missing 1 required positional argument: 'id'
2026-09-22 10:51:32 [ERROR   ] sdr_monitor.web_backend (main.py:216): Detection flush error: Detection.__init__() missing 1 required positional argument: 'id'
2026-09-22 10:51:32 [ERROR   ] sdr_monitor.web_backend (main.py:216): Detection flush error: Detection.__init__() missing 1 required positional argument: 'id'
2026-09-22 10:51:33 [ERROR   ] sdr_monitor.web_backend (main.py:216): Detection flush error: Detection.__init__() missing 1 required positional argument: 'id'
2026-09-22 10:51:34 [ERROR   ] sdr_monitor.web_backend (main.py:216): Detection flush error: Detection.__init__() missing 1 required positional argument: 'id'
2026-09-22 10:51:34 [ERROR   ] sdr_monitor.web_backend (main.py:216): Detection flush error: Detection.__init__() missing 1 required positional argument: 'id'
2026-09-22 10:51:35 [ERROR   ] sdr_monitor.web_backend (main.py:216): Detection flush error: Detection.__init__() missing 1 required positional argument: 'id'
2026-09-22 10:51:35 [ERROR   ] sdr_monitor.web_backend (main.py:216): Detection flush error: Detection.__init__() missing 1 required positional argument: 'id'
2026-09-22 10:51:36 [ERROR   ] sdr_monitor.web_backend (main.py:216): Detection flush error: Detection.__init__() missing 1 required positional argument: 'id'
2026-09-22 10:51:36 [ERROR   ] sdr_monitor.web_backend (main.py:216): Detection flush error: Detection.__init__() missing 1 required positional argument: 'id'
2026-09-22 10:51:37 [ERROR   ] sdr_monitor.web_backend (main.py:216): Detection flush error: Detection.__init__() missing 1 required positional argument: 'id'
2026-09-22 10:51:37 [ERROR   ] sdr_monitor.web_backend (main.py:216): Detection flush error: Detection.__init__() missing 1 required positional argument: 'id'
2026-09-22 10:51:38 [ERROR   ] sdr_monitor.web_backend (main.py:216): Detection flush error: Detection.__init__() missing 1 required positional argument: 'id'
2026-09-22 10:51:38 [ERROR   ] sdr_monitor.web_backend (main.py:216): Detection flush error: Detection.__init__() missing 1 required positional argument: 'id'
2026-09-22 10:51:39 [ERROR   ] sdr_monitor.web_backend (main.py:216): Detection flush error: Detection.__init__() missing 1 required positional argument: 'id'
2026-09-22 10:51:39 [ERROR   ] sdr_monitor.web_backend (main.py:216): Detection flush error: Detection.__init__() missing 1 required positional argument: 'id'
2026-09-22 10:51:40 [ERROR   ] sdr_monitor.web_backend (main.py:216): Detection flush error: Detection.__init__() missing 1 required positional argument: 'id'
2026-09-22 10:51:41 [ERROR   ] sdr_monitor.web_backend (main.py:216): Detection flush error: Detection.__init__() missing 1 required positional argument: 'id'
2026-09-22 10:51:41 [ERROR   ] sdr_monitor.web_backend (main.py:216): Detection flush error: Detection.__init__() missing 1 required positional argument: 'id'
2026-09-22 10:51:42 [ERROR   ] sdr_monitor.web_backend (main.py:216): Detection flush error: Detection.__init__() missing 1 required positional argument: 'id'
2026-09-22 10:51:42 [ERROR   ] sdr_monitor.web_backend (main.py:216): Detection flush error: Detection.__init__() missing 1 required positional argument: 'id'
2026-09-22 10:51:43 [ERROR   ] sdr_monitor.web_backend (main.py:216): Detection flush error: Detection.__init__() missing 1 required positional argument: 'id'
2026-09-22 10:51:43 [ERROR   ] sdr_monitor.web_backend (main.py:216): Detection flush error: Detection.__init__() missing 1 required positional argument: 'id'
2026-09-22 10:51:44 [ERROR   ] sdr_monitor.web_backend (main.py:216): Detection flush error: Detection.__init__() missing 1 required positional argument: 'id'
2026-09-22 10:51:44 [ERROR   ] sdr_monitor.web_backend (main.py:216): Detection flush error: Detection.__init__() missing 1 required positional argument: 'id'
2026-09-22 10:51:45 [ERROR   ] sdr_monitor.web_backend (main.py:216): Detection flush error: Detection.__init__() missing 1 required positional argument: 'id'
2026-09-22 10:51:45 [ERROR   ] sdr_monitor.web_backend (main.py:216): Detection flush error: Detection.__init__() missing 1 required positional argument: 'id'
2026-09-22 10:51:46 [ERROR   ] sdr_monitor.web_backend (main.py:216): Detection flush error: Detection.__init__() missing 1 required positional argument: 'id'
2026-09-22 10:51:46 [ERROR   ] sdr_monitor.web_backend (main.py:216): Detection flush error: Detection.__init__() missing 1 required positional argument: 'id'
2026-09-22 10:51:47 [ERROR   ] sdr_monitor.web_backend (main.py:216): Detection flush error: Detection.__init__() missing 1 required positional argument: 'id'
2026-09-22 10:51:47 [ERROR   ] sdr_monitor.web_backend (main.py:216): Detection flush error: Detection.__init__() missing 1 required positional argument: 'id'
2026-09-22 10:51:48 [ERROR   ] sdr_monitor.web_backend (main.py:216): Detection flush error: Detection.__init__() missing 1 required positional argument: 'id'
2026-09-22 10:51:48 [ERROR   ] sdr_monitor.web_backend (main.py:216): Detection flush error: Detection.__init__() missing 1 required positional argument: 'id'
2026-09-22 10:51:49 [ERROR   ] sdr_monitor.web_backend (main.py:216): Detection flush error: Detection.__init__() missing 1 required positional argument: 'id'
2026-09-22 10:51:49 [ERROR   ] sdr_monitor.web_backend (main.py:216): Detection flush error: Detection.__init__() missing 1 required positional argument: 'id'
2026-09-22 10:51:50 [ERROR   ] sdr_monitor.web_backend (main.py:216): Detection flush error: Detection.__init__() missing 1 required positional argument: 'id'
2026-09-22 10:51:50 [ERROR   ] sdr_monitor.web_backend (main.py:216): Detection flush error: Detection.__init__() missing 1 required positional argument: 'id'
2026-09-22 10:51:51 [ERROR   ] sdr_monitor.web_backend (main.py:216): Detection flush error: Detection.__init__() missing 1 required positional argument: 'id'
2026-09-22 10:51:51 [ERROR   ] sdr_monitor.web_backend (main.py:216): Detection flush error: Detection.__init__() missing 1 required positional argument: 'id'
2026-09-22 10:51:52 [ERROR   ] sdr_monitor.web_backend (main.py:216): Detection flush error: Detection.__init__() missing 1 required positional argument: 'id'
2026-09-22 10:51:52 [ERROR   ] sdr_monitor.web_backend (main.py:216): Detection flush error: Detection.__init__() missing 1 required positional argument: 'id'
2026-09-22 10:51:53 [ERROR   ] sdr_monitor.web_backend (main.py:216): Detection flush error: Detection.__init__() missing 1 required positional argument: 'id'
2026-09-22 10:51:54 [ERROR   ] sdr_monitor.web_backend (main.py:216): Detection flush error: Detection.__init__() missing 1 required positional argument: 'id'
2026-09-22 10:51:54 [ERROR   ] sdr_monitor.web_backend (main.py:216): Detection flush error: Detection.__init__() missing 1 required positional argument: 'id'
2026-09-22 10:51:55 [ERROR   ] sdr_monitor.web_backend (main.py:216): Detection flush error: Detection.__init__() missing 1 required positional argument: 'id'
2026-09-22 10:51:56 [ERROR   ] sdr_monitor.web_backend (main.py:216): Detection flush error: Detection.__init__() missing 1 required positional argument: 'id'
2026-09-22 10:51:56 [ERROR   ] sdr_monitor.web_backend (main.py:216): Detection flush error: Detection.__init__() missing 1 required positional argument: 'id'
2026-09-22 10:51:57 [ERROR   ] sdr_monitor.web_backend (main.py:216): Detection flush error: Detection.__init__() missing 1 required positional argument: 'id'
2026-09-22 10:51:58 [ERROR   ] sdr_monitor.web_backend (main.py:216): Detection flush error: Detection.__init__() missing 1 required positional argument: 'id'
2026-09-22 10:51:59 [ERROR   ] sdr_monitor.web_backend (main.py:216): Detection flush error: Detection.__init__() missing 1 required positional argument: 'id'
2026-09-22 10:51:59 [ERROR   ] sdr_monitor.web_backend (main.py:216): Detection flush error: Detection.__init__() missing 1 required positional argument: 'id'
2026-09-22 10:52:00 [ERROR   ] sdr_monitor.web_backend (main.py:216): Detection flush error: Detection.__init__() missing 1 required positional argument: 'id'
2026-09-22 10:52:01 [ERROR   ] sdr_monitor.web_backend (main.py:216): Detection flush error: Detection.__init__() missing 1 required positional argument: 'id'
2026-09-22 10:52:01 [ERROR   ] sdr_monitor.web_backend (main.py:216): Detection flush error: Detection.__init__() missing 1 required positional argument: 'id'
2026-09-22 10:52:02 [ERROR   ] sdr_monitor.web_backend (main.py:216): Detection flush error: Detection.__init__() missing 1 required positional argument: 'id'
2026-09-22 10:52:03 [ERROR   ] sdr_monitor.web_backend (main.py:216): Detection flush error: Detection.__init__() missing 1 required positional argument: 'id'
2026-09-22 10:52:03 [ERROR   ] sdr_monitor.web_backend (main.py:216): Detection flush error: Detection.__init__() missing 1 required positional argument: 'id'
2026-09-22 10:52:04 [ERROR   ] sdr_monitor.web_backend (main.py:216): Detection flush error: Detection.__init__() missing 1 required positional argument: 'id'
2026-09-22 10:52:04 [ERROR   ] sdr_monitor.web_backend (main.py:216): Detection flush error: Detection.__init__() missing 1 required positional argument: 'id'
2026-09-22 10:52:05 [ERROR   ] sdr_monitor.web_backend (main.py:216): Detection flush error: Detection.__init__() missing 1 required positional argument: 'id'
2026-09-22 10:52:05 [ERROR   ] sdr_monitor.web_backend (main.py:216): Detection flush error: Detection.__init__() missing 1 required positional argument: 'id'
2026-09-22 10:52:06 [ERROR   ] sdr_monitor.web_backend (main.py:216): Detection flush error: Detection.__init__() missing 1 required positional argument: 'id'
2026-09-22 10:52:06 [ERROR   ] sdr_monitor.web_backend (main.py:216): Detection flush error: Detection.__init__() missing 1 required positional argument: 'id'
2026-09-22 10:52:07 [ERROR   ] sdr_monitor.web_backend (main.py:216): Detection flush error: Detection.__init__() missing 1 required positional argument: 'id'
2026-09-22 10:52:08 [ERROR   ] sdr_monitor.web_backend (main.py:216): Detection flush error: Detection.__init__() missing 1 required positional argument: 'id'
2026-09-22 10:52:08 [ERROR   ] sdr_monitor.web_backend (main.py:216): Detection flush error: Detection.__init__() missing 1 required positional argument: 'id'
2026-09-22 10:52:09 [ERROR   ] sdr_monitor.web_backend (main.py:216): Detection flush error: Detection.__init__() missing 1 required positional argument: 'id'
2026-09-22 10:52:09 [ERROR   ] sdr_monitor.web_backend (main.py:216): Detection flush error: Detection.__init__() missing 1 required positional argument: 'id'
2026-09-22 10:52:10 [ERROR   ] sdr_monitor.web_backend (main.py:216): Detection flush error: Detection.__init__() missing 1 required positional argument: 'id'
2026-09-22 10:52:10 [ERROR   ] sdr_monitor.web_backend (main.py:216): Detection flush error: Detection.__init__() missing 1 required positional argument: 'id'
2026-09-22 10:52:11 [ERROR   ] sdr_monitor.web_backend (main.py:216): Detection flush error: Detection.__init__() missing 1 required positional argument: 'id'
2026-09-22 10:52:11 [ERROR   ] sdr_monitor.web_backend (main.py:216): Detection flush error: Detection.__init__() missing 1 required positional argument: 'id'
2026-09-22 10:52:12 [ERROR   ] sdr_monitor.web_backend (main.py:216): Detection flush error: Detection.__init__() missing 1 required positional argument: 'id'
2026-09-22 10:52:13 [ERROR   ] sdr_monitor.web_backend (main.py:216): Detection flush error: Detection.__init__() missing 1 required positional argument: 'id'
2026-09-22 10:52:13 [ERROR   ] sdr_monitor.web_backend (main.py:216): Detection flush error: Detection.__init__() missing 1 required positional argument: 'id'
2026-09-22 10:52:14 [ERROR   ] sdr_monitor.web_backend (main.py:216): Detection flush error: Detection.__init__() missing 1 required positional argument: 'id'
2026-09-22 10:52:14 [ERROR   ] sdr_monitor.web_backend (main.py:216): Detection flush error: Detection.__init__() missing 1 required positional argument: 'id'
2026-09-22 10:52:15 [ERROR   ] sdr_monitor.web_backend (main.py:216): Detection flush error: Detection.__init__() missing 1 required positional argument: 'id'
2026-09-22 10:52:15 [ERROR   ] sdr_monitor.web_backend (main.py:216): Detection flush error: Detection.__init__() missing 1 required positional argument: 'id'
2026-09-22 10:52:16 [ERROR   ] sdr_monitor.web_backend (main.py:216): Detection flush error: Detection.__init__() missing 1 required positional argument: 'id'
2026-09-22 10:52:16 [ERROR   ] sdr_monitor.web_backend (main.py:216): Detection flush error: Detection.__init__() missing 1 required positional argument: 'id'
2026-09-22 10:52:17 [ERROR   ] sdr_monitor.web_backend (main.py:216): Detection flush error: Detection.__init__() missing 1 required positional argument: 'id'
2026-09-22 10:52:17 [ERROR   ] sdr_monitor.web_backend (main.py:216): Detection flush error: Detection.__init__() missing 1 required positional argument: 'id'
2026-09-22 10:52:18 [ERROR   ] sdr_monitor.web_backend (main.py:216): Detection flush error: Detection.__init__() missing 1 required positional argument: 'id'
2026-09-22 10:52:18 [ERROR   ] sdr_monitor.web_backend (main.py:216): Detection flush error: Detection.__init__() missing 1 required positional argument: 'id'
2026-09-22 10:52:19 [ERROR   ] sdr_monitor.web_backend (main.py:216): Detection flush error: Detection.__init__() missing 1 required positional argument: 'id'
2026-09-22 10:52:19 [ERROR   ] sdr_monitor.web_backend (main.py:216): Detection flush error: Detection.__init__() missing 1 required positional argument: 'id'
2026-09-22 10:52:20 [ERROR   ] sdr_monitor.web_backend (main.py:216): Detection flush error: Detection.__init__() missing 1 required positional argument: 'id'
2026-09-22 10:52:20 [ERROR   ] sdr_monitor.web_backend (main.py:216): Detection flush error: Detection.__init__() missing 1 required positional argument: 'id'
2026-09-22 10:52:21 [ERROR   ] sdr_monitor.web_backend (main.py:216): Detection flush error: Detection.__init__() missing 1 required positional argument: 'id'
2026-09-22 10:52:22 [ERROR   ] sdr_monitor.web_backend (main.py:216): Detection flush error: Detection.__init__() missing 1 required positional argument: 'id'
2026-09-22 10:52:22 [ERROR   ] sdr_monitor.web_backend (main.py:216): Detection flush error: Detection.__init__() missing 1 required positional argument: 'id'
2026-09-22 10:52:23 [ERROR   ] sdr_monitor.web_backend (main.py:216): Detection flush error: Detection.__init__() missing 1 required positional argument: 'id'
2026-09-22 10:52:23 [ERROR   ] sdr_monitor.web_backend (main.py:216): Detection flush error: Detection.__init__() missing 1 required positional argument: 'id'
2026-09-22 10:52:24 [ERROR   ] sdr_monitor.web_backend (main.py:216): Detection flush error: Detection.__init__() missing 1 required positional argument: 'id'
2026-09-22 10:52:24 [ERROR   ] sdr_monitor.web_backend (main.py:216): Detection flush error: Detection.__init__() missing 1 required positional argument: 'id'
2026-09-22 10:52:25 [ERROR   ] sdr_monitor.web_backend (main.py:216): Detection flush error: Detection.__init__() missing 1 required positional argument: 'id'
2026-09-22 10:52:25 [ERROR   ] sdr_monitor.web_backend (main.py:216): Detection flush error: Detection.__init__() missing 1 required positional argument: 'id'
2026-09-22 10:52:26 [ERROR   ] sdr_monitor.web_backend (main.py:216): Detection flush error: Detection.__init__() missing 1 required positional argument: 'id'
2026-09-22 10:52:26 [ERROR   ] sdr_monitor.web_backend (main.py:216): Detection flush error: Detection.__init__() missing 1 required positional argument: 'id'
2026-09-22 10:52:27 [ERROR   ] sdr_monitor.web_backend (main.py:216): Detection flush error: Detection.__init__() missing 1 required positional argument: 'id'
2026-09-22 10:52:27 [ERROR   ] sdr_monitor.web_backend (main.py:216): Detection flush error: Detection.__init__() missing 1 required positional argument: 'id'
2026-09-22 10:52:28 [ERROR   ] sdr_monitor.web_backend (main.py:216): Detection flush error: Detection.__init__() missing 1 required positional argument: 'id'
2026-09-22 10:52:28 [ERROR   ] sdr_monitor.web_backend (main.py:216): Detection flush error: Detection.__init__() missing 1 required positional argument: 'id'
2026-09-22 10:52:29 [ERROR   ] sdr_monitor.web_backend (main.py:216): Detection flush error: Detection.__init__() missing 1 required positional argument: 'id'
2026-09-22 10:52:29 [ERROR   ] sdr_monitor.web_backend (main.py:216): Detection flush error: Detection.__init__() missing 1 required positional argument: 'id'
2026-09-22 10:52:30 [ERROR   ] sdr_monitor.web_backend (main.py:216): Detection flush error: Detection.__init__() missing 1 required positional argument: 'id'
2026-09-22 10:52:30 [ERROR   ] sdr_monitor.web_backend (main.py:216): Detection flush error: Detection.__init__() missing 1 required positional argument: 'id'
2026-09-22 10:52:31 [ERROR   ] sdr_monitor.web_backend (main.py:216): Detection flush error: Detection.__init__() missing 1 required positional argument: 'id'
2026-09-22 10:52:32 [ERROR   ] sdr_monitor.web_backend (main.py:216): Detection flush error: Detection.__init__() missing 1 required positional argument: 'id'
2026-09-22 10:52:32 [ERROR   ] sdr_monitor.web_backend (main.py:216): Detection flush error: Detection.__init__() missing 1 required positional argument: 'id'
2026-09-22 10:52:33 [ERROR   ] sdr_monitor.web_backend (main.py:216): Detection flush error: Detection.__init__() missing 1 required positional argument: 'id'
2026-09-22 10:52:33 [ERROR   ] sdr_monitor.web_backend (main.py:216): Detection flush error: Detection.__init__() missing 1 required positional argument: 'id'
2026-09-22 10:52:34 [ERROR   ] sdr_monitor.web_backend (main.py:216): Detection flush error: Detection.__init__() missing 1 required positional argument: 'id'
2026-09-22 10:52:34 [ERROR   ] sdr_monitor.web_backend (main.py:216): Detection flush error: Detection.__init__() missing 1 required positional argument: 'id'
2026-09-22 10:52:35 [ERROR   ] sdr_monitor.web_backend (main.py:216): Detection flush error: Detection.__init__() missing 1 required positional argument: 'id'
2026-09-22 10:52:35 [ERROR   ] sdr_monitor.web_backend (main.py:216): Detection flush error: Detection.__init__() missing 1 required positional argument: 'id'
2026-09-22 10:52:36 [ERROR   ] sdr_monitor.web_backend (main.py:216): Detection flush error: Detection.__init__() missing 1 required positional argument: 'id'
2026-09-22 10:52:36 [ERROR   ] sdr_monitor.web_backend (main.py:216): Detection flush error: Detection.__init__() missing 1 required positional argument: 'id'
2026-09-22 10:52:37 [ERROR   ] sdr_monitor.web_backend (main.py:216): Detection flush error: Detection.__init__() missing 1 required positional argument: 'id'
2026-09-22 10:52:37 [ERROR   ] sdr_monitor.web_backend (main.py:216): Detection flush error: Detection.__init__() missing 1 required positional argument: 'id'
2026-09-22 10:52:38 [ERROR   ] sdr_monitor.web_backend (main.py:216): Detection flush error: Detection.__init__() missing 1 required positional argument: 'id'
2026-09-22 10:52:39 [ERROR   ] sdr_monitor.web_backend (main.py:216): Detection flush error: Detection.__init__() missing 1 required positional argument: 'id'
2026-09-22 10:52:39 [ERROR   ] sdr_monitor.web_backend (main.py:216): Detection flush error: Detection.__init__() missing 1 required positional argument: 'id'
2026-09-22 10:52:40 [ERROR   ] sdr_monitor.web_backend (main.py:216): Detection flush error: Detection.__init__() missing 1 required positional argument: 'id'
2026-09-22 10:52:40 [ERROR   ] sdr_monitor.web_backend (main.py:216): Detection flush error: Detection.__init__() missing 1 required positional argument: 'id'
2026-09-22 10:52:41 [ERROR   ] sdr_monitor.web_backend (main.py:216): Detection flush error: Detection.__init__() missing 1 required positional argument: 'id'
2026-09-22 10:52:41 [ERROR   ] sdr_monitor.web_backend (main.py:216): Detection flush error: Detection.__init__() missing 1 required positional argument: 'id'
2026-09-22 10:52:42 [ERROR   ] sdr_monitor.web_backend (main.py:216): Detection flush error: Detection.__init__() missing 1 required positional argument: 'id'
2026-09-22 10:52:42 [ERROR   ] sdr_monitor.web_backend (main.py:216): Detection flush error: Detection.__init__() missing 1 required positional argument: 'id'
2026-09-22 10:52:43 [ERROR   ] sdr_monitor.web_backend (main.py:216): Detection flush error: Detection.__init__() missing 1 required positional argument: 'id'
2026-09-22 10:52:43 [ERROR   ] sdr_monitor.web_backend (main.py:216): Detection flush error: Detection.__init__() missing 1 required positional argument: 'id'
2026-09-22 10:52:44 [ERROR   ] sdr_monitor.web_backend (main.py:216): Detection flush error: Detection.__init__() missing 1 required positional argument: 'id'
2026-09-22 10:52:44 [ERROR   ] sdr_monitor.web_backend (main.py:216): Detection flush error: Detection.__init__() missing 1 required positional argument: 'id'
2026-09-22 10:52:45 [ERROR   ] sdr_monitor.web_backend (main.py:216): Detection flush error: Detection.__init__() missing 1 required positional argument: 'id'
2026-09-22 10:52:45 [ERROR   ] sdr_monitor.web_backend (main.py:216): Detection flush error: Detection.__init__() missing 1 required positional argument: 'id'
2026-09-22 10:52:46 [ERROR   ] sdr_monitor.web_backend (main.py:216): Detection flush error: Detection.__init__() missing 1 required positional argument: 'id'
2026-09-22 10:52:46 [ERROR   ] sdr_monitor.web_backend (main.py:216): Detection flush error: Detection.__init__() missing 1 required positional argument: 'id'
2026-09-22 10:52:47 [ERROR   ] sdr_monitor.web_backend (main.py:216): Detection flush error: Detection.__init__() missing 1 required positional argument: 'id'
2026-09-22 10:52:48 [ERROR   ] sdr_monitor.web_backend (main.py:216): Detection flush error: Detection.__init__() missing 1 required positional argument: 'id'
2026-09-22 10:52:48 [ERROR   ] sdr_monitor.web_backend (main.py:216): Detection flush error: Detection.__init__() missing 1 required positional argument: 'id'
2026-09-22 10:52:49 [ERROR   ] sdr_monitor.web_backend (main.py:216): Detection flush error: Detection.__init__() missing 1 required positional argument: 'id'
2026-09-22 10:52:49 [ERROR   ] sdr_monitor.web_backend (main.py:216): Detection flush error: Detection.__init__() missing 1 required positional argument: 'id'
2026-09-22 10:52:50 [ERROR   ] sdr_monitor.web_backend (main.py:216): Detection flush error: Detection.__init__() missing 1 required positional argument: 'id'
2026-09-22 10:52:51 [ERROR   ] sdr_monitor.web_backend (main.py:216): Detection flush error: Detection.__init__() missing 1 required positional argument: 'id'
2026-09-22 10:52:51 [ERROR   ] sdr_monitor.web_backend (main.py:216): Detection flush error: Detection.__init__() missing 1 required positional argument: 'id'
2026-09-22 10:52:52 [ERROR   ] sdr_monitor.web_backend (main.py:216): Detection flush error: Detection.__init__() missing 1 required positional argument: 'id'
2026-09-22 10:52:52 [ERROR   ] sdr_monitor.web_backend (main.py:216): Detection flush error: Detection.__init__() missing 1 required positional argument: 'id'
2026-09-22 10:52:53 [ERROR   ] sdr_monitor.web_backend (main.py:216): Detection flush error: Detection.__init__() missing 1 required positional argument: 'id'
2026-09-22 10:52:54 [ERROR   ] sdr_monitor.web_backend (main.py:216): Detection flush error: Detection.__init__() missing 1 required positional argument: 'id'
2026-09-22 10:52:54 [ERROR   ] sdr_monitor.web_backend (main.py:216): Detection flush error: Detection.__init__() missing 1 required positional argument: 'id'
2026-09-22 10:52:55 [ERROR   ] sdr_monitor.web_backend (main.py:216): Detection flush error: Detection.__init__() missing 1 required positional argument: 'id'
2026-09-22 10:52:55 [ERROR   ] sdr_monitor.web_backend (main.py:216): Detection flush error: Detection.__init__() missing 1 required positional argument: 'id'
2026-09-22 10:52:56 [ERROR   ] sdr_monitor.web_backend (main.py:216): Detection flush error: Detection.__init__() missing 1 required positional argument: 'id'
2026-09-22 10:52:56 [ERROR   ] sdr_monitor.web_backend (main.py:216): Detection flush error: Detection.__init__() missing 1 required positional argument: 'id'
2026-09-22 10:52:57 [ERROR   ] sdr_monitor.web_backend (main.py:216): Detection flush error: Detection.__init__() missing 1 required positional argument: 'id'
2026-09-22 10:52:58 [ERROR   ] sdr_monitor.web_backend (main.py:216): Detection flush error: Detection.__init__() missing 1 required positional argument: 'id'
2026-09-22 10:52:58 [ERROR   ] sdr_monitor.web_backend (main.py:216): Detection flush error: Detection.__init__() missing 1 required positional argument: 'id'
2026-09-22 10:52:59 [ERROR   ] sdr_monitor.web_backend (main.py:216): Detection flush error: Detection.__init__() missing 1 required positional argument: 'id'
2026-09-22 10:52:59 [ERROR   ] sdr_monitor.web_backend (main.py:216): Detection flush error: Detection.__init__() missing 1 required positional argument: 'id'
2026-09-22 10:53:00 [ERROR   ] sdr_monitor.web_backend (main.py:216): Detection flush error: Detection.__init__() missing 1 required positional argument: 'id'
2026-09-22 10:53:00 [ERROR   ] sdr_monitor.web_backend (main.py:216): Detection flush error: Detection.__init__() missing 1 required positional argument: 'id'
2026-09-22 10:53:01 [ERROR   ] sdr_monitor.web_backend (main.py:216): Detection flush error: Detection.__init__() missing 1 required positional argument: 'id'
2026-09-22 10:53:01 [ERROR   ] sdr_monitor.web_backend (main.py:216): Detection flush error: Detection.__init__() missing 1 required positional argument: 'id'
2026-09-22 10:53:02 [ERROR   ] sdr_monitor.web_backend (main.py:216): Detection flush error: Detection.__init__() missing 1 required positional argument: 'id'
2026-09-22 10:53:03 [ERROR   ] sdr_monitor.web_backend (main.py:216): Detection flush error: Detection.__init__() missing 1 required positional argument: 'id'
2026-09-22 10:53:03 [ERROR   ] sdr_monitor.web_backend (main.py:216): Detection flush error: Detection.__init__() missing 1 required positional argument: 'id'
2026-09-22 10:53:04 [ERROR   ] sdr_monitor.web_backend (main.py:216): Detection flush error: Detection.__init__() missing 1 required positional argument: 'id'
2026-09-22 10:53:04 [ERROR   ] sdr_monitor.web_backend (main.py:216): Detection flush error: Detection.__init__() missing 1 required positional argument: 'id'
2026-09-22 10:53:05 [ERROR   ] sdr_monitor.web_backend (main.py:216): Detection flush error: Detection.__init__() missing 1 required positional argument: 'id'
2026-09-22 10:53:05 [ERROR   ] sdr_monitor.web_backend (main.py:216): Detection flush error: Detection.__init__() missing 1 required positional argument: 'id'
2026-09-22 10:53:06 [ERROR   ] sdr_monitor.web_backend (main.py:216): Detection flush error: Detection.__init__() missing 1 required positional argument: 'id'
2026-09-22 10:53:07 [ERROR   ] sdr_monitor.web_backend (main.py:216): Detection flush error: Detection.__init__() missing 1 required positional argument: 'id'
2026-09-22 10:53:07 [ERROR   ] sdr_monitor.web_backend (main.py:216): Detection flush error: Detection.__init__() missing 1 required positional argument: 'id'
2026-09-22 10:53:08 [ERROR   ] sdr_monitor.web_backend (main.py:216): Detection flush error: Detection.__init__() missing 1 required positional argument: 'id'
2026-09-22 10:53:08 [ERROR   ] sdr_monitor.web_backend (main.py:216): Detection flush error: Detection.__init__() missing 1 required positional argument: 'id'
2026-09-22 10:53:09 [ERROR   ] sdr_monitor.web_backend (main.py:216): Detection flush error: Detection.__init__() missing 1 required positional argument: 'id'
2026-09-22 10:53:10 [ERROR   ] sdr_monitor.web_backend (main.py:216): Detection flush error: Detection.__init__() missing 1 required positional argument: 'id'
2026-09-22 10:53:10 [ERROR   ] sdr_monitor.web_backend (main.py:216): Detection flush error: Detection.__init__() missing 1 required positional argument: 'id'
2026-09-22 10:53:11 [ERROR   ] sdr_monitor.web_backend (main.py:216): Detection flush error: Detection.__init__() missing 1 required positional argument: 'id'
2026-09-22 10:53:11 [ERROR   ] sdr_monitor.web_backend (main.py:216): Detection flush error: Detection.__init__() missing 1 required positional argument: 'id'
2026-09-22 10:53:12 [ERROR   ] sdr_monitor.web_backend (main.py:216): Detection flush error: Detection.__init__() missing 1 required positional argument: 'id'
2026-09-22 10:53:13 [ERROR   ] sdr_monitor.web_backend (main.py:216): Detection flush error: Detection.__init__() missing 1 required positional argument: 'id'
2026-09-22 10:53:13 [ERROR   ] sdr_monitor.web_backend (main.py:216): Detection flush error: Detection.__init__() missing 1 required positional argument: 'id'
2026-09-22 10:53:14 [ERROR   ] sdr_monitor.web_backend (main.py:216): Detection flush error: Detection.__init__() missing 1 required positional argument: 'id'
2026-09-22 10:53:14 [ERROR   ] sdr_monitor.web_backend (main.py:216): Detection flush error: Detection.__init__() missing 1 required positional argument: 'id'
2026-09-22 10:53:15 [ERROR   ] sdr_monitor.web_backend (main.py:216): Detection flush error: Detection.__init__() missing 1 required positional argument: 'id'
2026-09-22 10:53:16 [ERROR   ] sdr_monitor.web_backend (main.py:216): Detection flush error: Detection.__init__() missing 1 required positional argument: 'id'
2026-09-22 10:53:16 [ERROR   ] sdr_monitor.web_backend (main.py:216): Detection flush error: Detection.__init__() missing 1 required positional argument: 'id'
2026-09-22 10:53:17 [ERROR   ] sdr_monitor.web_backend (main.py:216): Detection flush error: Detection.__init__() missing 1 required positional argument: 'id'
2026-09-22 10:53:17 [ERROR   ] sdr_monitor.web_backend (main.py:216): Detection flush error: Detection.__init__() missing 1 required positional argument: 'id'
2026-09-22 10:53:18 [ERROR   ] sdr_monitor.web_backend (main.py:216): Detection flush error: Detection.__init__() missing 1 required positional argument: 'id'
2026-09-22 10:53:19 [ERROR   ] sdr_monitor.web_backend (main.py:216): Detection flush error: Detection.__init__() missing 1 required positional argument: 'id'
2026-09-22 10:53:19 [ERROR   ] sdr_monitor.web_backend (main.py:216): Detection flush error: Detection.__init__() missing 1 required positional argument: 'id'
2026-09-22 10:53:20 [ERROR   ] sdr_monitor.web_backend (main.py:216): Detection flush error: Detection.__init__() missing 1 required positional argument: 'id'
2026-09-22 10:53:21 [ERROR   ] sdr_monitor.web_backend (main.py:216): Detection flush error: Detection.__init__() missing 1 required positional argument: 'id'
2026-09-22 10:53:21 [ERROR   ] sdr_monitor.web_backend (main.py:216): Detection flush error: Detection.__init__() missing 1 required positional argument: 'id'
2026-09-22 10:53:22 [ERROR   ] sdr_monitor.web_backend (main.py:216): Detection flush error: Detection.__init__() missing 1 required positional argument: 'id'
2026-09-22 10:53:23 [ERROR   ] sdr_monitor.web_backend (main.py:216): Detection flush error: Detection.__init__() missing 1 required positional argument: 'id'
2026-09-22 10:53:24 [ERROR   ] sdr_monitor.web_backend (main.py:216): Detection flush error: Detection.__init__() missing 1 required positional argument: 'id'
2026-09-22 10:53:24 [ERROR   ] sdr_monitor.web_backend (main.py:216): Detection flush error: Detection.__init__() missing 1 required positional argument: 'id'
2026-09-22 10:53:25 [ERROR   ] sdr_monitor.web_backend (main.py:216): Detection flush error: Detection.__init__() missing 1 required positional argument: 'id'
2026-09-22 10:53:26 [ERROR   ] sdr_monitor.web_backend (main.py:216): Detection flush error: Detection.__init__() missing 1 required positional argument: 'id'
2026-09-22 10:53:26 [ERROR   ] sdr_monitor.web_backend (main.py:216): Detection flush error: Detection.__init__() missing 1 required positional argument: 'id'
2026-09-22 10:53:27 [ERROR   ] sdr_monitor.web_backend (main.py:216): Detection flush error: Detection.__init__() missing 1 required positional argument: 'id'
2026-09-22 10:53:27 [ERROR   ] sdr_monitor.web_backend (main.py:648): WebSocket error: Unexpected ASGI message 'websocket.send', after sending 'websocket.close'.
2026-09-22 10:53:27 [ERROR   ] sdr_monitor.web_backend (main.py:216): Detection flush error: Detection.__init__() missing 1 required positional argument: 'id'
2026-09-22 10:53:28 [ERROR   ] sdr_monitor.web_backend (main.py:216): Detection flush error: Detection.__init__() missing 1 required positional argument: 'id'
2026-09-22 10:53:29 [ERROR   ] sdr_monitor.web_backend (main.py:216): Detection flush error: Detection.__init__() missing 1 required positional argument: 'id'
2026-09-22 10:53:29 [ERROR   ] sdr_monitor.web_backend (main.py:216): Detection flush error: Detection.__init__() missing 1 required positional argument: 'id'
2026-09-22 10:53:30 [ERROR   ] sdr_monitor.web_backend (main.py:216): Detection flush error: Detection.__init__() missing 1 required positional argument: 'id'
2026-09-22 10:53:30 [ERROR   ] sdr_monitor.web_backend (main.py:216): Detection flush error: Detection.__init__() missing 1 required positional argument: 'id'
2026-09-22 10:53:31 [ERROR   ] sdr_monitor.web_backend (main.py:216): Detection flush error: Detection.__init__() missing 1 required positional argument: 'id'
2026-09-22 10:53:32 [ERROR   ] sdr_monitor.web_backend (main.py:216): Detection flush error: Detection.__init__() missing 1 required positional argument: 'id'
2026-09-22 10:53:33 [ERROR   ] sdr_monitor.web_backend (main.py:216): Detection flush error: Detection.__init__() missing 1 required positional argument: 'id'
2026-09-22 10:53:33 [ERROR   ] sdr_monitor.web_backend (main.py:216): Detection flush error: Detection.__init__() missing 1 required positional argument: 'id'
2026-09-22 10:53:34 [ERROR   ] sdr_monitor.web_backend (main.py:216): Detection flush error: Detection.__init__() missing 1 required positional argument: 'id'
2026-09-22 10:53:35 [ERROR   ] sdr_monitor.web_backend (main.py:216): Detection flush error: Detection.__init__() missing 1 required positional argument: 'id'
2026-09-22 10:53:35 [ERROR   ] sdr_monitor.web_backend (main.py:216): Detection flush error: Detection.__init__() missing 1 required positional argument: 'id'
2026-09-22 10:53:36 [ERROR   ] sdr_monitor.web_backend (main.py:216): Detection flush error: Detection.__init__() missing 1 required positional argument: 'id'
2026-09-22 10:53:37 [ERROR   ] sdr_monitor.web_backend (main.py:216): Detection flush error: Detection.__init__() missing 1 required positional argument: 'id'
2026-09-22 10:53:38 [ERROR   ] sdr_monitor.web_backend (main.py:216): Detection flush error: Detection.__init__() missing 1 required positional argument: 'id'
2026-09-22 10:53:38 [ERROR   ] sdr_monitor.web_backend (main.py:216): Detection flush error: Detection.__init__() missing 1 required positional argument: 'id'
2026-09-22 10:53:39 [ERROR   ] sdr_monitor.web_backend (main.py:216): Detection flush error: Detection.__init__() missing 1 required positional argument: 'id'
2026-09-22 10:53:39 [ERROR   ] sdr_monitor.web_backend (main.py:216): Detection flush error: Detection.__init__() missing 1 required positional argument: 'id'
2026-09-22 10:53:40 [ERROR   ] sdr_monitor.web_backend (main.py:216): Detection flush error: Detection.__init__() missing 1 required positional argument: 'id'
2026-09-22 10:53:40 [ERROR   ] sdr_monitor.web_backend (main.py:216): Detection flush error: Detection.__init__() missing 1 required positional argument: 'id'
2026-09-22 10:53:41 [ERROR   ] sdr_monitor.web_backend (main.py:216): Detection flush error: Detection.__init__() missing 1 required positional argument: 'id'
2026-09-22 10:53:41 [ERROR   ] sdr_monitor.web_backend (main.py:216): Detection flush error: Detection.__init__() missing 1 required positional argument: 'id'
2026-09-22 10:53:42 [ERROR   ] sdr_monitor.web_backend (main.py:216): Detection flush error: Detection.__init__() missing 1 required positional argument: 'id'
2026-09-22 10:53:42 [ERROR   ] sdr_monitor.web_backend (main.py:216): Detection flush error: Detection.__init__() missing 1 required positional argument: 'id'
2026-09-22 10:53:43 [ERROR   ] sdr_monitor.web_backend (main.py:216): Detection flush error: Detection.__init__() missing 1 required positional argument: 'id'
2026-09-22 10:53:44 [ERROR   ] sdr_monitor.web_backend (main.py:216): Detection flush error: Detection.__init__() missing 1 required positional argument: 'id'
2026-09-22 10:53:44 [ERROR   ] sdr_monitor.web_backend (main.py:216): Detection flush error: Detection.__init__() missing 1 required positional argument: 'id'
2026-09-22 10:53:45 [ERROR   ] sdr_monitor.web_backend (main.py:216): Detection flush error: Detection.__init__() missing 1 required positional argument: 'id'
2026-09-22 10:53:45 [ERROR   ] sdr_monitor.web_backend (main.py:216): Detection flush error: Detection.__init__() missing 1 required positional argument: 'id'
2026-09-22 10:53:46 [ERROR   ] sdr_monitor.web_backend (main.py:216): Detection flush error: Detection.__init__() missing 1 required positional argument: 'id'
2026-09-22 10:53:47 [ERROR   ] sdr_monitor.web_backend (main.py:216): Detection flush error: Detection.__init__() missing 1 required positional argument: 'id'
2026-09-22 10:53:47 [ERROR   ] sdr_monitor.web_backend (main.py:216): Detection flush error: Detection.__init__() missing 1 required positional argument: 'id'
2026-09-22 10:53:48 [ERROR   ] sdr_monitor.web_backend (main.py:216): Detection flush error: Detection.__init__() missing 1 required positional argument: 'id'
2026-09-22 10:53:49 [ERROR   ] sdr_monitor.web_backend (main.py:216): Detection flush error: Detection.__init__() missing 1 required positional argument: 'id'
2026-09-22 10:53:49 [ERROR   ] sdr_monitor.web_backend (main.py:216): Detection flush error: Detection.__init__() missing 1 required positional argument: 'id'
2026-09-22 10:53:50 [ERROR   ] sdr_monitor.web_backend (main.py:216): Detection flush error: Detection.__init__() missing 1 required positional argument: 'id'
2026-09-22 10:53:50 [ERROR   ] sdr_monitor.web_backend (main.py:216): Detection flush error: Detection.__init__() missing 1 required positional argument: 'id'
2026-09-22 10:53:51 [ERROR   ] sdr_monitor.web_backend (main.py:216): Detection flush error: Detection.__init__() missing 1 required positional argument: 'id'
2026-09-22 10:53:52 [ERROR   ] sdr_monitor.web_backend (main.py:216): Detection flush error: Detection.__init__() missing 1 required positional argument: 'id'
2026-09-22 10:53:52 [ERROR   ] sdr_monitor.web_backend (main.py:216): Detection flush error: Detection.__init__() missing 1 required positional argument: 'id'
2026-09-22 10:53:53 [ERROR   ] sdr_monitor.web_backend (main.py:216): Detection flush error: Detection.__init__() missing 1 required positional argument: 'id'
2026-09-22 10:53:54 [ERROR   ] sdr_monitor.web_backend (main.py:216): Detection flush error: Detection.__init__() missing 1 required positional argument: 'id'
2026-09-22 10:53:54 [ERROR   ] sdr_monitor.web_backend (main.py:216): Detection flush error: Detection.__init__() missing 1 required positional argument: 'id'
2026-09-22 10:53:55 [ERROR   ] sdr_monitor.web_backend (main.py:216): Detection flush error: Detection.__init__() missing 1 required positional argument: 'id'
2026-09-22 10:53:55 [ERROR   ] sdr_monitor.web_backend (main.py:216): Detection flush error: Detection.__init__() missing 1 required positional argument: 'id'
2026-09-22 10:53:56 [ERROR   ] sdr_monitor.web_backend (main.py:216): Detection flush error: Detection.__init__() missing 1 required positional argument: 'id'
2026-09-22 10:53:56 [ERROR   ] sdr_monitor.web_backend (main.py:216): Detection flush error: Detection.__init__() missing 1 required positional argument: 'id'
2026-09-22 10:53:57 [ERROR   ] sdr_monitor.web_backend (main.py:216): Detection flush error: Detection.__init__() missing 1 required positional argument: 'id'
2026-09-22 10:53:57 [ERROR   ] sdr_monitor.web_backend (main.py:216): Detection flush error: Detection.__init__() missing 1 required positional argument: 'id'
2026-09-22 10:53:58 [ERROR   ] sdr_monitor.web_backend (main.py:216): Detection flush error: Detection.__init__() missing 1 required positional argument: 'id'
2026-09-22 10:53:59 [ERROR   ] sdr_monitor.web_backend (main.py:216): Detection flush error: Detection.__init__() missing 1 required positional argument: 'id'
2026-09-22 10:53:59 [ERROR   ] sdr_monitor.web_backend (main.py:216): Detection flush error: Detection.__init__() missing 1 required positional argument: 'id'
2026-09-22 10:54:00 [ERROR   ] sdr_monitor.web_backend (main.py:216): Detection flush error: Detection.__init__() missing 1 required positional argument: 'id'
2026-09-22 10:54:00 [ERROR   ] sdr_monitor.web_backend (main.py:216): Detection flush error: Detection.__init__() missing 1 required positional argument: 'id'
2026-09-22 10:54:01 [ERROR   ] sdr_monitor.web_backend (main.py:216): Detection flush error: Detection.__init__() missing 1 required positional argument: 'id'
2026-09-22 10:54:01 [ERROR   ] sdr_monitor.web_backend (main.py:216): Detection flush error: Detection.__init__() missing 1 required positional argument: 'id'
2026-09-22 10:54:02 [ERROR   ] sdr_monitor.web_backend (main.py:216): Detection flush error: Detection.__init__() missing 1 required positional argument: 'id'
2026-09-22 10:54:03 [ERROR   ] sdr_monitor.web_backend (main.py:216): Detection flush error: Detection.__init__() missing 1 required positional argument: 'id'
2026-09-22 10:54:03 [ERROR   ] sdr_monitor.web_backend (main.py:216): Detection flush error: Detection.__init__() missing 1 required positional argument: 'id'
2026-09-22 10:54:04 [ERROR   ] sdr_monitor.web_backend (main.py:216): Detection flush error: Detection.__init__() missing 1 required positional argument: 'id'
2026-09-22 10:54:04 [ERROR   ] sdr_monitor.web_backend (main.py:216): Detection flush error: Detection.__init__() missing 1 required positional argument: 'id'
2026-09-22 10:54:05 [ERROR   ] sdr_monitor.web_backend (main.py:216): Detection flush error: Detection.__init__() missing 1 required positional argument: 'id'
2026-09-22 10:54:05 [ERROR   ] sdr_monitor.web_backend (main.py:216): Detection flush error: Detection.__init__() missing 1 required positional argument: 'id'
2026-09-22 10:54:06 [ERROR   ] sdr_monitor.web_backend (main.py:216): Detection flush error: Detection.__init__() missing 1 required positional argument: 'id'
2026-09-22 10:54:07 [ERROR   ] sdr_monitor.web_backend (main.py:216): Detection flush error: Detection.__init__() missing 1 required positional argument: 'id'
2026-09-22 10:54:07 [ERROR   ] sdr_monitor.web_backend (main.py:216): Detection flush error: Detection.__init__() missing 1 required positional argument: 'id'
2026-09-22 10:54:08 [ERROR   ] sdr_monitor.web_backend (main.py:216): Detection flush error: Detection.__init__() missing 1 required positional argument: 'id'
2026-09-22 10:54:08 [ERROR   ] sdr_monitor.web_backend (main.py:216): Detection flush error: Detection.__init__() missing 1 required positional argument: 'id'
2026-09-22 10:54:09 [ERROR   ] sdr_monitor.web_backend (main.py:216): Detection flush error: Detection.__init__() missing 1 required positional argument: 'id'
2026-09-22 10:54:09 [ERROR   ] sdr_monitor.web_backend (main.py:216): Detection flush error: Detection.__init__() missing 1 required positional argument: 'id'
2026-09-22 10:54:10 [INFO    ] sdr_monitor.web_backend (main.py:646): Client disconnected from WebSocket.
2026-09-22 10:54:10 [INFO    ] sdr_monitor.web_backend (main.py:646): Client disconnected from WebSocket.
2026-09-22 10:54:10 [INFO    ] sdr_monitor.web_backend (main.py:269): Shutting down Web-SDR Application...
2026-09-22 10:54:10 [ERROR   ] sdr_monitor.web_backend (main.py:216): Detection flush error: Detection.__init__() missing 1 required positional argument: 'id'
2026-09-22 10:58:53 [INFO    ] sdr_monitor (logger.py:65): Logger initialized  ->  logs\sdr_monitor_20260922.log
2026-09-22 10:58:53 [DEBUG   ] sdr_monitor.signal_processor (signal_processor.py:85): SignalProcessor  fft=1024  window=hann  avg=3
2026-09-22 10:58:53 [INFO    ] sdr_monitor.db_manager (db_manager.py:29): Database initialized at: data/sdr_monitor.db
2026-09-22 10:58:53 [INFO    ] sdr_monitor.schedule_manager (schedule_manager.py:103): Successfully loaded 9442 schedule records from database/sked-a26.csv
2026-09-22 10:58:53 [INFO    ] sdr_monitor.audio_demodulator (audio_demodulator.py:56): AudioDemodulator init: [Native C++ DLL (AVX2/FMA)], target=48000 Hz, baseband=200000 Hz, chunk=50 ms
2026-09-22 10:58:53 [INFO    ] sdr_monitor.db_manager (db_manager.py:132): Session created: 261577D5 [simulation]
2026-09-22 10:58:53 [INFO    ] sdr_monitor.web_backend (main.py:260): Web-SDR Application Started. Session: 261577D5
2026-09-22 10:58:53 [INFO    ] sdr_monitor.web_backend (main.py:261): SDR++ audio bridge started on UDP 127.0.0.1:7355
2026-09-22 10:58:54 [INFO    ] sdr_monitor.sdr_engine (sdr_engine.py:224): HackRF One detected and configured.
2026-09-22 10:58:54 [INFO    ] sdr_monitor.sdr_engine (sdr_engine.py:465): SDREngine initialized in hardware mode.
2026-09-22 10:58:54 [INFO    ] sdr_monitor.db_manager (db_manager.py:132): Session created: FAF68451 [hardware]
2026-09-22 10:58:54 [INFO    ] sdr_monitor.web_backend (main.py:234): SDR started in [HARDWARE] mode. Session: FAF68451
2026-09-22 10:58:54 [INFO    ] sdr_monitor.web_backend (main.py:265): Web-SDR Application Started. Session: FAF68451
2026-09-22 10:58:54 [INFO    ] sdr_monitor.web_backend (main.py:269): Shutting down Web-SDR Application...
2026-09-22 10:58:55 [ERROR   ] sdr_monitor.web_backend (main.py:216): Detection flush error: Detection.__init__() missing 1 required positional argument: 'id'
2026-09-22 11:36:52 [INFO    ] sdr_monitor (logger.py:65): Logger initialized  ->  logs\sdr_monitor_20260922.log
2026-09-22 11:36:52 [DEBUG   ] sdr_monitor.signal_processor (signal_processor.py:85): SignalProcessor  fft=1024  window=hann  avg=3
2026-09-22 11:36:52 [INFO    ] sdr_monitor.db_manager (db_manager.py:29): Database initialized at: data/sdr_monitor.db
2026-09-22 11:36:52 [INFO    ] sdr_monitor.schedule_manager (schedule_manager.py:103): Successfully loaded 9442 schedule records from database/sked-a26.csv
2026-09-22 11:36:52 [INFO    ] sdr_monitor.audio_demodulator (audio_demodulator.py:56): AudioDemodulator init: [Native C++ DLL (AVX2/FMA)], target=48000 Hz, baseband=200000 Hz, chunk=50 ms
2026-09-22 11:36:53 [INFO    ] sdr_monitor.db_manager (db_manager.py:132): Session created: 35FBA0DA [simulation]
2026-09-22 11:36:53 [INFO    ] sdr_monitor.web_backend (main.py:260): Web-SDR Application Started. Session: 35FBA0DA
2026-09-22 11:36:53 [INFO    ] sdr_monitor.web_backend (main.py:261): SDR++ audio bridge started on UDP 127.0.0.1:7355
2026-09-22 11:36:54 [INFO    ] sdr_monitor.sdr_engine (sdr_engine.py:224): HackRF One detected and configured.
2026-09-22 11:36:54 [INFO    ] sdr_monitor.sdr_engine (sdr_engine.py:465): SDREngine initialized in hardware mode.
2026-09-22 11:36:54 [INFO    ] sdr_monitor.db_manager (db_manager.py:132): Session created: 06FF85EE [hardware]
2026-09-22 11:36:54 [INFO    ] sdr_monitor.web_backend (main.py:234): SDR started in [HARDWARE] mode. Session: 06FF85EE
2026-09-22 11:36:54 [INFO    ] sdr_monitor.web_backend (main.py:265): Web-SDR Application Started. Session: 06FF85EE
2026-09-22 11:36:55 [ERROR   ] sdr_monitor.web_backend (main.py:216): Detection flush error: Detection.__init__() missing 1 required positional argument: 'id'
2026-09-22 11:36:55 [ERROR   ] sdr_monitor.web_backend (main.py:216): Detection flush error: Detection.__init__() missing 1 required positional argument: 'id'
2026-09-22 11:36:56 [ERROR   ] sdr_monitor.web_backend (main.py:216): Detection flush error: Detection.__init__() missing 1 required positional argument: 'id'
2026-09-22 11:36:56 [ERROR   ] sdr_monitor.web_backend (main.py:216): Detection flush error: Detection.__init__() missing 1 required positional argument: 'id'
2026-09-22 11:36:57 [ERROR   ] sdr_monitor.web_backend (main.py:216): Detection flush error: Detection.__init__() missing 1 required positional argument: 'id'
2026-09-22 11:36:57 [ERROR   ] sdr_monitor.web_backend (main.py:216): Detection flush error: Detection.__init__() missing 1 required positional argument: 'id'
2026-09-22 11:36:58 [ERROR   ] sdr_monitor.web_backend (main.py:216): Detection flush error: Detection.__init__() missing 1 required positional argument: 'id'
2026-09-22 11:36:58 [ERROR   ] sdr_monitor.web_backend (main.py:216): Detection flush error: Detection.__init__() missing 1 required positional argument: 'id'
2026-09-22 11:36:59 [ERROR   ] sdr_monitor.web_backend (main.py:216): Detection flush error: Detection.__init__() missing 1 required positional argument: 'id'
2026-09-22 11:36:59 [ERROR   ] sdr_monitor.web_backend (main.py:216): Detection flush error: Detection.__init__() missing 1 required positional argument: 'id'
2026-09-22 11:37:00 [ERROR   ] sdr_monitor.web_backend (main.py:216): Detection flush error: Detection.__init__() missing 1 required positional argument: 'id'
2026-09-22 11:37:00 [ERROR   ] sdr_monitor.web_backend (main.py:216): Detection flush error: Detection.__init__() missing 1 required positional argument: 'id'
2026-09-22 11:37:01 [ERROR   ] sdr_monitor.web_backend (main.py:216): Detection flush error: Detection.__init__() missing 1 required positional argument: 'id'
2026-09-22 11:37:01 [ERROR   ] sdr_monitor.web_backend (main.py:216): Detection flush error: Detection.__init__() missing 1 required positional argument: 'id'
2026-09-22 11:37:02 [ERROR   ] sdr_monitor.web_backend (main.py:216): Detection flush error: Detection.__init__() missing 1 required positional argument: 'id'
2026-09-22 11:37:02 [ERROR   ] sdr_monitor.web_backend (main.py:216): Detection flush error: Detection.__init__() missing 1 required positional argument: 'id'
2026-09-22 11:37:03 [ERROR   ] sdr_monitor.web_backend (main.py:216): Detection flush error: Detection.__init__() missing 1 required positional argument: 'id'
2026-09-22 11:37:03 [ERROR   ] sdr_monitor.web_backend (main.py:216): Detection flush error: Detection.__init__() missing 1 required positional argument: 'id'
2026-09-22 11:37:04 [ERROR   ] sdr_monitor.web_backend (main.py:216): Detection flush error: Detection.__init__() missing 1 required positional argument: 'id'
2026-09-22 11:37:04 [ERROR   ] sdr_monitor.web_backend (main.py:216): Detection flush error: Detection.__init__() missing 1 required positional argument: 'id'
2026-09-22 11:37:05 [ERROR   ] sdr_monitor.web_backend (main.py:216): Detection flush error: Detection.__init__() missing 1 required positional argument: 'id'
2026-09-22 11:37:05 [ERROR   ] sdr_monitor.web_backend (main.py:216): Detection flush error: Detection.__init__() missing 1 required positional argument: 'id'
2026-09-22 11:37:06 [ERROR   ] sdr_monitor.web_backend (main.py:216): Detection flush error: Detection.__init__() missing 1 required positional argument: 'id'
2026-09-22 11:37:06 [ERROR   ] sdr_monitor.web_backend (main.py:216): Detection flush error: Detection.__init__() missing 1 required positional argument: 'id'
2026-09-22 11:37:07 [ERROR   ] sdr_monitor.web_backend (main.py:216): Detection flush error: Detection.__init__() missing 1 required positional argument: 'id'
2026-09-22 11:37:07 [ERROR   ] sdr_monitor.web_backend (main.py:216): Detection flush error: Detection.__init__() missing 1 required positional argument: 'id'
2026-09-22 11:37:08 [ERROR   ] sdr_monitor.web_backend (main.py:216): Detection flush error: Detection.__init__() missing 1 required positional argument: 'id'
2026-09-22 11:37:08 [ERROR   ] sdr_monitor.web_backend (main.py:216): Detection flush error: Detection.__init__() missing 1 required positional argument: 'id'
2026-09-22 11:37:09 [ERROR   ] sdr_monitor.web_backend (main.py:216): Detection flush error: Detection.__init__() missing 1 required positional argument: 'id'
2026-09-22 11:37:09 [ERROR   ] sdr_monitor.web_backend (main.py:216): Detection flush error: Detection.__init__() missing 1 required positional argument: 'id'
2026-09-22 11:37:10 [ERROR   ] sdr_monitor.web_backend (main.py:216): Detection flush error: Detection.__init__() missing 1 required positional argument: 'id'
2026-09-22 11:37:10 [ERROR   ] sdr_monitor.web_backend (main.py:216): Detection flush error: Detection.__init__() missing 1 required positional argument: 'id'
2026-09-22 11:37:11 [ERROR   ] sdr_monitor.web_backend (main.py:216): Detection flush error: Detection.__init__() missing 1 required positional argument: 'id'
2026-09-22 11:37:11 [ERROR   ] sdr_monitor.web_backend (main.py:216): Detection flush error: Detection.__init__() missing 1 required positional argument: 'id'
2026-09-22 11:37:12 [ERROR   ] sdr_monitor.web_backend (main.py:216): Detection flush error: Detection.__init__() missing 1 required positional argument: 'id'
2026-09-22 11:37:12 [ERROR   ] sdr_monitor.web_backend (main.py:216): Detection flush error: Detection.__init__() missing 1 required positional argument: 'id'
2026-09-22 11:37:13 [ERROR   ] sdr_monitor.web_backend (main.py:216): Detection flush error: Detection.__init__() missing 1 required positional argument: 'id'
2026-09-22 11:37:13 [ERROR   ] sdr_monitor.web_backend (main.py:216): Detection flush error: Detection.__init__() missing 1 required positional argument: 'id'
2026-09-22 11:37:14 [ERROR   ] sdr_monitor.web_backend (main.py:216): Detection flush error: Detection.__init__() missing 1 required positional argument: 'id'
2026-09-22 11:37:14 [ERROR   ] sdr_monitor.web_backend (main.py:216): Detection flush error: Detection.__init__() missing 1 required positional argument: 'id'
2026-09-22 11:37:15 [ERROR   ] sdr_monitor.web_backend (main.py:216): Detection flush error: Detection.__init__() missing 1 required positional argument: 'id'
2026-09-22 11:37:15 [ERROR   ] sdr_monitor.web_backend (main.py:216): Detection flush error: Detection.__init__() missing 1 required positional argument: 'id'
2026-09-22 11:37:16 [ERROR   ] sdr_monitor.web_backend (main.py:216): Detection flush error: Detection.__init__() missing 1 required positional argument: 'id'
2026-09-22 11:37:16 [ERROR   ] sdr_monitor.web_backend (main.py:216): Detection flush error: Detection.__init__() missing 1 required positional argument: 'id'
2026-09-22 11:37:17 [ERROR   ] sdr_monitor.web_backend (main.py:216): Detection flush error: Detection.__init__() missing 1 required positional argument: 'id'
2026-09-22 11:37:18 [ERROR   ] sdr_monitor.web_backend (main.py:216): Detection flush error: Detection.__init__() missing 1 required positional argument: 'id'
2026-09-22 11:37:18 [ERROR   ] sdr_monitor.web_backend (main.py:216): Detection flush error: Detection.__init__() missing 1 required positional argument: 'id'
2026-09-22 11:37:19 [ERROR   ] sdr_monitor.web_backend (main.py:216): Detection flush error: Detection.__init__() missing 1 required positional argument: 'id'
2026-09-22 11:37:19 [ERROR   ] sdr_monitor.web_backend (main.py:216): Detection flush error: Detection.__init__() missing 1 required positional argument: 'id'
2026-09-22 11:37:20 [ERROR   ] sdr_monitor.web_backend (main.py:216): Detection flush error: Detection.__init__() missing 1 required positional argument: 'id'
2026-09-22 11:37:20 [ERROR   ] sdr_monitor.web_backend (main.py:216): Detection flush error: Detection.__init__() missing 1 required positional argument: 'id'
2026-09-22 11:37:21 [ERROR   ] sdr_monitor.web_backend (main.py:216): Detection flush error: Detection.__init__() missing 1 required positional argument: 'id'
2026-09-22 11:37:21 [ERROR   ] sdr_monitor.web_backend (main.py:216): Detection flush error: Detection.__init__() missing 1 required positional argument: 'id'
2026-09-22 11:37:22 [ERROR   ] sdr_monitor.web_backend (main.py:216): Detection flush error: Detection.__init__() missing 1 required positional argument: 'id'
2026-09-22 11:37:22 [ERROR   ] sdr_monitor.web_backend (main.py:216): Detection flush error: Detection.__init__() missing 1 required positional argument: 'id'
2026-09-22 11:37:23 [ERROR   ] sdr_monitor.web_backend (main.py:216): Detection flush error: Detection.__init__() missing 1 required positional argument: 'id'
2026-09-22 11:37:23 [ERROR   ] sdr_monitor.web_backend (main.py:216): Detection flush error: Detection.__init__() missing 1 required positional argument: 'id'
2026-09-22 11:37:24 [ERROR   ] sdr_monitor.web_backend (main.py:216): Detection flush error: Detection.__init__() missing 1 required positional argument: 'id'
2026-09-22 11:37:24 [ERROR   ] sdr_monitor.web_backend (main.py:216): Detection flush error: Detection.__init__() missing 1 required positional argument: 'id'
2026-09-22 11:37:25 [ERROR   ] sdr_monitor.web_backend (main.py:216): Detection flush error: Detection.__init__() missing 1 required positional argument: 'id'
2026-09-22 11:37:25 [ERROR   ] sdr_monitor.web_backend (main.py:216): Detection flush error: Detection.__init__() missing 1 required positional argument: 'id'
2026-09-22 11:37:26 [ERROR   ] sdr_monitor.web_backend (main.py:216): Detection flush error: Detection.__init__() missing 1 required positional argument: 'id'
2026-09-22 11:37:26 [ERROR   ] sdr_monitor.web_backend (main.py:216): Detection flush error: Detection.__init__() missing 1 required positional argument: 'id'
2026-09-22 11:37:27 [ERROR   ] sdr_monitor.web_backend (main.py:216): Detection flush error: Detection.__init__() missing 1 required positional argument: 'id'
2026-09-22 11:37:27 [ERROR   ] sdr_monitor.web_backend (main.py:216): Detection flush error: Detection.__init__() missing 1 required positional argument: 'id'
2026-09-22 11:37:28 [ERROR   ] sdr_monitor.web_backend (main.py:216): Detection flush error: Detection.__init__() missing 1 required positional argument: 'id'
2026-09-22 11:37:28 [ERROR   ] sdr_monitor.web_backend (main.py:216): Detection flush error: Detection.__init__() missing 1 required positional argument: 'id'
2026-09-22 11:37:29 [ERROR   ] sdr_monitor.web_backend (main.py:216): Detection flush error: Detection.__init__() missing 1 required positional argument: 'id'
2026-09-22 11:37:29 [ERROR   ] sdr_monitor.web_backend (main.py:216): Detection flush error: Detection.__init__() missing 1 required positional argument: 'id'
2026-09-22 11:37:30 [ERROR   ] sdr_monitor.web_backend (main.py:216): Detection flush error: Detection.__init__() missing 1 required positional argument: 'id'
2026-09-22 11:37:30 [ERROR   ] sdr_monitor.web_backend (main.py:216): Detection flush error: Detection.__init__() missing 1 required positional argument: 'id'
2026-09-22 11:37:31 [ERROR   ] sdr_monitor.web_backend (main.py:216): Detection flush error: Detection.__init__() missing 1 required positional argument: 'id'
2026-09-22 11:37:31 [ERROR   ] sdr_monitor.web_backend (main.py:216): Detection flush error: Detection.__init__() missing 1 required positional argument: 'id'
2026-09-22 11:37:32 [ERROR   ] sdr_monitor.web_backend (main.py:216): Detection flush error: Detection.__init__() missing 1 required positional argument: 'id'
2026-09-22 11:37:32 [ERROR   ] sdr_monitor.web_backend (main.py:216): Detection flush error: Detection.__init__() missing 1 required positional argument: 'id'
2026-09-22 11:37:33 [ERROR   ] sdr_monitor.web_backend (main.py:216): Detection flush error: Detection.__init__() missing 1 required positional argument: 'id'
2026-09-22 11:37:33 [ERROR   ] sdr_monitor.web_backend (main.py:216): Detection flush error: Detection.__init__() missing 1 required positional argument: 'id'
2026-09-22 11:37:34 [ERROR   ] sdr_monitor.web_backend (main.py:216): Detection flush error: Detection.__init__() missing 1 required positional argument: 'id'
2026-09-22 11:37:34 [ERROR   ] sdr_monitor.web_backend (main.py:216): Detection flush error: Detection.__init__() missing 1 required positional argument: 'id'
2026-09-22 11:37:35 [ERROR   ] sdr_monitor.web_backend (main.py:216): Detection flush error: Detection.__init__() missing 1 required positional argument: 'id'
2026-09-22 11:37:35 [ERROR   ] sdr_monitor.web_backend (main.py:216): Detection flush error: Detection.__init__() missing 1 required positional argument: 'id'
2026-09-22 11:37:36 [ERROR   ] sdr_monitor.web_backend (main.py:216): Detection flush error: Detection.__init__() missing 1 required positional argument: 'id'
2026-09-22 11:37:36 [ERROR   ] sdr_monitor.web_backend (main.py:216): Detection flush error: Detection.__init__() missing 1 required positional argument: 'id'
2026-09-22 11:37:37 [ERROR   ] sdr_monitor.web_backend (main.py:216): Detection flush error: Detection.__init__() missing 1 required positional argument: 'id'
2026-09-22 11:37:37 [ERROR   ] sdr_monitor.web_backend (main.py:216): Detection flush error: Detection.__init__() missing 1 required positional argument: 'id'
2026-09-22 11:37:38 [ERROR   ] sdr_monitor.web_backend (main.py:216): Detection flush error: Detection.__init__() missing 1 required positional argument: 'id'
2026-09-22 11:37:38 [ERROR   ] sdr_monitor.web_backend (main.py:216): Detection flush error: Detection.__init__() missing 1 required positional argument: 'id'
2026-09-22 11:37:39 [ERROR   ] sdr_monitor.web_backend (main.py:216): Detection flush error: Detection.__init__() missing 1 required positional argument: 'id'
2026-09-22 11:37:39 [ERROR   ] sdr_monitor.web_backend (main.py:216): Detection flush error: Detection.__init__() missing 1 required positional argument: 'id'
2026-09-22 11:37:40 [ERROR   ] sdr_monitor.web_backend (main.py:216): Detection flush error: Detection.__init__() missing 1 required positional argument: 'id'
2026-09-22 11:37:40 [ERROR   ] sdr_monitor.web_backend (main.py:216): Detection flush error: Detection.__init__() missing 1 required positional argument: 'id'
2026-09-22 11:37:41 [ERROR   ] sdr_monitor.web_backend (main.py:216): Detection flush error: Detection.__init__() missing 1 required positional argument: 'id'
2026-09-22 11:37:41 [ERROR   ] sdr_monitor.web_backend (main.py:216): Detection flush error: Detection.__init__() missing 1 required positional argument: 'id'
2026-09-22 11:37:42 [ERROR   ] sdr_monitor.web_backend (main.py:216): Detection flush error: Detection.__init__() missing 1 required positional argument: 'id'
2026-09-22 11:37:43 [ERROR   ] sdr_monitor.web_backend (main.py:216): Detection flush error: Detection.__init__() missing 1 required positional argument: 'id'
2026-09-22 11:37:43 [ERROR   ] sdr_monitor.web_backend (main.py:216): Detection flush error: Detection.__init__() missing 1 required positional argument: 'id'
2026-09-22 11:37:44 [ERROR   ] sdr_monitor.web_backend (main.py:216): Detection flush error: Detection.__init__() missing 1 required positional argument: 'id'
2026-09-22 11:37:44 [ERROR   ] sdr_monitor.web_backend (main.py:216): Detection flush error: Detection.__init__() missing 1 required positional argument: 'id'
2026-09-22 11:37:45 [ERROR   ] sdr_monitor.web_backend (main.py:216): Detection flush error: Detection.__init__() missing 1 required positional argument: 'id'
2026-09-22 11:37:45 [ERROR   ] sdr_monitor.web_backend (main.py:216): Detection flush error: Detection.__init__() missing 1 required positional argument: 'id'
2026-09-22 11:37:46 [ERROR   ] sdr_monitor.web_backend (main.py:216): Detection flush error: Detection.__init__() missing 1 required positional argument: 'id'
2026-09-22 11:37:46 [ERROR   ] sdr_monitor.web_backend (main.py:216): Detection flush error: Detection.__init__() missing 1 required positional argument: 'id'
2026-09-22 11:37:47 [ERROR   ] sdr_monitor.web_backend (main.py:216): Detection flush error: Detection.__init__() missing 1 required positional argument: 'id'
2026-09-22 11:37:47 [ERROR   ] sdr_monitor.web_backend (main.py:216): Detection flush error: Detection.__init__() missing 1 required positional argument: 'id'
2026-09-22 11:37:48 [ERROR   ] sdr_monitor.web_backend (main.py:216): Detection flush error: Detection.__init__() missing 1 required positional argument: 'id'
2026-09-22 11:37:48 [ERROR   ] sdr_monitor.web_backend (main.py:216): Detection flush error: Detection.__init__() missing 1 required positional argument: 'id'
2026-09-22 11:37:49 [ERROR   ] sdr_monitor.web_backend (main.py:216): Detection flush error: Detection.__init__() missing 1 required positional argument: 'id'
2026-09-22 11:37:49 [ERROR   ] sdr_monitor.web_backend (main.py:216): Detection flush error: Detection.__init__() missing 1 required positional argument: 'id'
2026-09-22 11:37:50 [ERROR   ] sdr_monitor.web_backend (main.py:216): Detection flush error: Detection.__init__() missing 1 required positional argument: 'id'
2026-09-22 11:37:50 [ERROR   ] sdr_monitor.web_backend (main.py:216): Detection flush error: Detection.__init__() missing 1 required positional argument: 'id'
2026-09-22 11:37:51 [ERROR   ] sdr_monitor.web_backend (main.py:216): Detection flush error: Detection.__init__() missing 1 required positional argument: 'id'
2026-09-22 11:37:51 [ERROR   ] sdr_monitor.web_backend (main.py:216): Detection flush error: Detection.__init__() missing 1 required positional argument: 'id'
2026-09-22 11:37:52 [ERROR   ] sdr_monitor.web_backend (main.py:216): Detection flush error: Detection.__init__() missing 1 required positional argument: 'id'
2026-09-22 11:37:52 [ERROR   ] sdr_monitor.web_backend (main.py:216): Detection flush error: Detection.__init__() missing 1 required positional argument: 'id'
2026-09-22 11:37:53 [ERROR   ] sdr_monitor.web_backend (main.py:216): Detection flush error: Detection.__init__() missing 1 required positional argument: 'id'
2026-09-22 11:37:53 [ERROR   ] sdr_monitor.web_backend (main.py:216): Detection flush error: Detection.__init__() missing 1 required positional argument: 'id'
2026-09-22 11:37:54 [ERROR   ] sdr_monitor.web_backend (main.py:216): Detection flush error: Detection.__init__() missing 1 required positional argument: 'id'
2026-09-22 11:37:54 [ERROR   ] sdr_monitor.web_backend (main.py:216): Detection flush error: Detection.__init__() missing 1 required positional argument: 'id'
2026-09-22 11:37:55 [ERROR   ] sdr_monitor.web_backend (main.py:216): Detection flush error: Detection.__init__() missing 1 required positional argument: 'id'
2026-09-22 11:37:55 [ERROR   ] sdr_monitor.web_backend (main.py:216): Detection flush error: Detection.__init__() missing 1 required positional argument: 'id'
2026-09-22 11:37:56 [ERROR   ] sdr_monitor.web_backend (main.py:216): Detection flush error: Detection.__init__() missing 1 required positional argument: 'id'
2026-09-22 11:37:56 [ERROR   ] sdr_monitor.web_backend (main.py:216): Detection flush error: Detection.__init__() missing 1 required positional argument: 'id'
2026-09-22 11:37:57 [ERROR   ] sdr_monitor.web_backend (main.py:216): Detection flush error: Detection.__init__() missing 1 required positional argument: 'id'
2026-09-22 11:37:57 [ERROR   ] sdr_monitor.web_backend (main.py:216): Detection flush error: Detection.__init__() missing 1 required positional argument: 'id'
2026-09-22 11:37:58 [ERROR   ] sdr_monitor.web_backend (main.py:216): Detection flush error: Detection.__init__() missing 1 required positional argument: 'id'
2026-09-22 11:37:58 [ERROR   ] sdr_monitor.web_backend (main.py:216): Detection flush error: Detection.__init__() missing 1 required positional argument: 'id'
2026-09-22 11:37:59 [ERROR   ] sdr_monitor.web_backend (main.py:216): Detection flush error: Detection.__init__() missing 1 required positional argument: 'id'
2026-09-22 11:37:59 [ERROR   ] sdr_monitor.web_backend (main.py:216): Detection flush error: Detection.__init__() missing 1 required positional argument: 'id'
2026-09-22 11:38:00 [ERROR   ] sdr_monitor.web_backend (main.py:216): Detection flush error: Detection.__init__() missing 1 required positional argument: 'id'
2026-09-22 11:38:00 [ERROR   ] sdr_monitor.web_backend (main.py:216): Detection flush error: Detection.__init__() missing 1 required positional argument: 'id'
2026-09-22 11:38:01 [ERROR   ] sdr_monitor.web_backend (main.py:216): Detection flush error: Detection.__init__() missing 1 required positional argument: 'id'
2026-09-22 11:38:01 [ERROR   ] sdr_monitor.web_backend (main.py:216): Detection flush error: Detection.__init__() missing 1 required positional argument: 'id'
2026-09-22 11:38:02 [ERROR   ] sdr_monitor.web_backend (main.py:216): Detection flush error: Detection.__init__() missing 1 required positional argument: 'id'
2026-09-22 11:38:02 [ERROR   ] sdr_monitor.web_backend (main.py:216): Detection flush error: Detection.__init__() missing 1 required positional argument: 'id'
2026-09-22 11:38:03 [ERROR   ] sdr_monitor.web_backend (main.py:216): Detection flush error: Detection.__init__() missing 1 required positional argument: 'id'
2026-09-22 11:38:03 [ERROR   ] sdr_monitor.web_backend (main.py:216): Detection flush error: Detection.__init__() missing 1 required positional argument: 'id'
2026-09-22 11:38:04 [ERROR   ] sdr_monitor.web_backend (main.py:216): Detection flush error: Detection.__init__() missing 1 required positional argument: 'id'
2026-09-22 11:38:04 [ERROR   ] sdr_monitor.web_backend (main.py:216): Detection flush error: Detection.__init__() missing 1 required positional argument: 'id'
2026-09-22 11:38:05 [ERROR   ] sdr_monitor.web_backend (main.py:216): Detection flush error: Detection.__init__() missing 1 required positional argument: 'id'
2026-09-22 11:38:06 [ERROR   ] sdr_monitor.web_backend (main.py:216): Detection flush error: Detection.__init__() missing 1 required positional argument: 'id'
2026-09-22 11:38:06 [ERROR   ] sdr_monitor.web_backend (main.py:216): Detection flush error: Detection.__init__() missing 1 required positional argument: 'id'
2026-09-22 11:38:07 [ERROR   ] sdr_monitor.web_backend (main.py:216): Detection flush error: Detection.__init__() missing 1 required positional argument: 'id'
2026-09-22 11:38:07 [ERROR   ] sdr_monitor.web_backend (main.py:216): Detection flush error: Detection.__init__() missing 1 required positional argument: 'id'
2026-09-22 11:38:08 [ERROR   ] sdr_monitor.web_backend (main.py:216): Detection flush error: Detection.__init__() missing 1 required positional argument: 'id'
2026-09-22 11:38:08 [ERROR   ] sdr_monitor.web_backend (main.py:216): Detection flush error: Detection.__init__() missing 1 required positional argument: 'id'
2026-09-22 11:38:09 [ERROR   ] sdr_monitor.web_backend (main.py:216): Detection flush error: Detection.__init__() missing 1 required positional argument: 'id'
2026-09-22 11:38:09 [ERROR   ] sdr_monitor.web_backend (main.py:216): Detection flush error: Detection.__init__() missing 1 required positional argument: 'id'
2026-09-22 11:38:10 [ERROR   ] sdr_monitor.web_backend (main.py:216): Detection flush error: Detection.__init__() missing 1 required positional argument: 'id'
2026-09-22 11:38:10 [ERROR   ] sdr_monitor.web_backend (main.py:216): Detection flush error: Detection.__init__() missing 1 required positional argument: 'id'
2026-09-22 11:38:11 [ERROR   ] sdr_monitor.web_backend (main.py:216): Detection flush error: Detection.__init__() missing 1 required positional argument: 'id'
2026-09-22 11:38:11 [ERROR   ] sdr_monitor.web_backend (main.py:216): Detection flush error: Detection.__init__() missing 1 required positional argument: 'id'
2026-09-22 11:38:12 [ERROR   ] sdr_monitor.web_backend (main.py:216): Detection flush error: Detection.__init__() missing 1 required positional argument: 'id'
2026-09-22 11:38:12 [ERROR   ] sdr_monitor.web_backend (main.py:216): Detection flush error: Detection.__init__() missing 1 required positional argument: 'id'
2026-09-22 11:38:13 [ERROR   ] sdr_monitor.web_backend (main.py:216): Detection flush error: Detection.__init__() missing 1 required positional argument: 'id'
2026-09-22 11:38:13 [ERROR   ] sdr_monitor.web_backend (main.py:216): Detection flush error: Detection.__init__() missing 1 required positional argument: 'id'
2026-09-22 11:38:14 [ERROR   ] sdr_monitor.web_backend (main.py:216): Detection flush error: Detection.__init__() missing 1 required positional argument: 'id'
2026-09-22 11:38:14 [ERROR   ] sdr_monitor.web_backend (main.py:216): Detection flush error: Detection.__init__() missing 1 required positional argument: 'id'
2026-09-22 11:38:15 [ERROR   ] sdr_monitor.web_backend (main.py:216): Detection flush error: Detection.__init__() missing 1 required positional argument: 'id'
2026-09-22 11:38:15 [ERROR   ] sdr_monitor.web_backend (main.py:216): Detection flush error: Detection.__init__() missing 1 required positional argument: 'id'
2026-09-22 11:38:16 [ERROR   ] sdr_monitor.web_backend (main.py:216): Detection flush error: Detection.__init__() missing 1 required positional argument: 'id'
2026-09-22 11:38:16 [ERROR   ] sdr_monitor.web_backend (main.py:216): Detection flush error: Detection.__init__() missing 1 required positional argument: 'id'
2026-09-22 11:38:17 [ERROR   ] sdr_monitor.web_backend (main.py:216): Detection flush error: Detection.__init__() missing 1 required positional argument: 'id'
2026-09-22 11:38:17 [ERROR   ] sdr_monitor.web_backend (main.py:216): Detection flush error: Detection.__init__() missing 1 required positional argument: 'id'
2026-09-22 11:38:18 [ERROR   ] sdr_monitor.web_backend (main.py:216): Detection flush error: Detection.__init__() missing 1 required positional argument: 'id'
2026-09-22 11:38:18 [ERROR   ] sdr_monitor.web_backend (main.py:216): Detection flush error: Detection.__init__() missing 1 required positional argument: 'id'
2026-09-22 11:38:19 [ERROR   ] sdr_monitor.web_backend (main.py:216): Detection flush error: Detection.__init__() missing 1 required positional argument: 'id'
2026-09-22 11:38:19 [ERROR   ] sdr_monitor.web_backend (main.py:216): Detection flush error: Detection.__init__() missing 1 required positional argument: 'id'
2026-09-22 11:38:20 [ERROR   ] sdr_monitor.web_backend (main.py:216): Detection flush error: Detection.__init__() missing 1 required positional argument: 'id'
2026-09-22 11:38:20 [ERROR   ] sdr_monitor.web_backend (main.py:216): Detection flush error: Detection.__init__() missing 1 required positional argument: 'id'
2026-09-22 11:38:21 [ERROR   ] sdr_monitor.web_backend (main.py:216): Detection flush error: Detection.__init__() missing 1 required positional argument: 'id'
2026-09-22 11:38:21 [ERROR   ] sdr_monitor.web_backend (main.py:216): Detection flush error: Detection.__init__() missing 1 required positional argument: 'id'
2026-09-22 11:38:22 [ERROR   ] sdr_monitor.web_backend (main.py:216): Detection flush error: Detection.__init__() missing 1 required positional argument: 'id'
2026-09-22 11:38:22 [ERROR   ] sdr_monitor.web_backend (main.py:216): Detection flush error: Detection.__init__() missing 1 required positional argument: 'id'
2026-09-22 11:38:23 [ERROR   ] sdr_monitor.web_backend (main.py:216): Detection flush error: Detection.__init__() missing 1 required positional argument: 'id'
2026-09-22 11:38:23 [ERROR   ] sdr_monitor.web_backend (main.py:216): Detection flush error: Detection.__init__() missing 1 required positional argument: 'id'
2026-09-22 11:38:24 [ERROR   ] sdr_monitor.web_backend (main.py:216): Detection flush error: Detection.__init__() missing 1 required positional argument: 'id'
2026-09-22 11:38:24 [ERROR   ] sdr_monitor.web_backend (main.py:216): Detection flush error: Detection.__init__() missing 1 required positional argument: 'id'
2026-09-22 11:38:25 [ERROR   ] sdr_monitor.web_backend (main.py:216): Detection flush error: Detection.__init__() missing 1 required positional argument: 'id'
2026-09-22 11:38:25 [ERROR   ] sdr_monitor.web_backend (main.py:216): Detection flush error: Detection.__init__() missing 1 required positional argument: 'id'
2026-09-22 11:38:26 [ERROR   ] sdr_monitor.web_backend (main.py:216): Detection flush error: Detection.__init__() missing 1 required positional argument: 'id'
2026-09-22 11:38:26 [ERROR   ] sdr_monitor.web_backend (main.py:216): Detection flush error: Detection.__init__() missing 1 required positional argument: 'id'
2026-09-22 11:38:27 [ERROR   ] sdr_monitor.web_backend (main.py:216): Detection flush error: Detection.__init__() missing 1 required positional argument: 'id'
2026-09-22 11:38:27 [ERROR   ] sdr_monitor.web_backend (main.py:216): Detection flush error: Detection.__init__() missing 1 required positional argument: 'id'
2026-09-22 11:38:28 [ERROR   ] sdr_monitor.web_backend (main.py:216): Detection flush error: Detection.__init__() missing 1 required positional argument: 'id'
2026-09-22 11:38:28 [ERROR   ] sdr_monitor.web_backend (main.py:216): Detection flush error: Detection.__init__() missing 1 required positional argument: 'id'
2026-09-22 11:38:29 [ERROR   ] sdr_monitor.web_backend (main.py:216): Detection flush error: Detection.__init__() missing 1 required positional argument: 'id'
2026-09-22 11:38:29 [ERROR   ] sdr_monitor.web_backend (main.py:216): Detection flush error: Detection.__init__() missing 1 required positional argument: 'id'
2026-09-22 11:38:30 [ERROR   ] sdr_monitor.web_backend (main.py:216): Detection flush error: Detection.__init__() missing 1 required positional argument: 'id'
2026-09-22 11:38:31 [ERROR   ] sdr_monitor.web_backend (main.py:216): Detection flush error: Detection.__init__() missing 1 required positional argument: 'id'
2026-09-22 11:38:31 [ERROR   ] sdr_monitor.web_backend (main.py:216): Detection flush error: Detection.__init__() missing 1 required positional argument: 'id'
2026-09-22 11:38:32 [ERROR   ] sdr_monitor.web_backend (main.py:216): Detection flush error: Detection.__init__() missing 1 required positional argument: 'id'
2026-09-22 11:38:32 [ERROR   ] sdr_monitor.web_backend (main.py:216): Detection flush error: Detection.__init__() missing 1 required positional argument: 'id'
2026-09-22 11:38:33 [ERROR   ] sdr_monitor.web_backend (main.py:216): Detection flush error: Detection.__init__() missing 1 required positional argument: 'id'
2026-09-22 11:38:33 [ERROR   ] sdr_monitor.web_backend (main.py:216): Detection flush error: Detection.__init__() missing 1 required positional argument: 'id'
2026-09-22 11:38:34 [ERROR   ] sdr_monitor.web_backend (main.py:216): Detection flush error: Detection.__init__() missing 1 required positional argument: 'id'
2026-09-22 11:38:34 [ERROR   ] sdr_monitor.web_backend (main.py:216): Detection flush error: Detection.__init__() missing 1 required positional argument: 'id'
2026-09-22 11:38:35 [ERROR   ] sdr_monitor.web_backend (main.py:216): Detection flush error: Detection.__init__() missing 1 required positional argument: 'id'
2026-09-22 11:38:35 [ERROR   ] sdr_monitor.web_backend (main.py:216): Detection flush error: Detection.__init__() missing 1 required positional argument: 'id'
2026-09-22 11:38:36 [ERROR   ] sdr_monitor.web_backend (main.py:216): Detection flush error: Detection.__init__() missing 1 required positional argument: 'id'
2026-09-22 11:38:36 [ERROR   ] sdr_monitor.web_backend (main.py:216): Detection flush error: Detection.__init__() missing 1 required positional argument: 'id'
2026-09-22 11:38:37 [ERROR   ] sdr_monitor.web_backend (main.py:216): Detection flush error: Detection.__init__() missing 1 required positional argument: 'id'
2026-09-22 11:38:37 [ERROR   ] sdr_monitor.web_backend (main.py:216): Detection flush error: Detection.__init__() missing 1 required positional argument: 'id'
2026-09-22 11:38:38 [ERROR   ] sdr_monitor.web_backend (main.py:216): Detection flush error: Detection.__init__() missing 1 required positional argument: 'id'
2026-09-22 11:38:38 [ERROR   ] sdr_monitor.web_backend (main.py:216): Detection flush error: Detection.__init__() missing 1 required positional argument: 'id'
2026-09-22 11:38:39 [ERROR   ] sdr_monitor.web_backend (main.py:216): Detection flush error: Detection.__init__() missing 1 required positional argument: 'id'
2026-09-22 11:38:39 [ERROR   ] sdr_monitor.web_backend (main.py:216): Detection flush error: Detection.__init__() missing 1 required positional argument: 'id'
2026-09-22 11:38:40 [ERROR   ] sdr_monitor.web_backend (main.py:216): Detection flush error: Detection.__init__() missing 1 required positional argument: 'id'
2026-09-22 11:38:40 [ERROR   ] sdr_monitor.web_backend (main.py:216): Detection flush error: Detection.__init__() missing 1 required positional argument: 'id'
2026-09-22 11:38:41 [ERROR   ] sdr_monitor.web_backend (main.py:216): Detection flush error: Detection.__init__() missing 1 required positional argument: 'id'
2026-09-22 11:38:41 [ERROR   ] sdr_monitor.web_backend (main.py:216): Detection flush error: Detection.__init__() missing 1 required positional argument: 'id'
2026-09-22 11:38:42 [ERROR   ] sdr_monitor.web_backend (main.py:216): Detection flush error: Detection.__init__() missing 1 required positional argument: 'id'
2026-09-22 11:38:42 [ERROR   ] sdr_monitor.web_backend (main.py:216): Detection flush error: Detection.__init__() missing 1 required positional argument: 'id'
2026-09-22 11:38:43 [ERROR   ] sdr_monitor.web_backend (main.py:216): Detection flush error: Detection.__init__() missing 1 required positional argument: 'id'
2026-09-22 11:38:43 [ERROR   ] sdr_monitor.web_backend (main.py:216): Detection flush error: Detection.__init__() missing 1 required positional argument: 'id'
2026-09-22 11:38:44 [ERROR   ] sdr_monitor.web_backend (main.py:216): Detection flush error: Detection.__init__() missing 1 required positional argument: 'id'
2026-09-22 11:38:44 [ERROR   ] sdr_monitor.web_backend (main.py:216): Detection flush error: Detection.__init__() missing 1 required positional argument: 'id'
2026-09-22 11:38:45 [ERROR   ] sdr_monitor.web_backend (main.py:216): Detection flush error: Detection.__init__() missing 1 required positional argument: 'id'
2026-09-22 11:38:47 [ERROR   ] sdr_monitor.web_backend (main.py:216): Detection flush error: Detection.__init__() missing 1 required positional argument: 'id'
2026-09-22 11:38:47 [ERROR   ] sdr_monitor.web_backend (main.py:216): Detection flush error: Detection.__init__() missing 1 required positional argument: 'id'
2026-09-22 11:38:48 [ERROR   ] sdr_monitor.web_backend (main.py:216): Detection flush error: Detection.__init__() missing 1 required positional argument: 'id'
2026-09-22 11:38:48 [ERROR   ] sdr_monitor.web_backend (main.py:216): Detection flush error: Detection.__init__() missing 1 required positional argument: 'id'
2026-09-22 11:38:49 [ERROR   ] sdr_monitor.web_backend (main.py:216): Detection flush error: Detection.__init__() missing 1 required positional argument: 'id'
2026-09-22 11:38:49 [ERROR   ] sdr_monitor.web_backend (main.py:216): Detection flush error: Detection.__init__() missing 1 required positional argument: 'id'
2026-09-22 11:38:50 [ERROR   ] sdr_monitor.web_backend (main.py:216): Detection flush error: Detection.__init__() missing 1 required positional argument: 'id'
2026-09-22 11:38:50 [ERROR   ] sdr_monitor.web_backend (main.py:216): Detection flush error: Detection.__init__() missing 1 required positional argument: 'id'
2026-09-22 11:38:51 [ERROR   ] sdr_monitor.web_backend (main.py:216): Detection flush error: Detection.__init__() missing 1 required positional argument: 'id'
2026-09-22 11:38:51 [ERROR   ] sdr_monitor.web_backend (main.py:216): Detection flush error: Detection.__init__() missing 1 required positional argument: 'id'
2026-09-22 11:38:52 [ERROR   ] sdr_monitor.web_backend (main.py:216): Detection flush error: Detection.__init__() missing 1 required positional argument: 'id'
2026-09-22 11:38:52 [ERROR   ] sdr_monitor.web_backend (main.py:216): Detection flush error: Detection.__init__() missing 1 required positional argument: 'id'
2026-09-22 11:38:53 [ERROR   ] sdr_monitor.web_backend (main.py:216): Detection flush error: Detection.__init__() missing 1 required positional argument: 'id'
2026-09-22 11:38:53 [ERROR   ] sdr_monitor.web_backend (main.py:216): Detection flush error: Detection.__init__() missing 1 required positional argument: 'id'
2026-09-22 11:38:54 [ERROR   ] sdr_monitor.web_backend (main.py:216): Detection flush error: Detection.__init__() missing 1 required positional argument: 'id'
2026-09-22 11:38:54 [ERROR   ] sdr_monitor.web_backend (main.py:216): Detection flush error: Detection.__init__() missing 1 required positional argument: 'id'
2026-09-22 11:38:55 [ERROR   ] sdr_monitor.web_backend (main.py:216): Detection flush error: Detection.__init__() missing 1 required positional argument: 'id'
2026-09-22 11:38:55 [ERROR   ] sdr_monitor.web_backend (main.py:216): Detection flush error: Detection.__init__() missing 1 required positional argument: 'id'
2026-09-22 11:38:56 [ERROR   ] sdr_monitor.web_backend (main.py:216): Detection flush error: Detection.__init__() missing 1 required positional argument: 'id'
2026-09-22 11:38:56 [ERROR   ] sdr_monitor.web_backend (main.py:216): Detection flush error: Detection.__init__() missing 1 required positional argument: 'id'
2026-09-22 11:38:57 [ERROR   ] sdr_monitor.web_backend (main.py:216): Detection flush error: Detection.__init__() missing 1 required positional argument: 'id'
2026-09-22 11:38:57 [ERROR   ] sdr_monitor.web_backend (main.py:216): Detection flush error: Detection.__init__() missing 1 required positional argument: 'id'
2026-09-22 11:38:58 [ERROR   ] sdr_monitor.web_backend (main.py:216): Detection flush error: Detection.__init__() missing 1 required positional argument: 'id'
2026-09-22 11:38:59 [ERROR   ] sdr_monitor.web_backend (main.py:216): Detection flush error: Detection.__init__() missing 1 required positional argument: 'id'
2026-09-22 11:38:59 [ERROR   ] sdr_monitor.web_backend (main.py:216): Detection flush error: Detection.__init__() missing 1 required positional argument: 'id'
2026-09-22 11:39:00 [ERROR   ] sdr_monitor.web_backend (main.py:216): Detection flush error: Detection.__init__() missing 1 required positional argument: 'id'
2026-09-22 11:39:00 [ERROR   ] sdr_monitor.web_backend (main.py:216): Detection flush error: Detection.__init__() missing 1 required positional argument: 'id'
2026-09-22 11:39:01 [ERROR   ] sdr_monitor.web_backend (main.py:216): Detection flush error: Detection.__init__() missing 1 required positional argument: 'id'
2026-09-22 11:39:01 [ERROR   ] sdr_monitor.web_backend (main.py:216): Detection flush error: Detection.__init__() missing 1 required positional argument: 'id'
2026-09-22 11:39:02 [ERROR   ] sdr_monitor.web_backend (main.py:216): Detection flush error: Detection.__init__() missing 1 required positional argument: 'id'
2026-09-22 11:39:02 [ERROR   ] sdr_monitor.web_backend (main.py:216): Detection flush error: Detection.__init__() missing 1 required positional argument: 'id'
2026-09-22 11:39:03 [ERROR   ] sdr_monitor.web_backend (main.py:216): Detection flush error: Detection.__init__() missing 1 required positional argument: 'id'
2026-09-22 11:39:03 [ERROR   ] sdr_monitor.web_backend (main.py:216): Detection flush error: Detection.__init__() missing 1 required positional argument: 'id'
2026-09-22 11:39:04 [ERROR   ] sdr_monitor.web_backend (main.py:216): Detection flush error: Detection.__init__() missing 1 required positional argument: 'id'
2026-09-22 11:39:04 [ERROR   ] sdr_monitor.web_backend (main.py:216): Detection flush error: Detection.__init__() missing 1 required positional argument: 'id'
2026-09-22 11:39:05 [ERROR   ] sdr_monitor.web_backend (main.py:216): Detection flush error: Detection.__init__() missing 1 required positional argument: 'id'
2026-09-22 11:39:05 [ERROR   ] sdr_monitor.web_backend (main.py:216): Detection flush error: Detection.__init__() missing 1 required positional argument: 'id'
2026-09-22 11:39:06 [ERROR   ] sdr_monitor.web_backend (main.py:216): Detection flush error: Detection.__init__() missing 1 required positional argument: 'id'
2026-09-22 11:39:06 [ERROR   ] sdr_monitor.web_backend (main.py:216): Detection flush error: Detection.__init__() missing 1 required positional argument: 'id'
2026-09-22 11:39:07 [ERROR   ] sdr_monitor.web_backend (main.py:216): Detection flush error: Detection.__init__() missing 1 required positional argument: 'id'
2026-09-22 11:39:07 [ERROR   ] sdr_monitor.web_backend (main.py:216): Detection flush error: Detection.__init__() missing 1 required positional argument: 'id'
2026-09-22 11:39:08 [ERROR   ] sdr_monitor.web_backend (main.py:216): Detection flush error: Detection.__init__() missing 1 required positional argument: 'id'
2026-09-22 11:39:08 [ERROR   ] sdr_monitor.web_backend (main.py:216): Detection flush error: Detection.__init__() missing 1 required positional argument: 'id'
2026-09-22 11:39:09 [ERROR   ] sdr_monitor.web_backend (main.py:216): Detection flush error: Detection.__init__() missing 1 required positional argument: 'id'
2026-09-22 11:39:09 [ERROR   ] sdr_monitor.web_backend (main.py:216): Detection flush error: Detection.__init__() missing 1 required positional argument: 'id'
2026-09-22 11:39:10 [ERROR   ] sdr_monitor.web_backend (main.py:216): Detection flush error: Detection.__init__() missing 1 required positional argument: 'id'
2026-09-22 11:39:10 [ERROR   ] sdr_monitor.web_backend (main.py:216): Detection flush error: Detection.__init__() missing 1 required positional argument: 'id'
2026-09-22 11:39:11 [ERROR   ] sdr_monitor.web_backend (main.py:216): Detection flush error: Detection.__init__() missing 1 required positional argument: 'id'
2026-09-22 11:39:11 [ERROR   ] sdr_monitor.web_backend (main.py:216): Detection flush error: Detection.__init__() missing 1 required positional argument: 'id'
2026-09-22 11:39:12 [ERROR   ] sdr_monitor.web_backend (main.py:216): Detection flush error: Detection.__init__() missing 1 required positional argument: 'id'
2026-09-22 11:39:12 [ERROR   ] sdr_monitor.web_backend (main.py:216): Detection flush error: Detection.__init__() missing 1 required positional argument: 'id'
2026-09-22 11:39:13 [ERROR   ] sdr_monitor.web_backend (main.py:216): Detection flush error: Detection.__init__() missing 1 required positional argument: 'id'
2026-09-22 11:39:13 [ERROR   ] sdr_monitor.web_backend (main.py:216): Detection flush error: Detection.__init__() missing 1 required positional argument: 'id'
2026-09-22 11:39:14 [ERROR   ] sdr_monitor.web_backend (main.py:216): Detection flush error: Detection.__init__() missing 1 required positional argument: 'id'
2026-09-22 11:39:14 [ERROR   ] sdr_monitor.web_backend (main.py:216): Detection flush error: Detection.__init__() missing 1 required positional argument: 'id'
2026-09-22 11:39:15 [ERROR   ] sdr_monitor.web_backend (main.py:216): Detection flush error: Detection.__init__() missing 1 required positional argument: 'id'
2026-09-22 11:39:15 [ERROR   ] sdr_monitor.web_backend (main.py:216): Detection flush error: Detection.__init__() missing 1 required positional argument: 'id'
2026-09-22 11:39:16 [ERROR   ] sdr_monitor.web_backend (main.py:216): Detection flush error: Detection.__init__() missing 1 required positional argument: 'id'
2026-09-22 11:39:16 [ERROR   ] sdr_monitor.web_backend (main.py:216): Detection flush error: Detection.__init__() missing 1 required positional argument: 'id'
2026-09-22 11:39:17 [ERROR   ] sdr_monitor.web_backend (main.py:216): Detection flush error: Detection.__init__() missing 1 required positional argument: 'id'
2026-09-22 11:39:17 [ERROR   ] sdr_monitor.web_backend (main.py:216): Detection flush error: Detection.__init__() missing 1 required positional argument: 'id'
2026-09-22 11:39:18 [ERROR   ] sdr_monitor.web_backend (main.py:216): Detection flush error: Detection.__init__() missing 1 required positional argument: 'id'
2026-09-22 11:39:18 [ERROR   ] sdr_monitor.web_backend (main.py:216): Detection flush error: Detection.__init__() missing 1 required positional argument: 'id'
2026-09-22 11:39:19 [ERROR   ] sdr_monitor.web_backend (main.py:216): Detection flush error: Detection.__init__() missing 1 required positional argument: 'id'
2026-09-22 11:39:20 [ERROR   ] sdr_monitor.web_backend (main.py:216): Detection flush error: Detection.__init__() missing 1 required positional argument: 'id'
2026-09-22 11:39:20 [ERROR   ] sdr_monitor.web_backend (main.py:216): Detection flush error: Detection.__init__() missing 1 required positional argument: 'id'
2026-09-22 11:39:21 [ERROR   ] sdr_monitor.web_backend (main.py:216): Detection flush error: Detection.__init__() missing 1 required positional argument: 'id'
2026-09-22 11:39:21 [ERROR   ] sdr_monitor.web_backend (main.py:216): Detection flush error: Detection.__init__() missing 1 required positional argument: 'id'
2026-09-22 11:39:22 [ERROR   ] sdr_monitor.web_backend (main.py:216): Detection flush error: Detection.__init__() missing 1 required positional argument: 'id'
2026-09-22 11:39:22 [ERROR   ] sdr_monitor.web_backend (main.py:216): Detection flush error: Detection.__init__() missing 1 required positional argument: 'id'
2026-09-22 11:39:23 [ERROR   ] sdr_monitor.web_backend (main.py:216): Detection flush error: Detection.__init__() missing 1 required positional argument: 'id'
2026-09-22 11:39:23 [ERROR   ] sdr_monitor.web_backend (main.py:216): Detection flush error: Detection.__init__() missing 1 required positional argument: 'id'
2026-09-22 11:39:24 [ERROR   ] sdr_monitor.web_backend (main.py:216): Detection flush error: Detection.__init__() missing 1 required positional argument: 'id'
2026-09-22 11:39:24 [ERROR   ] sdr_monitor.web_backend (main.py:216): Detection flush error: Detection.__init__() missing 1 required positional argument: 'id'
2026-09-22 11:39:25 [ERROR   ] sdr_monitor.web_backend (main.py:216): Detection flush error: Detection.__init__() missing 1 required positional argument: 'id'
2026-09-22 11:39:25 [ERROR   ] sdr_monitor.web_backend (main.py:216): Detection flush error: Detection.__init__() missing 1 required positional argument: 'id'
2026-09-22 11:39:26 [ERROR   ] sdr_monitor.web_backend (main.py:216): Detection flush error: Detection.__init__() missing 1 required positional argument: 'id'
2026-09-22 11:39:26 [ERROR   ] sdr_monitor.web_backend (main.py:216): Detection flush error: Detection.__init__() missing 1 required positional argument: 'id'
2026-09-22 11:39:27 [ERROR   ] sdr_monitor.web_backend (main.py:216): Detection flush error: Detection.__init__() missing 1 required positional argument: 'id'
2026-09-22 11:39:27 [ERROR   ] sdr_monitor.web_backend (main.py:216): Detection flush error: Detection.__init__() missing 1 required positional argument: 'id'
2026-09-22 11:39:28 [ERROR   ] sdr_monitor.web_backend (main.py:216): Detection flush error: Detection.__init__() missing 1 required positional argument: 'id'
2026-09-22 11:39:28 [ERROR   ] sdr_monitor.web_backend (main.py:216): Detection flush error: Detection.__init__() missing 1 required positional argument: 'id'
2026-09-22 11:39:29 [ERROR   ] sdr_monitor.web_backend (main.py:216): Detection flush error: Detection.__init__() missing 1 required positional argument: 'id'
2026-09-22 11:39:29 [ERROR   ] sdr_monitor.web_backend (main.py:216): Detection flush error: Detection.__init__() missing 1 required positional argument: 'id'
2026-09-22 11:39:30 [ERROR   ] sdr_monitor.web_backend (main.py:216): Detection flush error: Detection.__init__() missing 1 required positional argument: 'id'
2026-09-22 11:39:30 [ERROR   ] sdr_monitor.web_backend (main.py:216): Detection flush error: Detection.__init__() missing 1 required positional argument: 'id'
2026-09-22 11:39:31 [ERROR   ] sdr_monitor.web_backend (main.py:216): Detection flush error: Detection.__init__() missing 1 required positional argument: 'id'
2026-09-22 11:39:31 [ERROR   ] sdr_monitor.web_backend (main.py:216): Detection flush error: Detection.__init__() missing 1 required positional argument: 'id'
2026-09-22 11:39:32 [ERROR   ] sdr_monitor.web_backend (main.py:216): Detection flush error: Detection.__init__() missing 1 required positional argument: 'id'
2026-09-22 11:39:32 [ERROR   ] sdr_monitor.web_backend (main.py:216): Detection flush error: Detection.__init__() missing 1 required positional argument: 'id'
2026-09-22 11:39:33 [ERROR   ] sdr_monitor.web_backend (main.py:216): Detection flush error: Detection.__init__() missing 1 required positional argument: 'id'
2026-09-22 11:39:33 [ERROR   ] sdr_monitor.web_backend (main.py:216): Detection flush error: Detection.__init__() missing 1 required positional argument: 'id'
2026-09-22 11:39:34 [ERROR   ] sdr_monitor.web_backend (main.py:216): Detection flush error: Detection.__init__() missing 1 required positional argument: 'id'
2026-09-22 11:39:34 [ERROR   ] sdr_monitor.web_backend (main.py:216): Detection flush error: Detection.__init__() missing 1 required positional argument: 'id'
2026-09-22 11:39:35 [ERROR   ] sdr_monitor.web_backend (main.py:216): Detection flush error: Detection.__init__() missing 1 required positional argument: 'id'
2026-09-22 11:39:35 [ERROR   ] sdr_monitor.web_backend (main.py:216): Detection flush error: Detection.__init__() missing 1 required positional argument: 'id'
2026-09-22 11:39:36 [ERROR   ] sdr_monitor.web_backend (main.py:216): Detection flush error: Detection.__init__() missing 1 required positional argument: 'id'
2026-09-22 11:39:36 [ERROR   ] sdr_monitor.web_backend (main.py:216): Detection flush error: Detection.__init__() missing 1 required positional argument: 'id'
2026-09-22 11:39:37 [ERROR   ] sdr_monitor.web_backend (main.py:216): Detection flush error: Detection.__init__() missing 1 required positional argument: 'id'
2026-09-22 11:39:37 [ERROR   ] sdr_monitor.web_backend (main.py:216): Detection flush error: Detection.__init__() missing 1 required positional argument: 'id'
2026-09-22 11:39:38 [ERROR   ] sdr_monitor.web_backend (main.py:216): Detection flush error: Detection.__init__() missing 1 required positional argument: 'id'
2026-09-22 11:39:38 [ERROR   ] sdr_monitor.web_backend (main.py:216): Detection flush error: Detection.__init__() missing 1 required positional argument: 'id'
2026-09-22 11:39:39 [ERROR   ] sdr_monitor.web_backend (main.py:216): Detection flush error: Detection.__init__() missing 1 required positional argument: 'id'
2026-09-22 11:39:39 [ERROR   ] sdr_monitor.web_backend (main.py:216): Detection flush error: Detection.__init__() missing 1 required positional argument: 'id'
2026-09-22 11:39:40 [ERROR   ] sdr_monitor.web_backend (main.py:216): Detection flush error: Detection.__init__() missing 1 required positional argument: 'id'
2026-09-22 11:39:40 [ERROR   ] sdr_monitor.web_backend (main.py:216): Detection flush error: Detection.__init__() missing 1 required positional argument: 'id'
2026-09-22 11:39:41 [ERROR   ] sdr_monitor.web_backend (main.py:216): Detection flush error: Detection.__init__() missing 1 required positional argument: 'id'
2026-09-22 11:39:42 [ERROR   ] sdr_monitor.web_backend (main.py:216): Detection flush error: Detection.__init__() missing 1 required positional argument: 'id'
2026-09-22 11:39:42 [ERROR   ] sdr_monitor.web_backend (main.py:216): Detection flush error: Detection.__init__() missing 1 required positional argument: 'id'
2026-09-22 11:39:43 [ERROR   ] sdr_monitor.web_backend (main.py:216): Detection flush error: Detection.__init__() missing 1 required positional argument: 'id'
2026-09-22 11:39:43 [ERROR   ] sdr_monitor.web_backend (main.py:216): Detection flush error: Detection.__init__() missing 1 required positional argument: 'id'
2026-09-22 11:39:44 [ERROR   ] sdr_monitor.web_backend (main.py:216): Detection flush error: Detection.__init__() missing 1 required positional argument: 'id'
2026-09-22 11:39:44 [ERROR   ] sdr_monitor.web_backend (main.py:216): Detection flush error: Detection.__init__() missing 1 required positional argument: 'id'
2026-09-22 11:39:45 [ERROR   ] sdr_monitor.web_backend (main.py:216): Detection flush error: Detection.__init__() missing 1 required positional argument: 'id'
2026-09-22 11:39:45 [ERROR   ] sdr_monitor.web_backend (main.py:216): Detection flush error: Detection.__init__() missing 1 required positional argument: 'id'
2026-09-22 11:39:46 [ERROR   ] sdr_monitor.web_backend (main.py:216): Detection flush error: Detection.__init__() missing 1 required positional argument: 'id'
2026-09-22 11:39:46 [ERROR   ] sdr_monitor.web_backend (main.py:216): Detection flush error: Detection.__init__() missing 1 required positional argument: 'id'
2026-09-22 11:39:47 [ERROR   ] sdr_monitor.web_backend (main.py:216): Detection flush error: Detection.__init__() missing 1 required positional argument: 'id'
2026-09-22 11:39:47 [ERROR   ] sdr_monitor.web_backend (main.py:216): Detection flush error: Detection.__init__() missing 1 required positional argument: 'id'
2026-09-22 11:39:48 [ERROR   ] sdr_monitor.web_backend (main.py:216): Detection flush error: Detection.__init__() missing 1 required positional argument: 'id'
2026-09-22 11:39:48 [ERROR   ] sdr_monitor.web_backend (main.py:216): Detection flush error: Detection.__init__() missing 1 required positional argument: 'id'
2026-09-22 11:39:49 [ERROR   ] sdr_monitor.web_backend (main.py:216): Detection flush error: Detection.__init__() missing 1 required positional argument: 'id'
2026-09-22 11:39:49 [ERROR   ] sdr_monitor.web_backend (main.py:216): Detection flush error: Detection.__init__() missing 1 required positional argument: 'id'
2026-09-22 11:39:50 [ERROR   ] sdr_monitor.web_backend (main.py:216): Detection flush error: Detection.__init__() missing 1 required positional argument: 'id'
2026-09-22 11:39:50 [ERROR   ] sdr_monitor.web_backend (main.py:216): Detection flush error: Detection.__init__() missing 1 required positional argument: 'id'
2026-09-22 11:39:51 [ERROR   ] sdr_monitor.web_backend (main.py:216): Detection flush error: Detection.__init__() missing 1 required positional argument: 'id'
2026-09-22 11:39:51 [ERROR   ] sdr_monitor.web_backend (main.py:216): Detection flush error: Detection.__init__() missing 1 required positional argument: 'id'
2026-09-22 11:39:52 [ERROR   ] sdr_monitor.web_backend (main.py:216): Detection flush error: Detection.__init__() missing 1 required positional argument: 'id'
2026-09-22 11:39:52 [ERROR   ] sdr_monitor.web_backend (main.py:216): Detection flush error: Detection.__init__() missing 1 required positional argument: 'id'
2026-09-22 11:39:53 [ERROR   ] sdr_monitor.web_backend (main.py:216): Detection flush error: Detection.__init__() missing 1 required positional argument: 'id'
2026-09-22 11:39:53 [ERROR   ] sdr_monitor.web_backend (main.py:216): Detection flush error: Detection.__init__() missing 1 required positional argument: 'id'
2026-09-22 11:39:54 [ERROR   ] sdr_monitor.web_backend (main.py:216): Detection flush error: Detection.__init__() missing 1 required positional argument: 'id'
2026-09-22 11:39:54 [ERROR   ] sdr_monitor.web_backend (main.py:216): Detection flush error: Detection.__init__() missing 1 required positional argument: 'id'
2026-09-22 11:39:55 [ERROR   ] sdr_monitor.web_backend (main.py:216): Detection flush error: Detection.__init__() missing 1 required positional argument: 'id'
2026-09-22 11:39:55 [ERROR   ] sdr_monitor.web_backend (main.py:216): Detection flush error: Detection.__init__() missing 1 required positional argument: 'id'
2026-09-22 11:39:56 [ERROR   ] sdr_monitor.web_backend (main.py:216): Detection flush error: Detection.__init__() missing 1 required positional argument: 'id'
2026-09-22 11:39:56 [ERROR   ] sdr_monitor.web_backend (main.py:216): Detection flush error: Detection.__init__() missing 1 required positional argument: 'id'
2026-09-22 11:39:57 [ERROR   ] sdr_monitor.web_backend (main.py:216): Detection flush error: Detection.__init__() missing 1 required positional argument: 'id'
2026-09-22 11:39:57 [ERROR   ] sdr_monitor.web_backend (main.py:216): Detection flush error: Detection.__init__() missing 1 required positional argument: 'id'
2026-09-22 11:39:58 [ERROR   ] sdr_monitor.web_backend (main.py:216): Detection flush error: Detection.__init__() missing 1 required positional argument: 'id'
2026-09-22 11:39:58 [ERROR   ] sdr_monitor.web_backend (main.py:216): Detection flush error: Detection.__init__() missing 1 required positional argument: 'id'
2026-09-22 11:39:59 [ERROR   ] sdr_monitor.web_backend (main.py:216): Detection flush error: Detection.__init__() missing 1 required positional argument: 'id'
2026-09-22 11:39:59 [ERROR   ] sdr_monitor.web_backend (main.py:216): Detection flush error: Detection.__init__() missing 1 required positional argument: 'id'
2026-09-22 11:40:00 [ERROR   ] sdr_monitor.web_backend (main.py:216): Detection flush error: Detection.__init__() missing 1 required positional argument: 'id'
2026-09-22 11:40:00 [ERROR   ] sdr_monitor.web_backend (main.py:216): Detection flush error: Detection.__init__() missing 1 required positional argument: 'id'
2026-09-22 11:40:01 [ERROR   ] sdr_monitor.web_backend (main.py:216): Detection flush error: Detection.__init__() missing 1 required positional argument: 'id'
2026-09-22 11:40:01 [ERROR   ] sdr_monitor.web_backend (main.py:216): Detection flush error: Detection.__init__() missing 1 required positional argument: 'id'
2026-09-22 11:40:02 [ERROR   ] sdr_monitor.web_backend (main.py:216): Detection flush error: Detection.__init__() missing 1 required positional argument: 'id'
2026-09-22 11:40:02 [ERROR   ] sdr_monitor.web_backend (main.py:216): Detection flush error: Detection.__init__() missing 1 required positional argument: 'id'
2026-09-22 11:40:03 [ERROR   ] sdr_monitor.web_backend (main.py:216): Detection flush error: Detection.__init__() missing 1 required positional argument: 'id'
2026-09-22 11:40:03 [ERROR   ] sdr_monitor.web_backend (main.py:216): Detection flush error: Detection.__init__() missing 1 required positional argument: 'id'
2026-09-22 11:40:04 [ERROR   ] sdr_monitor.web_backend (main.py:216): Detection flush error: Detection.__init__() missing 1 required positional argument: 'id'
2026-09-22 11:40:05 [ERROR   ] sdr_monitor.web_backend (main.py:216): Detection flush error: Detection.__init__() missing 1 required positional argument: 'id'
2026-09-22 11:40:05 [ERROR   ] sdr_monitor.web_backend (main.py:216): Detection flush error: Detection.__init__() missing 1 required positional argument: 'id'
2026-09-22 11:40:06 [ERROR   ] sdr_monitor.web_backend (main.py:216): Detection flush error: Detection.__init__() missing 1 required positional argument: 'id'
2026-09-22 11:40:06 [ERROR   ] sdr_monitor.web_backend (main.py:216): Detection flush error: Detection.__init__() missing 1 required positional argument: 'id'
2026-09-22 11:40:07 [ERROR   ] sdr_monitor.web_backend (main.py:216): Detection flush error: Detection.__init__() missing 1 required positional argument: 'id'
2026-09-22 11:40:07 [ERROR   ] sdr_monitor.web_backend (main.py:216): Detection flush error: Detection.__init__() missing 1 required positional argument: 'id'
2026-09-22 11:40:08 [ERROR   ] sdr_monitor.web_backend (main.py:216): Detection flush error: Detection.__init__() missing 1 required positional argument: 'id'
2026-09-22 11:40:08 [ERROR   ] sdr_monitor.web_backend (main.py:216): Detection flush error: Detection.__init__() missing 1 required positional argument: 'id'
2026-09-22 11:40:09 [ERROR   ] sdr_monitor.web_backend (main.py:216): Detection flush error: Detection.__init__() missing 1 required positional argument: 'id'
2026-09-22 11:40:09 [ERROR   ] sdr_monitor.web_backend (main.py:216): Detection flush error: Detection.__init__() missing 1 required positional argument: 'id'
2026-09-22 11:40:10 [ERROR   ] sdr_monitor.web_backend (main.py:216): Detection flush error: Detection.__init__() missing 1 required positional argument: 'id'
2026-09-22 11:40:10 [ERROR   ] sdr_monitor.web_backend (main.py:216): Detection flush error: Detection.__init__() missing 1 required positional argument: 'id'
2026-09-22 11:40:11 [ERROR   ] sdr_monitor.web_backend (main.py:216): Detection flush error: Detection.__init__() missing 1 required positional argument: 'id'
2026-09-22 11:40:11 [ERROR   ] sdr_monitor.web_backend (main.py:216): Detection flush error: Detection.__init__() missing 1 required positional argument: 'id'
2026-09-22 11:40:12 [ERROR   ] sdr_monitor.web_backend (main.py:216): Detection flush error: Detection.__init__() missing 1 required positional argument: 'id'
2026-09-22 11:40:12 [ERROR   ] sdr_monitor.web_backend (main.py:216): Detection flush error: Detection.__init__() missing 1 required positional argument: 'id'
2026-09-22 11:40:13 [ERROR   ] sdr_monitor.web_backend (main.py:216): Detection flush error: Detection.__init__() missing 1 required positional argument: 'id'
2026-09-22 11:40:13 [ERROR   ] sdr_monitor.web_backend (main.py:216): Detection flush error: Detection.__init__() missing 1 required positional argument: 'id'
2026-09-22 11:40:14 [ERROR   ] sdr_monitor.web_backend (main.py:216): Detection flush error: Detection.__init__() missing 1 required positional argument: 'id'
2026-09-22 11:40:14 [ERROR   ] sdr_monitor.web_backend (main.py:216): Detection flush error: Detection.__init__() missing 1 required positional argument: 'id'
2026-09-22 11:40:15 [ERROR   ] sdr_monitor.web_backend (main.py:216): Detection flush error: Detection.__init__() missing 1 required positional argument: 'id'
2026-09-22 11:40:15 [ERROR   ] sdr_monitor.web_backend (main.py:216): Detection flush error: Detection.__init__() missing 1 required positional argument: 'id'
2026-09-22 11:40:16 [ERROR   ] sdr_monitor.web_backend (main.py:216): Detection flush error: Detection.__init__() missing 1 required positional argument: 'id'
2026-09-22 11:40:16 [ERROR   ] sdr_monitor.web_backend (main.py:216): Detection flush error: Detection.__init__() missing 1 required positional argument: 'id'
2026-09-22 11:40:17 [ERROR   ] sdr_monitor.web_backend (main.py:216): Detection flush error: Detection.__init__() missing 1 required positional argument: 'id'
2026-09-22 11:40:17 [ERROR   ] sdr_monitor.web_backend (main.py:216): Detection flush error: Detection.__init__() missing 1 required positional argument: 'id'
2026-09-22 11:40:18 [ERROR   ] sdr_monitor.web_backend (main.py:216): Detection flush error: Detection.__init__() missing 1 required positional argument: 'id'
2026-09-22 11:40:18 [ERROR   ] sdr_monitor.web_backend (main.py:216): Detection flush error: Detection.__init__() missing 1 required positional argument: 'id'
2026-09-22 11:40:19 [ERROR   ] sdr_monitor.web_backend (main.py:216): Detection flush error: Detection.__init__() missing 1 required positional argument: 'id'
2026-09-22 11:40:19 [ERROR   ] sdr_monitor.web_backend (main.py:216): Detection flush error: Detection.__init__() missing 1 required positional argument: 'id'
2026-09-22 11:40:20 [ERROR   ] sdr_monitor.web_backend (main.py:216): Detection flush error: Detection.__init__() missing 1 required positional argument: 'id'
2026-09-22 11:40:20 [ERROR   ] sdr_monitor.web_backend (main.py:216): Detection flush error: Detection.__init__() missing 1 required positional argument: 'id'
2026-09-22 11:40:21 [ERROR   ] sdr_monitor.web_backend (main.py:216): Detection flush error: Detection.__init__() missing 1 required positional argument: 'id'
2026-09-22 11:40:21 [ERROR   ] sdr_monitor.web_backend (main.py:216): Detection flush error: Detection.__init__() missing 1 required positional argument: 'id'
2026-09-22 11:40:22 [ERROR   ] sdr_monitor.web_backend (main.py:216): Detection flush error: Detection.__init__() missing 1 required positional argument: 'id'
2026-09-22 11:40:22 [ERROR   ] sdr_monitor.web_backend (main.py:216): Detection flush error: Detection.__init__() missing 1 required positional argument: 'id'
2026-09-22 11:40:23 [ERROR   ] sdr_monitor.web_backend (main.py:216): Detection flush error: Detection.__init__() missing 1 required positional argument: 'id'
2026-09-22 11:40:24 [ERROR   ] sdr_monitor.web_backend (main.py:216): Detection flush error: Detection.__init__() missing 1 required positional argument: 'id'
2026-09-22 11:40:24 [ERROR   ] sdr_monitor.web_backend (main.py:216): Detection flush error: Detection.__init__() missing 1 required positional argument: 'id'
2026-09-22 11:40:25 [ERROR   ] sdr_monitor.web_backend (main.py:216): Detection flush error: Detection.__init__() missing 1 required positional argument: 'id'
2026-09-22 11:40:25 [ERROR   ] sdr_monitor.web_backend (main.py:216): Detection flush error: Detection.__init__() missing 1 required positional argument: 'id'
2026-09-22 11:40:26 [ERROR   ] sdr_monitor.web_backend (main.py:216): Detection flush error: Detection.__init__() missing 1 required positional argument: 'id'
2026-09-22 11:40:26 [ERROR   ] sdr_monitor.web_backend (main.py:216): Detection flush error: Detection.__init__() missing 1 required positional argument: 'id'
2026-09-22 11:40:27 [ERROR   ] sdr_monitor.web_backend (main.py:216): Detection flush error: Detection.__init__() missing 1 required positional argument: 'id'
2026-09-22 11:40:27 [ERROR   ] sdr_monitor.web_backend (main.py:216): Detection flush error: Detection.__init__() missing 1 required positional argument: 'id'
2026-09-22 11:40:28 [ERROR   ] sdr_monitor.web_backend (main.py:216): Detection flush error: Detection.__init__() missing 1 required positional argument: 'id'
2026-09-22 11:40:28 [ERROR   ] sdr_monitor.web_backend (main.py:216): Detection flush error: Detection.__init__() missing 1 required positional argument: 'id'
2026-09-22 11:40:29 [ERROR   ] sdr_monitor.web_backend (main.py:216): Detection flush error: Detection.__init__() missing 1 required positional argument: 'id'
2026-09-22 11:40:29 [ERROR   ] sdr_monitor.web_backend (main.py:216): Detection flush error: Detection.__init__() missing 1 required positional argument: 'id'
2026-09-22 11:40:30 [ERROR   ] sdr_monitor.web_backend (main.py:216): Detection flush error: Detection.__init__() missing 1 required positional argument: 'id'
2026-09-22 11:40:30 [ERROR   ] sdr_monitor.web_backend (main.py:216): Detection flush error: Detection.__init__() missing 1 required positional argument: 'id'
2026-09-22 11:40:31 [ERROR   ] sdr_monitor.web_backend (main.py:216): Detection flush error: Detection.__init__() missing 1 required positional argument: 'id'
2026-09-22 11:40:31 [ERROR   ] sdr_monitor.web_backend (main.py:216): Detection flush error: Detection.__init__() missing 1 required positional argument: 'id'
2026-09-22 11:40:32 [ERROR   ] sdr_monitor.web_backend (main.py:216): Detection flush error: Detection.__init__() missing 1 required positional argument: 'id'
2026-09-22 11:40:32 [ERROR   ] sdr_monitor.web_backend (main.py:216): Detection flush error: Detection.__init__() missing 1 required positional argument: 'id'
2026-09-22 11:40:33 [ERROR   ] sdr_monitor.web_backend (main.py:216): Detection flush error: Detection.__init__() missing 1 required positional argument: 'id'
2026-09-22 11:40:33 [ERROR   ] sdr_monitor.web_backend (main.py:216): Detection flush error: Detection.__init__() missing 1 required positional argument: 'id'
2026-09-22 11:40:34 [ERROR   ] sdr_monitor.web_backend (main.py:216): Detection flush error: Detection.__init__() missing 1 required positional argument: 'id'
2026-09-22 11:40:35 [ERROR   ] sdr_monitor.web_backend (main.py:216): Detection flush error: Detection.__init__() missing 1 required positional argument: 'id'
2026-09-22 11:40:35 [ERROR   ] sdr_monitor.web_backend (main.py:216): Detection flush error: Detection.__init__() missing 1 required positional argument: 'id'
2026-09-22 11:40:36 [ERROR   ] sdr_monitor.web_backend (main.py:216): Detection flush error: Detection.__init__() missing 1 required positional argument: 'id'
2026-09-22 11:40:36 [ERROR   ] sdr_monitor.web_backend (main.py:216): Detection flush error: Detection.__init__() missing 1 required positional argument: 'id'
2026-09-22 11:40:37 [ERROR   ] sdr_monitor.web_backend (main.py:216): Detection flush error: Detection.__init__() missing 1 required positional argument: 'id'
2026-09-22 11:40:37 [ERROR   ] sdr_monitor.web_backend (main.py:216): Detection flush error: Detection.__init__() missing 1 required positional argument: 'id'
2026-09-22 11:40:38 [ERROR   ] sdr_monitor.web_backend (main.py:216): Detection flush error: Detection.__init__() missing 1 required positional argument: 'id'
2026-09-22 11:40:38 [ERROR   ] sdr_monitor.web_backend (main.py:216): Detection flush error: Detection.__init__() missing 1 required positional argument: 'id'
2026-09-22 11:40:39 [ERROR   ] sdr_monitor.web_backend (main.py:216): Detection flush error: Detection.__init__() missing 1 required positional argument: 'id'
2026-09-22 11:40:39 [INFO    ] sdr_monitor.web_backend (main.py:269): Shutting down Web-SDR Application...
2026-09-22 11:40:52 [INFO    ] sdr_monitor (logger.py:65): Logger initialized  ->  logs\sdr_monitor_20260922.log
2026-09-22 11:40:52 [DEBUG   ] sdr_monitor.signal_processor (signal_processor.py:85): SignalProcessor  fft=1024  window=hann  avg=3
2026-09-22 11:40:52 [INFO    ] sdr_monitor.db_manager (db_manager.py:29): Database initialized at: data/sdr_monitor.db
2026-09-22 11:40:52 [INFO    ] sdr_monitor.schedule_manager (schedule_manager.py:103): Successfully loaded 9442 schedule records from database/sked-a26.csv
2026-09-22 11:40:52 [INFO    ] sdr_monitor.audio_demodulator (audio_demodulator.py:56): AudioDemodulator init: [Native C++ DLL (AVX2/FMA)], target=48000 Hz, baseband=200000 Hz, chunk=50 ms
2026-09-22 11:40:53 [INFO    ] sdr_monitor.db_manager (db_manager.py:132): Session created: B596DC65 [simulation]
2026-09-22 11:40:53 [INFO    ] sdr_monitor.web_backend (main.py:261): Web-SDR Application Started. Session: B596DC65
2026-09-22 11:40:53 [INFO    ] sdr_monitor.web_backend (main.py:262): SDR++ audio bridge started on UDP 127.0.0.1:7355
2026-09-22 11:40:53 [INFO    ] sdr_monitor.sdr_engine (sdr_engine.py:224): HackRF One detected and configured.
2026-09-22 11:40:53 [INFO    ] sdr_monitor.sdr_engine (sdr_engine.py:465): SDREngine initialized in hardware mode.
2026-09-22 11:40:54 [INFO    ] sdr_monitor.db_manager (db_manager.py:132): Session created: BB679B1A [hardware]
2026-09-22 11:40:54 [INFO    ] sdr_monitor.web_backend (main.py:235): SDR started in [HARDWARE] mode. Session: BB679B1A
2026-09-22 11:40:54 [INFO    ] sdr_monitor.web_backend (main.py:266): Web-SDR Application Started. Session: BB679B1A
2026-09-22 11:41:26 [DEBUG   ] sdr_monitor.web_backend (main.py:215): Flushed 176 detections to database.
2026-09-22 11:42:15 [INFO    ] sdr_monitor.web_backend (main.py:270): Shutting down Web-SDR Application...
2026-09-22 11:42:21 [INFO    ] sdr_monitor (logger.py:65): Logger initialized  ->  logs\sdr_monitor_20260922.log
2026-09-22 11:42:21 [DEBUG   ] sdr_monitor.signal_processor (signal_processor.py:85): SignalProcessor  fft=1024  window=hann  avg=3
2026-09-22 11:42:22 [INFO    ] sdr_monitor.db_manager (db_manager.py:29): Database initialized at: data/sdr_monitor.db
2026-09-22 11:42:22 [INFO    ] sdr_monitor.schedule_manager (schedule_manager.py:103): Successfully loaded 9442 schedule records from database/sked-a26.csv
2026-09-22 11:42:22 [INFO    ] sdr_monitor.audio_demodulator (audio_demodulator.py:56): AudioDemodulator init: [Native C++ DLL (AVX2/FMA)], target=48000 Hz, baseband=200000 Hz, chunk=50 ms
2026-09-22 11:42:22 [INFO    ] sdr_monitor.db_manager (db_manager.py:132): Session created: 4B6C1974 [simulation]
2026-09-22 11:42:22 [INFO    ] sdr_monitor.web_backend (main.py:261): Web-SDR Application Started. Session: 4B6C1974
2026-09-22 11:42:22 [INFO    ] sdr_monitor.web_backend (main.py:262): SDR++ audio bridge started on UDP 127.0.0.1:7355
2026-09-22 11:42:23 [INFO    ] sdr_monitor.sdr_engine (sdr_engine.py:224): HackRF One detected and configured.
2026-09-22 11:42:23 [INFO    ] sdr_monitor.sdr_engine (sdr_engine.py:465): SDREngine initialized in hardware mode.
2026-09-22 11:42:23 [INFO    ] sdr_monitor.db_manager (db_manager.py:132): Session created: B1CFE7E0 [hardware]
2026-09-22 11:42:23 [INFO    ] sdr_monitor.web_backend (main.py:235): SDR started in [HARDWARE] mode. Session: B1CFE7E0
2026-09-22 11:42:23 [INFO    ] sdr_monitor.web_backend (main.py:266): Web-SDR Application Started. Session: B1CFE7E0
2026-09-22 11:42:49 [DEBUG   ] sdr_monitor.web_backend (main.py:215): Flushed 165 detections to database.
2026-09-22 11:52:33 [INFO    ] sdr_monitor.web_backend (main.py:656): Audio WebSocket client connected.
2026-09-22 11:52:33 [DEBUG   ] sdr_monitor.audio_demodulator (audio_demodulator.py:127): AudioDemodulator: filter states reset
2026-09-22 11:52:33 [INFO    ] sdr_monitor.web_backend (main.py:711): Audio streaming started for 87.7 MHz in FM mode
2026-09-22 11:52:41 [DEBUG   ] sdr_monitor.audio_demodulator (audio_demodulator.py:135): AudioDemodulator: flushed 2208 samples
2026-09-22 11:52:41 [INFO    ] sdr_monitor.web_backend (main.py:725): Audio streaming stopped.
2026-09-22 11:52:41 [INFO    ] sdr_monitor.web_backend (main.py:727): Audio WebSocket client disconnected.
2026-09-22 11:53:03 [INFO    ] sdr_monitor.web_backend (main.py:656): Audio WebSocket client connected.
2026-09-22 11:53:03 [DEBUG   ] sdr_monitor.audio_demodulator (audio_demodulator.py:127): AudioDemodulator: filter states reset
2026-09-22 11:53:03 [INFO    ] sdr_monitor.web_backend (main.py:711): Audio streaming started for 90.2 MHz in FM mode
2026-09-22 11:53:18 [DEBUG   ] sdr_monitor.audio_demodulator (audio_demodulator.py:135): AudioDemodulator: flushed 1536 samples
2026-09-22 11:53:18 [INFO    ] sdr_monitor.web_backend (main.py:725): Audio streaming stopped.
2026-09-22 11:53:18 [INFO    ] sdr_monitor.web_backend (main.py:727): Audio WebSocket client disconnected.
2026-09-22 11:53:18 [ERROR   ] sdr_monitor.web_backend (main.py:697): Audio send task error: 
Traceback (most recent call last):
  File "D:\miniconda\envs\sdr_env\lib\site-packages\uvicorn\protocols\websockets\websockets_sansio_impl.py", line 438, in send
    self.conn.send_binary(bytes_data)
  File "D:\miniconda\envs\sdr_env\lib\site-packages\websockets\protocol.py", line 360, in send_binary
    raise InvalidState(f"connection is {self.state.name.lower()}")
websockets.exceptions.InvalidState: connection is closing

During handling of the above exception, another exception occurred:

Traceback (most recent call last):
  File "D:\miniconda\envs\sdr_env\lib\site-packages\starlette\websockets.py", line 86, in send
    await self._send(message)
  File "D:\miniconda\envs\sdr_env\lib\site-packages\starlette\_exception_handler.py", line 39, in sender
    await send(message)
  File "D:\miniconda\envs\sdr_env\lib\site-packages\uvicorn\protocols\websockets\websockets_sansio_impl.py", line 459, in send
    raise ClientDisconnected()
uvicorn.protocols.utils.ClientDisconnected

During handling of the above exception, another exception occurred:

Traceback (most recent call last):
  File "D:\JEAN FILE\Magang\Web-SDR\main.py", line 684, in send_audio
    await websocket.send_bytes(data)
  File "D:\miniconda\envs\sdr_env\lib\site-packages\starlette\websockets.py", line 169, in send_bytes
    await self.send({"type": "websocket.send", "bytes": data})
  File "D:\miniconda\envs\sdr_env\lib\site-packages\starlette\websockets.py", line 89, in send
    raise WebSocketDisconnect(code=1006)
starlette.websockets.WebSocketDisconnect
2026-09-22 12:23:43 [DEBUG   ] sdr_monitor.web_backend (main.py:215): Flushed 13645 detections to database.
2026-09-22 12:54:01 [INFO    ] sdr_monitor.web_backend (main.py:656): Audio WebSocket client connected.
2026-09-22 12:54:01 [DEBUG   ] sdr_monitor.audio_demodulator (audio_demodulator.py:127): AudioDemodulator: filter states reset
2026-09-22 12:54:01 [INFO    ] sdr_monitor.web_backend (main.py:711): Audio streaming started for 90.2 MHz in FM mode
2026-09-22 12:54:12 [DEBUG   ] sdr_monitor.web_backend (main.py:690): Audio WebSocket: sent 100 chunks, queue: 0, stats: {'native_cpp': True, 'target_rate': 48000, 'baseband_rate': 200000.0, 'buffer_samples': 0}
2026-09-22 12:54:14 [DEBUG   ] sdr_monitor.audio_demodulator (audio_demodulator.py:135): AudioDemodulator: flushed 672 samples
2026-09-22 12:54:14 [INFO    ] sdr_monitor.web_backend (main.py:725): Audio streaming stopped.
2026-09-22 12:54:14 [INFO    ] sdr_monitor.web_backend (main.py:727): Audio WebSocket client disconnected.
2026-09-22 12:54:30 [INFO    ] sdr_monitor.web_backend (main.py:656): Audio WebSocket client connected.
2026-09-22 12:54:30 [DEBUG   ] sdr_monitor.audio_demodulator (audio_demodulator.py:127): AudioDemodulator: filter states reset
2026-09-22 12:54:30 [INFO    ] sdr_monitor.web_backend (main.py:711): Audio streaming started for 90.2 MHz in FM mode
2026-09-22 12:54:41 [DEBUG   ] sdr_monitor.web_backend (main.py:690): Audio WebSocket: sent 100 chunks, queue: 0, stats: {'native_cpp': True, 'target_rate': 48000, 'baseband_rate': 200000.0, 'buffer_samples': 0}
2026-09-22 12:54:45 [DEBUG   ] sdr_monitor.audio_demodulator (audio_demodulator.py:135): AudioDemodulator: flushed 2112 samples
2026-09-22 12:54:45 [INFO    ] sdr_monitor.web_backend (main.py:725): Audio streaming stopped.
2026-09-22 12:54:45 [INFO    ] sdr_monitor.web_backend (main.py:727): Audio WebSocket client disconnected.
2026-09-22 12:54:53 [INFO    ] sdr_monitor.web_backend (main.py:656): Audio WebSocket client connected.
2026-09-22 12:54:53 [DEBUG   ] sdr_monitor.audio_demodulator (audio_demodulator.py:127): AudioDemodulator: filter states reset
2026-09-22 12:54:53 [INFO    ] sdr_monitor.web_backend (main.py:711): Audio streaming started for 87.7 MHz in FM mode
2026-09-22 12:55:04 [DEBUG   ] sdr_monitor.web_backend (main.py:690): Audio WebSocket: sent 100 chunks, queue: 0, stats: {'native_cpp': True, 'target_rate': 48000, 'baseband_rate': 200000.0, 'buffer_samples': 0}
2026-09-22 12:55:08 [DEBUG   ] sdr_monitor.audio_demodulator (audio_demodulator.py:135): AudioDemodulator: flushed 1824 samples
2026-09-22 12:55:08 [INFO    ] sdr_monitor.web_backend (main.py:725): Audio streaming stopped.
2026-09-22 12:55:08 [INFO    ] sdr_monitor.web_backend (main.py:727): Audio WebSocket client disconnected.
2026-09-22 12:55:09 [INFO    ] sdr_monitor.web_backend (main.py:656): Audio WebSocket client connected.
2026-09-22 12:55:09 [DEBUG   ] sdr_monitor.audio_demodulator (audio_demodulator.py:127): AudioDemodulator: filter states reset
2026-09-22 12:55:09 [INFO    ] sdr_monitor.web_backend (main.py:711): Audio streaming started for 87.7 MHz in FM mode
2026-09-22 12:55:19 [DEBUG   ] sdr_monitor.audio_demodulator (audio_demodulator.py:135): AudioDemodulator: flushed 192 samples
2026-09-22 12:55:19 [INFO    ] sdr_monitor.web_backend (main.py:725): Audio streaming stopped.
2026-09-22 12:55:19 [INFO    ] sdr_monitor.web_backend (main.py:727): Audio WebSocket client disconnected.
2026-09-22 12:55:20 [INFO    ] sdr_monitor.web_backend (main.py:656): Audio WebSocket client connected.
2026-09-22 12:55:20 [DEBUG   ] sdr_monitor.audio_demodulator (audio_demodulator.py:127): AudioDemodulator: filter states reset
2026-09-22 12:55:20 [INFO    ] sdr_monitor.web_backend (main.py:711): Audio streaming started for 87.7 MHz in FM mode
2026-09-22 12:55:31 [DEBUG   ] sdr_monitor.web_backend (main.py:690): Audio WebSocket: sent 100 chunks, queue: 0, stats: {'native_cpp': True, 'target_rate': 48000, 'baseband_rate': 200000.0, 'buffer_samples': 0}
2026-09-22 12:55:34 [DEBUG   ] sdr_monitor.audio_demodulator (audio_demodulator.py:135): AudioDemodulator: flushed 96 samples
2026-09-22 12:55:34 [INFO    ] sdr_monitor.web_backend (main.py:725): Audio streaming stopped.
2026-09-22 12:55:34 [INFO    ] sdr_monitor.web_backend (main.py:727): Audio WebSocket client disconnected.
2026-09-22 12:55:34 [INFO    ] sdr_monitor.web_backend (main.py:656): Audio WebSocket client connected.
2026-09-22 12:55:34 [DEBUG   ] sdr_monitor.audio_demodulator (audio_demodulator.py:127): AudioDemodulator: filter states reset
2026-09-22 12:55:35 [INFO    ] sdr_monitor.web_backend (main.py:711): Audio streaming started for 87.7 MHz in FM mode
2026-09-22 12:55:37 [DEBUG   ] sdr_monitor.audio_demodulator (audio_demodulator.py:135): AudioDemodulator: flushed 1728 samples
2026-09-22 12:55:37 [INFO    ] sdr_monitor.web_backend (main.py:725): Audio streaming stopped.
2026-09-22 12:55:37 [INFO    ] sdr_monitor.web_backend (main.py:727): Audio WebSocket client disconnected.
2026-09-22 12:55:51 [INFO    ] sdr_monitor.web_backend (main.py:647): Client disconnected from WebSocket.
2026-09-22 12:55:51 [INFO    ] sdr_monitor.web_backend (main.py:270): Shutting down Web-SDR Application...
